method,rank,query_track_id,query_artist,query_song,query_genre,match_track_id,match_artist,match_song,match_genre,score
raw dot product,1,TRVYEUW128F148C08D,Michael Jackson,All The Things You Are,blues,TRFUJVJ128F426F2A2,Lauryn Hill,Interlude 5,r&b/soul,3570.0
raw dot product,2,TRVYEUW128F148C08D,Michael Jackson,All The Things You Are,blues,TRWSYHO128F4282346,Twista,I'm A Winner (Amended Album Version),hip hop,2865.0
raw dot product,3,TRVYEUW128F148C08D,Michael Jackson,All The Things You Are,blues,TRVDAHO128F92F231E,Katy Perry,Hot N Cold (Innerpartysystem Main),electronic,2436.0
raw dot product,1,TRCXKPC128F92FD04C,John Mayer,Vultures,blues,TRDPGXU128F9339C2A,Beastie Boys,B-Boy Bouillabaisse: A.W.O.L. (2009 Digital Remaster),hip hop,3132.0
raw dot product,2,TRCXKPC128F92FD04C,John Mayer,Vultures,blues,TRFUJVJ128F426F2A2,Lauryn Hill,Interlude 5,r&b/soul,3012.0
raw dot product,3,TRCXKPC128F92FD04C,John Mayer,Vultures,blues,TROIJDA128F9341E70,R. Kelly,I Mean (I Don't Mean It),r&b/soul,2988.0
raw dot product,1,TRMMALW128F92FD049,John Mayer,Out Of My Mind,blues,TRFUJVJ128F426F2A2,Lauryn Hill,Interlude 5,r&b/soul,4597.0
raw dot product,2,TRMMALW128F92FD049,John Mayer,Out Of My Mind,blues,TRDPGXU128F9339C2A,Beastie Boys,B-Boy Bouillabaisse: A.W.O.L. (2009 Digital Remaster),hip hop,3722.0
raw dot product,3,TRMMALW128F92FD049,John Mayer,Out Of My Mind,blues,TRWSYHO128F4282346,Twista,I'm A Winner (Amended Album Version),hip hop,3671.0
raw dot product,1,TRJWAJC128F9327C4F,R. Kelly,Hump Bounce,blues,TRFUJVJ128F426F2A2,Lauryn Hill,Interlude 5,r&b/soul,5557.0
raw dot product,2,TRJWAJC128F9327C4F,R. Kelly,Hump Bounce,blues,TRDPGXU128F9339C2A,Beastie Boys,B-Boy Bouillabaisse: A.W.O.L. (2009 Digital Remaster),hip hop,4567.0
raw dot product,3,TRJWAJC128F9327C4F,R. Kelly,Hump Bounce,blues,TREBGAA128E078FC52,Erykah Badu,I Want You,r&b/soul,4088.0
raw dot product,1,TRPEBTH128F9327C4D,R. Kelly,Intro - The Sermon,blues,TRFUJVJ128F426F2A2,Lauryn Hill,Interlude 5,r&b/soul,6673.0
raw dot product,2,TRPEBTH128F9327C4D,R. Kelly,Intro - The Sermon,blues,TRDPGXU128F9339C2A,Beastie Boys,B-Boy Bouillabaisse: A.W.O.L. (2009 Digital Remaster),hip hop,5569.0
raw dot product,3,TRPEBTH128F9327C4D,R. Kelly,Intro - The Sermon,blues,TRWSYHO128F4282346,Twista,I'm A Winner (Amended Album Version),hip hop,5237.0
raw dot product,1,TRNWHUD128F932E304,Michael Jackson,Call On Me,blues,TRFUJVJ128F426F2A2,Lauryn Hill,Interlude 5,r&b/soul,8789.0
raw dot product,2,TRNWHUD128F932E304,Michael Jackson,Call On Me,blues,TRWSYHO128F4282346,Twista,I'm A Winner (Amended Album Version),hip hop,7434.0
raw dot product,3,TRNWHUD128F932E304,Michael Jackson,Call On Me,blues,TRDPGXU128F9339C2A,Beastie Boys,B-Boy Bouillabaisse: A.W.O.L. (2009 Digital Remaster),hip hop,7016.0
raw dot product,1,TRFGGSX128F427A723,The Black Keys,Oceans and Streams,blues,TRFUJVJ128F426F2A2,Lauryn Hill,Interlude 5,r&b/soul,2328.0
raw dot product,2,TRFGGSX128F427A723,The Black Keys,Oceans and Streams,blues,TRDPGXU128F9339C2A,Beastie Boys,B-Boy Bouillabaisse: A.W.O.L. (2009 Digital Remaster),hip hop,2215.0
raw dot product,3,TRFGGSX128F427A723,The Black Keys,Oceans and Streams,blues,TRCHZXW128E079288A,Eminem,8 Mile,hip hop,1918.0
raw dot product,1,TRPTCMZ128F9340B09,The Black Keys,10 A.M. Automatic,blues,TRFUJVJ128F426F2A2,Lauryn Hill,Interlude 5,r&b/soul,1913.0
raw dot product,2,TRPTCMZ128F9340B09,The Black Keys,10 A.M. Automatic,blues,TRWSYHO128F4282346,Twista,I'm A Winner (Amended Album Version),hip hop,1790.0
raw dot product,3,TRPTCMZ128F9340B09,The Black Keys,10 A.M. Automatic,blues,TRQAWKR128F425EEC3,Michael Jackson,Man In The Mirror,pop,1585.0
raw dot product,1,TRVKLGW12903CB4523,The Black Keys,Aeroplane Blues,blues,TRFUJVJ128F426F2A2,Lauryn Hill,Interlude 5,r&b/soul,1486.0
raw dot product,2,TRVKLGW12903CB4523,The Black Keys,Aeroplane Blues,blues,TRDPGXU128F9339C2A,Beastie Boys,B-Boy Bouillabaisse: A.W.O.L. (2009 Digital Remaster),hip hop,1480.0
raw dot product,3,TRVKLGW12903CB4523,The Black Keys,Aeroplane Blues,blues,TROIJDA128F9341E70,R. Kelly,I Mean (I Don't Mean It),r&b/soul,1471.0
raw dot product,1,TRFBNZN128F9340B0E,The Black Keys,All Hands Against His Own,blues,TRFUJVJ128F426F2A2,Lauryn Hill,Interlude 5,r&b/soul,2681.0
raw dot product,2,TRFBNZN128F9340B0E,The Black Keys,All Hands Against His Own,blues,TRWSYHO128F4282346,Twista,I'm A Winner (Amended Album Version),hip hop,1936.0
raw dot product,3,TRFBNZN128F9340B0E,The Black Keys,All Hands Against His Own,blues,TRQAWKR128F425EEC3,Michael Jackson,Man In The Mirror,pop,1542.0
raw dot product,1,TRBYDKJ12903CA9D33,The Black Keys,Black Door,blues,TRVJCDB128F4263466,Kandi,I Wanna Know,r&b/soul,1868.0
raw dot product,2,TRBYDKJ12903CA9D33,The Black Keys,Black Door,blues,TRFUJVJ128F426F2A2,Lauryn Hill,Interlude 5,r&b/soul,1536.0
raw dot product,3,TRBYDKJ12903CA9D33,The Black Keys,Black Door,blues,TRKLJAG128F42B31CF,Mario Vazquez,Everytime I...,r&b/soul,1227.0
raw dot product,1,TRWJKJK128F9338FEF,The Black Keys,Busted,blues,TRFUJVJ128F426F2A2,Lauryn Hill,Interlude 5,r&b/soul,8737.0
raw dot product,2,TRWJKJK128F9338FEF,The Black Keys,Busted,blues,TRWSYHO128F4282346,Twista,I'm A Winner (Amended Album Version),hip hop,8094.0
raw dot product,3,TRWJKJK128F9338FEF,The Black Keys,Busted,blues,TREBGAA128E078FC52,Erykah Badu,I Want You,r&b/soul,6661.0
raw dot product,1,TRUULBP12903CA9D23,The Black Keys,Give Your Heart Away,blues,TRFUJVJ128F426F2A2,Lauryn Hill,Interlude 5,r&b/soul,1215.0
raw dot product,2,TRUULBP12903CA9D23,The Black Keys,Give Your Heart Away,blues,TRQAWKR128F425EEC3,Michael Jackson,Man In The Mirror,pop,1196.0
raw dot product,3,TRUULBP12903CA9D23,The Black Keys,Give Your Heart Away,blues,TRDPGXU128F9339C2A,Beastie Boys,B-Boy Bouillabaisse: A.W.O.L. (2009 Digital Remaster),hip hop,1055.0
raw dot product,1,TRYYJHJ128F9340B19,The Black Keys,Grown So Ugly,blues,TRFUJVJ128F426F2A2,Lauryn Hill,Interlude 5,r&b/soul,1853.0
raw dot product,2,TRYYJHJ128F9340B19,The Black Keys,Grown So Ugly,blues,TRDPGXU128F9339C2A,Beastie Boys,B-Boy Bouillabaisse: A.W.O.L. (2009 Digital Remaster),hip hop,1496.0
raw dot product,3,TRYYJHJ128F9340B19,The Black Keys,Grown So Ugly,blues,TRGLNKG128F9307689,Eminem,My Darling,hip hop,1283.0
raw dot product,1,TRHHJCL12903CB44B7,The Black Keys,Hard Row,blues,TRFUJVJ128F426F2A2,Lauryn Hill,Interlude 5,r&b/soul,2371.0
raw dot product,2,TRHHJCL12903CB44B7,The Black Keys,Hard Row,blues,TRWSYHO128F4282346,Twista,I'm A Winner (Amended Album Version),hip hop,2137.0
raw dot product,3,TRHHJCL12903CB44B7,The Black Keys,Hard Row,blues,TRQAWKR128F425EEC3,Michael Jackson,Man In The Mirror,pop,1713.0
raw dot product,1,TRWZXDS128F427A71B,The Black Keys,I Got Mine,blues,TRKLJAG128F42B31CF,Mario Vazquez,Everytime I...,r&b/soul,2429.0
raw dot product,2,TRWZXDS128F427A71B,The Black Keys,I Got Mine,blues,TRCHZXW128E079288A,Eminem,8 Mile,hip hop,2295.0
raw dot product,3,TRWZXDS128F427A71B,The Black Keys,I Got Mine,blues,TREBGAA128E078FC52,Erykah Badu,I Want You,r&b/soul,2292.0
raw dot product,1,TRZDLWE12903CB44DE,The Black Keys,If You See Me,blues,TRWSYHO128F4282346,Twista,I'm A Winner (Amended Album Version),hip hop,2415.0
raw dot product,2,TRZDLWE12903CB44DE,The Black Keys,If You See Me,blues,TRFUJVJ128F426F2A2,Lauryn Hill,Interlude 5,r&b/soul,2268.0
raw dot product,3,TRZDLWE12903CB44DE,The Black Keys,If You See Me,blues,TREBGAA128E078FC52,Erykah Badu,I Want You,r&b/soul,2044.0
raw dot product,1,TRNZQVO128F427A71E,The Black Keys,Lies,blues,TRFUJVJ128F426F2A2,Lauryn Hill,Interlude 5,r&b/soul,1825.0
raw dot product,2,TRNZQVO128F427A71E,The Black Keys,Lies,blues,TRDPGXU128F9339C2A,Beastie Boys,B-Boy Bouillabaisse: A.W.O.L. (2009 Digital Remaster),hip hop,1532.0
raw dot product,3,TRNZQVO128F427A71E,The Black Keys,Lies,blues,TRWSYHO128F4282346,Twista,I'm A Winner (Amended Album Version),hip hop,1506.0
raw dot product,1,TRAECHJ12903CC36DA,The Black Keys,Next Girl,blues,TRDPGXU128F9339C2A,Beastie Boys,B-Boy Bouillabaisse: A.W.O.L. (2009 Digital Remaster),hip hop,2459.0
raw dot product,2,TRAECHJ12903CC36DA,The Black Keys,Next Girl,blues,TRPBLTG128F933924A,Calvin Harris,The Girls,electronic,2248.0
raw dot product,3,TRAECHJ12903CC36DA,The Black Keys,Next Girl,blues,TRCHZXW128E079288A,Eminem,8 Mile,hip hop,2121.0
raw dot product,1,TRRVSIN128F9338FD5,The Black Keys,No Fun,blues,TRFFSMS128F428BC88,Enrique Iglesias,Miss You,latin,1584.0
raw dot product,2,TRRVSIN128F9338FD5,The Black Keys,No Fun,blues,TRLUGVB128F428E704,Tracey Ullman,Breakaway,pop,1418.0
raw dot product,3,TRRVSIN128F9338FD5,The Black Keys,No Fun,blues,TRYAWRN128F42792CB,Janis Joplin,Kozmic Blues,blues,1222.0
raw dot product,1,TRYMMVG128F9340B1B,The Black Keys,Stack Shot Billy,blues,TRFUJVJ128F426F2A2,Lauryn Hill,Interlude 5,r&b/soul,655.0
raw dot product,2,TRYMMVG128F9340B1B,The Black Keys,Stack Shot Billy,blues,TRDPGXU128F9339C2A,Beastie Boys,B-Boy Bouillabaisse: A.W.O.L. (2009 Digital Remaster),hip hop,542.0
raw dot product,3,TRYMMVG128F9340B1B,The Black Keys,Stack Shot Billy,blues,TRFLWJZ128F425C9E4,The Pharcyde,Otha Fish,hip hop,529.0
raw dot product,1,TRKSEEY12903CCD312,The Black Keys,Ten Cent Pistol,blues,TRXJTJZ128F4295464,The Corrs,Queen Of Hollywood ( LP Version ),pop,902.0
raw dot product,2,TRKSEEY12903CCD312,The Black Keys,Ten Cent Pistol,blues,TRYCBLK12903CE6A0E,Twiztid,She Ain't Afraid,hip hop,889.0
raw dot product,3,TRKSEEY12903CCD312,The Black Keys,Ten Cent Pistol,blues,TRFUJVJ128F426F2A2,Lauryn Hill,Interlude 5,r&b/soul,799.0
raw dot product,1,TRFOGQC12903CA9D2E,The Black Keys,The Flame,blues,TRFUJVJ128F426F2A2,Lauryn Hill,Interlude 5,r&b/soul,2219.0
raw dot product,2,TRFOGQC12903CA9D2E,The Black Keys,The Flame,blues,TRWSYHO128F4282346,Twista,I'm A Winner (Amended Album Version),hip hop,1494.0
raw dot product,3,TRFOGQC12903CA9D2E,The Black Keys,The Flame,blues,TRGLNKG128F9307689,Eminem,My Darling,hip hop,1236.0
raw dot product,1,TREVCQU12903CCD318,The Black Keys,These Days,blues,TRFUJVJ128F426F2A2,Lauryn Hill,Interlude 5,r&b/soul,2558.0
raw dot product,2,TREVCQU12903CCD318,The Black Keys,These Days,blues,TRDPGXU128F9339C2A,Beastie Boys,B-Boy Bouillabaisse: A.W.O.L. (2009 Digital Remaster),hip hop,2148.0
raw dot product,3,TREVCQU12903CCD318,The Black Keys,These Days,blues,TREBGAA128E078FC52,Erykah Badu,I Want You,r&b/soul,1884.0
raw dot product,1,TRFLJNE12903CB44F1,The Black Keys,When The Lights Go Out,blues,TRFUJVJ128F426F2A2,Lauryn Hill,Interlude 5,r&b/soul,2209.0
raw dot product,2,TRFLJNE12903CB44F1,The Black Keys,When The Lights Go Out,blues,TRWSYHO128F4282346,Twista,I'm A Winner (Amended Album Version),hip hop,1781.0
raw dot product,3,TRFLJNE12903CB44F1,The Black Keys,When The Lights Go Out,blues,TREBGAA128E078FC52,Erykah Badu,I Want You,r&b/soul,1457.0
raw dot product,1,TRQNNKX12903CB44CA,The Black Keys,Have Love Will Travel,blues,TREBGAA128E078FC52,Erykah Badu,I Want You,r&b/soul,2215.0
raw dot product,2,TRQNNKX12903CB44CA,The Black Keys,Have Love Will Travel,blues,TRFUJVJ128F426F2A2,Lauryn Hill,Interlude 5,r&b/soul,2205.0
raw dot product,3,TRQNNKX12903CB44CA,The Black Keys,Have Love Will Travel,blues,TRWSYHO128F4282346,Twista,I'm A Winner (Amended Album Version),hip hop,2108.0
raw dot product,1,TRKNKGC128F42A746A,Ray Charles,C.C. Rider,blues,TRFUJVJ128F426F2A2,Lauryn Hill,Interlude 5,r&b/soul,7547.0
raw dot product,2,TRKNKGC128F42A746A,Ray Charles,C.C. Rider,blues,TRWSYHO128F4282346,Twista,I'm A Winner (Amended Album Version),hip hop,6158.0
raw dot product,3,TRKNKGC128F42A746A,Ray Charles,C.C. Rider,blues,TRGLNKG128F9307689,Eminem,My Darling,hip hop,5473.0
raw dot product,1,TRWEHQE128F935A2D6,Ray Charles,I Got a Woman,blues,TRDPGXU128F9339C2A,Beastie Boys,B-Boy Bouillabaisse: A.W.O.L. (2009 Digital Remaster),hip hop,2251.0
raw dot product,2,TRWEHQE128F935A2D6,Ray Charles,I Got a Woman,blues,TRFUJVJ128F426F2A2,Lauryn Hill,Interlude 5,r&b/soul,2160.0
raw dot product,3,TRWEHQE128F935A2D6,Ray Charles,I Got a Woman,blues,TRYCBLK12903CE6A0E,Twiztid,She Ain't Afraid,hip hop,2066.0
raw dot product,1,TRPMJOK128F92F317A,Ray Charles,The Sun's Gonna Shine Again,blues,TRFUJVJ128F426F2A2,Lauryn Hill,Interlude 5,r&b/soul,2103.0
raw dot product,2,TRPMJOK128F92F317A,Ray Charles,The Sun's Gonna Shine Again,blues,TRDPGXU128F9339C2A,Beastie Boys,B-Boy Bouillabaisse: A.W.O.L. (2009 Digital Remaster),hip hop,1440.0
raw dot product,3,TRPMJOK128F92F317A,Ray Charles,The Sun's Gonna Shine Again,blues,TRWSYHO128F4282346,Twista,I'm A Winner (Amended Album Version),hip hop,1435.0
raw dot product,1,TRGXECP12903CDDC43,Ray Charles,Losing Hand,blues,TRFUJVJ128F426F2A2,Lauryn Hill,Interlude 5,r&b/soul,3227.0
raw dot product,2,TRGXECP12903CDDC43,Ray Charles,Losing Hand,blues,TRWSYHO128F4282346,Twista,I'm A Winner (Amended Album Version),hip hop,2963.0
raw dot product,3,TRGXECP12903CDDC43,Ray Charles,Losing Hand,blues,TREBGAA128E078FC52,Erykah Badu,I Want You,r&b/soul,2841.0
raw dot product,1,TREQYGT128E07859FA,Blake Shelton,Nobody But Me (Album Version),blues,TRFUJVJ128F426F2A2,Lauryn Hill,Interlude 5,r&b/soul,4601.0
raw dot product,2,TREQYGT128E07859FA,Blake Shelton,Nobody But Me (Album Version),blues,TRWSYHO128F4282346,Twista,I'm A Winner (Amended Album Version),hip hop,3701.0
raw dot product,3,TREQYGT128E07859FA,Blake Shelton,Nobody But Me (Album Version),blues,TREBGAA128E078FC52,Erykah Badu,I Want You,r&b/soul,3608.0
raw dot product,1,TROFEVE12903CD8AAA,Etta James,A Sunday Kind of Love,blues,TRFUJVJ128F426F2A2,Lauryn Hill,Interlude 5,r&b/soul,2268.0
raw dot product,2,TROFEVE12903CD8AAA,Etta James,A Sunday Kind of Love,blues,TRDPGXU128F9339C2A,Beastie Boys,B-Boy Bouillabaisse: A.W.O.L. (2009 Digital Remaster),hip hop,2092.0
raw dot product,3,TROFEVE12903CD8AAA,Etta James,A Sunday Kind of Love,blues,TRCHZXW128E079288A,Eminem,8 Mile,hip hop,1772.0
raw dot product,1,TRCFPJF128F428A872,Etta James,I Just Want To Make Love To You,blues,TRFUJVJ128F426F2A2,Lauryn Hill,Interlude 5,r&b/soul,7889.0
raw dot product,2,TRCFPJF128F428A872,Etta James,I Just Want To Make Love To You,blues,TRWSYHO128F4282346,Twista,I'm A Winner (Amended Album Version),hip hop,7104.0
raw dot product,3,TRCFPJF128F428A872,Etta James,I Just Want To Make Love To You,blues,TREBGAA128E078FC52,Erykah Badu,I Want You,r&b/soul,6291.0
raw dot product,1,TRBFTHL128C7196B42,Etta James,My Dearest Darling,blues,TRFUJVJ128F426F2A2,Lauryn Hill,Interlude 5,r&b/soul,1609.0
raw dot product,2,TRBFTHL128C7196B42,Etta James,My Dearest Darling,blues,TRWSYHO128F4282346,Twista,I'm A Winner (Amended Album Version),hip hop,1603.0
raw dot product,3,TRBFTHL128C7196B42,Etta James,My Dearest Darling,blues,TRGLNKG128F9307689,Eminem,My Darling,hip hop,1567.0
raw dot product,1,TRFEGGQ128E07898AA,Etta James,W.O.M.A.N.,blues,TRFUJVJ128F426F2A2,Lauryn Hill,Interlude 5,r&b/soul,2237.0
raw dot product,2,TRFEGGQ128E07898AA,Etta James,W.O.M.A.N.,blues,TREAUAV128EF33FE50,Electrelane,Cut And Run,punk,1879.0
raw dot product,3,TRFEGGQ128E07898AA,Etta James,W.O.M.A.N.,blues,TRWSYHO128F4282346,Twista,I'm A Winner (Amended Album Version),hip hop,1744.0
raw dot product,1,TRDDDDX128E0793212,Eric Clapton,Alberta,blues,TRFUJVJ128F426F2A2,Lauryn Hill,Interlude 5,r&b/soul,1647.0
raw dot product,2,TRDDDDX128E0793212,Eric Clapton,Alberta,blues,TRWSYHO128F4282346,Twista,I'm A Winner (Amended Album Version),hip hop,1532.0
raw dot product,3,TRDDDDX128E0793212,Eric Clapton,Alberta,blues,TRGLNKG128F9307689,Eminem,My Darling,hip hop,1249.0
raw dot product,1,TRWBAGY128F93034BF,Eric Clapton,Before You Accuse Me (Take A Look At Yourself),blues,TRFUJVJ128F426F2A2,Lauryn Hill,Interlude 5,r&b/soul,1431.0
raw dot product,2,TRWBAGY128F93034BF,Eric Clapton,Before You Accuse Me (Take A Look At Yourself),blues,TRGLNKG128F9307689,Eminem,My Darling,hip hop,1312.0
raw dot product,3,TRWBAGY128F93034BF,Eric Clapton,Before You Accuse Me (Take A Look At Yourself),blues,TRDPGXU128F9339C2A,Beastie Boys,B-Boy Bouillabaisse: A.W.O.L. (2009 Digital Remaster),hip hop,1285.0
raw dot product,1,TRLWIBC128E0792E2C,Eric Clapton,Early In The Morning,blues,TRFUJVJ128F426F2A2,Lauryn Hill,Interlude 5,r&b/soul,2719.0
raw dot product,2,TRLWIBC128E0792E2C,Eric Clapton,Early In The Morning,blues,TRDPGXU128F9339C2A,Beastie Boys,B-Boy Bouillabaisse: A.W.O.L. (2009 Digital Remaster),hip hop,2110.0
raw dot product,3,TRLWIBC128E0792E2C,Eric Clapton,Early In The Morning,blues,TRUGLTC128F4227B93,Danity Kane,Hold Me Down (Album Version),r&b/soul,1773.0
raw dot product,1,TRAZQIG128F146372E,Eric Clapton,Floating Bridge,blues,TRFUJVJ128F426F2A2,Lauryn Hill,Interlude 5,r&b/soul,2423.0
raw dot product,2,TRAZQIG128F146372E,Eric Clapton,Floating Bridge,blues,TRDPGXU128F9339C2A,Beastie Boys,B-Boy Bouillabaisse: A.W.O.L. (2009 Digital Remaster),hip hop,2285.0
raw dot product,3,TRAZQIG128F146372E,Eric Clapton,Floating Bridge,blues,TRCHZXW128E079288A,Eminem,8 Mile,hip hop,1863.0
raw dot product,1,TRQUJCP128F4238206,Eric Clapton,Kind Hearted Woman Blues (Album Version),blues,TRFUJVJ128F426F2A2,Lauryn Hill,Interlude 5,r&b/soul,1804.0
raw dot product,2,TRQUJCP128F4238206,Eric Clapton,Kind Hearted Woman Blues (Album Version),blues,TRDPGXU128F9339C2A,Beastie Boys,B-Boy Bouillabaisse: A.W.O.L. (2009 Digital Remaster),hip hop,1711.0
raw dot product,3,TRQUJCP128F4238206,Eric Clapton,Kind Hearted Woman Blues (Album Version),blues,TRWSYHO128F4282346,Twista,I'm A Winner (Amended Album Version),hip hop,1577.0
raw dot product,1,TRIDJMD128E078B984,Michael Bublé,That's All (Album Version),classical,TRFUJVJ128F426F2A2,Lauryn Hill,Interlude 5,r&b/soul,4289.0
raw dot product,2,TRIDJMD128E078B984,Michael Bublé,That's All (Album Version),classical,TRWSYHO128F4282346,Twista,I'm A Winner (Amended Album Version),hip hop,2974.0
raw dot product,3,TRIDJMD128E078B984,Michael Bublé,That's All (Album Version),classical,TRQAWKR128F425EEC3,Michael Jackson,Man In The Mirror,pop,2837.0
raw dot product,1,TRYRCXF128F424183D,Josh Groban,America (Revised Live Version),classical,TRFUJVJ128F426F2A2,Lauryn Hill,Interlude 5,r&b/soul,2325.0
raw dot product,2,TRYRCXF128F424183D,Josh Groban,America (Revised Live Version),classical,TRDPGXU128F9339C2A,Beastie Boys,B-Boy Bouillabaisse: A.W.O.L. (2009 Digital Remaster),hip hop,2240.0
raw dot product,3,TRYRCXF128F424183D,Josh Groban,America (Revised Live Version),classical,TRCHZXW128E079288A,Eminem,8 Mile,hip hop,1876.0
raw dot product,1,TRDQLTF128E0787809,Josh Groban,Broken Vow (Album Version),classical,TRFUJVJ128F426F2A2,Lauryn Hill,Interlude 5,r&b/soul,4866.0
raw dot product,2,TRDQLTF128E0787809,Josh Groban,Broken Vow (Album Version),classical,TRWSYHO128F4282346,Twista,I'm A Winner (Amended Album Version),hip hop,4115.0
raw dot product,3,TRDQLTF128E0787809,Josh Groban,Broken Vow (Album Version),classical,TREBGAA128E078FC52,Erykah Badu,I Want You,r&b/soul,3892.0
raw dot product,1,TRUAAEQ128F423C52D,Josh Groban,Gira Con Me Questa Notte (Album Version),classical,TRZZQIP128F92EFEAD,Abba,Move On,pop,1407.0
raw dot product,2,TRUAAEQ128F423C52D,Josh Groban,Gira Con Me Questa Notte (Album Version),classical,TRDOJIR128F42840C0,Horace Andy,Horse With No Name,reggae,1321.0
raw dot product,3,TRUAAEQ128F423C52D,Josh Groban,Gira Con Me Questa Notte (Album Version),classical,TRKKUWM128F92E4E1C,Gemelli Diversi,Istruzioni Per L'(Ill)uso,hip hop,1148.0
raw dot product,1,TRYGDNA128E078780C,Josh Groban,Hymne A L'Amour (Album Version),classical,TRSABJR128F429C84B,Tryo,Yakamonéyé,reggae,923.0
raw dot product,2,TRYGDNA128E078780C,Josh Groban,Hymne A L'Amour (Album Version),classical,TRMLZFP128F932290C,Fonky Family,L'Amour Du Risque,hip hop,917.0
raw dot product,3,TRYGDNA128E078780C,Josh Groban,Hymne A L'Amour (Album Version),classical,TRIAELA128F149EEE6,Sniper,Panam All Star,hip hop,906.0
raw dot product,1,TRDFTPP128F427550C,Josh Groban,It Came Upon A Midnight Clear (Album Version),classical,TRTCOWO128F930C444,The Streets,Weak Become Heroes,hip hop,1169.0
raw dot product,2,TRDFTPP128F427550C,Josh Groban,It Came Upon A Midnight Clear (Album Version),classical,TRXXGET128F4259B88,Travis,Sing,pop,949.0
raw dot product,3,TRDFTPP128F427550C,Josh Groban,It Came Upon A Midnight Clear (Album Version),classical,TRRZNYJ128F42B8819,Jenny Lewis,Sing A Song,country,862.0
raw dot product,1,TRRBWRX128F423C535,Josh Groban,Let Me Fall (From Cirque du Soleil) (Album Version),classical,TRFUJVJ128F426F2A2,Lauryn Hill,Interlude 5,r&b/soul,2200.0
raw dot product,2,TRRBWRX128F423C535,Josh Groban,Let Me Fall (From Cirque du Soleil) (Album Version),classical,TRCHZXW128E079288A,Eminem,8 Mile,hip hop,2187.0
raw dot product,3,TRRBWRX128F423C535,Josh Groban,Let Me Fall (From Cirque du Soleil) (Album Version),classical,TRDPGXU128F9339C2A,Beastie Boys,B-Boy Bouillabaisse: A.W.O.L. (2009 Digital Remaster),hip hop,2172.0
raw dot product,1,TRJSTLV128F4241832,Josh Groban,Mi Mancherai (Il Postino) (Revised Live Version),classical,TRPUUSG128E07953B7,Shaggy,Luv Me Up,reggae,663.0
raw dot product,2,TRJSTLV128F4241832,Josh Groban,Mi Mancherai (Il Postino) (Revised Live Version),classical,TRRVXQX128F429A0C4,Fabrizio De Andrè,Sinan Capudan Pascià,folk,500.0
raw dot product,3,TRJSTLV128F4241832,Josh Groban,Mi Mancherai (Il Postino) (Revised Live Version),classical,TRYECON128F423ABA0,Jowell & Randy,Te Ando Buscando,reggae,478.0
raw dot product,1,TRBRHPE128E0787803,Josh Groban,My Confession (Album Version),classical,TRDPGXU128F9339C2A,Beastie Boys,B-Boy Bouillabaisse: A.W.O.L. (2009 Digital Remaster),hip hop,3830.0
raw dot product,2,TRBRHPE128E0787803,Josh Groban,My Confession (Album Version),classical,TRCHZXW128E079288A,Eminem,8 Mile,hip hop,3532.0
raw dot product,3,TRBRHPE128E0787803,Josh Groban,My Confession (Album Version),classical,TRFUJVJ128F426F2A2,Lauryn Hill,Interlude 5,r&b/soul,3498.0
raw dot product,1,TRLJSTZ128F4241831,Josh Groban,Oceano (Revised Live Version),classical,TRZRTPI12903D0954A,Flaminio Maphia,Quelli Che,hip hop,765.0
raw dot product,2,TRLJSTZ128F4241831,Josh Groban,Oceano (Revised Live Version),classical,TRRVXQX128F429A0C4,Fabrizio De Andrè,Sinan Capudan Pascià,folk,631.0
raw dot product,3,TRLJSTZ128F4241831,Josh Groban,Oceano (Revised Live Version),classical,TRKKUWM128F92E4E1C,Gemelli Diversi,Istruzioni Per L'(Ill)uso,hip hop,587.0
raw dot product,1,TRGURIJ128E078780B,Josh Groban,Remember When It Rained (Album Version),classical,TRFUJVJ128F426F2A2,Lauryn Hill,Interlude 5,r&b/soul,1644.0
raw dot product,2,TRGURIJ128E078780B,Josh Groban,Remember When It Rained (Album Version),classical,TRQAWKR128F425EEC3,Michael Jackson,Man In The Mirror,pop,1486.0
raw dot product,3,TRGURIJ128E078780B,Josh Groban,Remember When It Rained (Album Version),classical,TRDPGXU128F9339C2A,Beastie Boys,B-Boy Bouillabaisse: A.W.O.L. (2009 Digital Remaster),hip hop,1450.0
raw dot product,1,TRYKKOX128F4241839,Josh Groban,Remember When It Rained (Revised Live Version),classical,TRFUJVJ128F426F2A2,Lauryn Hill,Interlude 5,r&b/soul,1644.0
raw dot product,2,TRYKKOX128F4241839,Josh Groban,Remember When It Rained (Revised Live Version),classical,TRQAWKR128F425EEC3,Michael Jackson,Man In The Mirror,pop,1486.0
raw dot product,3,TRYKKOX128F4241839,Josh Groban,Remember When It Rained (Revised Live Version),classical,TRDPGXU128F9339C2A,Beastie Boys,B-Boy Bouillabaisse: A.W.O.L. (2009 Digital Remaster),hip hop,1450.0
raw dot product,1,TRUVBEG128F92F0B48,Josh Groban,Smile,classical,TRFUJVJ128F426F2A2,Lauryn Hill,Interlude 5,r&b/soul,2716.0
raw dot product,2,TRUVBEG128F92F0B48,Josh Groban,Smile,classical,TRWSYHO128F4282346,Twista,I'm A Winner (Amended Album Version),hip hop,2258.0
raw dot product,3,TRUVBEG128F92F0B48,Josh Groban,Smile,classical,TRQAWKR128F425EEC3,Michael Jackson,Man In The Mirror,pop,1797.0
raw dot product,1,TRJBNZG128EF35A1AA,Josh Groban,Solo Por Ti (Album Version),classical,TRZZQIP128F92EFEAD,Abba,Move On,pop,1405.0
raw dot product,2,TRJBNZG128EF35A1AA,Josh Groban,Solo Por Ti (Album Version),classical,TRDOJIR128F42840C0,Horace Andy,Horse With No Name,reggae,1331.0
raw dot product,3,TRJBNZG128EF35A1AA,Josh Groban,Solo Por Ti (Album Version),classical,TRTHNFG12903D0CE54,Violadores del Verso,Dale tiempo al rumor,hip hop,798.0
raw dot product,1,TRPJAPP128EF35A1AC,Josh Groban,Un Giorno Per Noi (Album Version),classical,TRFLWJZ128F425C9E4,The Pharcyde,Otha Fish,hip hop,378.0
raw dot product,2,TRPJAPP128EF35A1AC,Josh Groban,Un Giorno Per Noi (Album Version),classical,TRZZQIP128F92EFEAD,Abba,Move On,pop,373.0
raw dot product,3,TRPJAPP128EF35A1AC,Josh Groban,Un Giorno Per Noi (Album Version),classical,TRRVXQX128F429A0C4,Fabrizio De Andrè,Sinan Capudan Pascià,folk,368.0
raw dot product,1,TRUDTXB128F423C537,Josh Groban,Vincent (Starry_ Starry Night) (Album Version),classical,TRFUJVJ128F426F2A2,Lauryn Hill,Interlude 5,r&b/soul,4657.0
raw dot product,2,TRUDTXB128F423C537,Josh Groban,Vincent (Starry_ Starry Night) (Album Version),classical,TRDPGXU128F9339C2A,Beastie Boys,B-Boy Bouillabaisse: A.W.O.L. (2009 Digital Remaster),hip hop,2949.0
raw dot product,3,TRUDTXB128F423C537,Josh Groban,Vincent (Starry_ Starry Night) (Album Version),classical,TRGLNKG128F9307689,Eminem,My Darling,hip hop,2831.0
raw dot product,1,TRMVVDP128E0787806,Josh Groban,When You Say You Love Me (Album Version),classical,TRFUJVJ128F426F2A2,Lauryn Hill,Interlude 5,r&b/soul,7162.0
raw dot product,2,TRMVVDP128E0787806,Josh Groban,When You Say You Love Me (Album Version),classical,TRWSYHO128F4282346,Twista,I'm A Winner (Amended Album Version),hip hop,6206.0
raw dot product,3,TRMVVDP128E0787806,Josh Groban,When You Say You Love Me (Album Version),classical,TREBGAA128E078FC52,Erykah Badu,I Want You,r&b/soul,4726.0
raw dot product,1,TRIEQWR128E078780D,Josh Groban,You Raise Me Up (Album Version),classical,TRFUJVJ128F426F2A2,Lauryn Hill,Interlude 5,r&b/soul,4545.0
raw dot product,2,TRIEQWR128E078780D,Josh Groban,You Raise Me Up (Album Version),classical,TRWSYHO128F4282346,Twista,I'm A Winner (Amended Album Version),hip hop,4530.0
raw dot product,3,TRIEQWR128E078780D,Josh Groban,You Raise Me Up (Album Version),classical,TRDPGXU128F9339C2A,Beastie Boys,B-Boy Bouillabaisse: A.W.O.L. (2009 Digital Remaster),hip hop,3980.0
raw dot product,1,TRBEYYM128F1493C56,Josh Groban,Believe (Album Version),classical,TRFUJVJ128F426F2A2,Lauryn Hill,Interlude 5,r&b/soul,2718.0
raw dot product,2,TRBEYYM128F1493C56,Josh Groban,Believe (Album Version),classical,TRWSYHO128F4282346,Twista,I'm A Winner (Amended Album Version),hip hop,2074.0
raw dot product,3,TRBEYYM128F1493C56,Josh Groban,Believe (Album Version),classical,TRQAWKR128F425EEC3,Michael Jackson,Man In The Mirror,pop,1737.0
raw dot product,1,TRPITXR128F427FA1B,Johnny Cash,Away In A Manger,classical,TRFUJVJ128F426F2A2,Lauryn Hill,Interlude 5,r&b/soul,824.0
raw dot product,2,TRPITXR128F427FA1B,Johnny Cash,Away In A Manger,classical,TRDPGXU128F9339C2A,Beastie Boys,B-Boy Bouillabaisse: A.W.O.L. (2009 Digital Remaster),hip hop,787.0
raw dot product,3,TRPITXR128F427FA1B,Johnny Cash,Away In A Manger,classical,TRCHZXW128E079288A,Eminem,8 Mile,hip hop,604.0
raw dot product,1,TRGFMUJ128F423C52F,Josh Groban,Cinema Paradiso (Se) (Album Version),classical,TRKKUWM128F92E4E1C,Gemelli Diversi,Istruzioni Per L'(Ill)uso,hip hop,311.0
raw dot product,2,TRGFMUJ128F423C52F,Josh Groban,Cinema Paradiso (Se) (Album Version),classical,TRZRTPI12903D0954A,Flaminio Maphia,Quelli Che,hip hop,305.0
raw dot product,3,TRGFMUJ128F423C52F,Josh Groban,Cinema Paradiso (Se) (Album Version),classical,TRRVXQX128F429A0C4,Fabrizio De Andrè,Sinan Capudan Pascià,folk,305.0
raw dot product,1,TRGVTSO12903CABC19,David Crowder*Band,All Around Me,classical,TRFUJVJ128F426F2A2,Lauryn Hill,Interlude 5,r&b/soul,5833.0
raw dot product,2,TRGVTSO12903CABC19,David Crowder*Band,All Around Me,classical,TRWSYHO128F4282346,Twista,I'm A Winner (Amended Album Version),hip hop,5385.0
raw dot product,3,TRGVTSO12903CABC19,David Crowder*Band,All Around Me,classical,TRDPGXU128F9339C2A,Beastie Boys,B-Boy Bouillabaisse: A.W.O.L. (2009 Digital Remaster),hip hop,5004.0
raw dot product,1,TRJGMSL128F4230A6C,The Game,Black Opera,classical,TRFUJVJ128F426F2A2,Lauryn Hill,Interlude 5,r&b/soul,15262.0
raw dot product,2,TRJGMSL128F4230A6C,The Game,Black Opera,classical,TRWSYHO128F4282346,Twista,I'm A Winner (Amended Album Version),hip hop,14936.0
raw dot product,3,TRJGMSL128F4230A6C,The Game,Black Opera,classical,TREBGAA128E078FC52,Erykah Badu,I Want You,r&b/soul,11789.0
raw dot product,1,TRBGUUE128F1494FB6,David Bowie,Baal's Hymn,classical,TRFUJVJ128F426F2A2,Lauryn Hill,Interlude 5,r&b/soul,2626.0
raw dot product,2,TRBGUUE128F1494FB6,David Bowie,Baal's Hymn,classical,TRDPGXU128F9339C2A,Beastie Boys,B-Boy Bouillabaisse: A.W.O.L. (2009 Digital Remaster),hip hop,2184.0
raw dot product,3,TRBGUUE128F1494FB6,David Bowie,Baal's Hymn,classical,TRGUCIR128F933D817,Vanilla Ice,Ice Is Workin' It,hip hop,1936.0
raw dot product,1,TREPYPE128F92EB38C,Il Divo,Adagio,classical,TRKKUWM128F92E4E1C,Gemelli Diversi,Istruzioni Per L'(Ill)uso,hip hop,545.0
raw dot product,2,TREPYPE128F92EB38C,Il Divo,Adagio,classical,TRZRTPI12903D0954A,Flaminio Maphia,Quelli Che,hip hop,487.0
raw dot product,3,TREPYPE128F92EB38C,Il Divo,Adagio,classical,TRRVXQX128F429A0C4,Fabrizio De Andrè,Sinan Capudan Pascià,folk,476.0
raw dot product,1,TRGZRPJ128F92EF7E2,Il Divo,Adeste Fideles,classical,TREXCMT128F933D825,Vanilla Ice,It's A Party,hip hop,666.0
raw dot product,2,TRGZRPJ128F92EF7E2,Il Divo,Adeste Fideles,classical,TRBBVNR128E078E1E4,Black Eyed Peas,Tell Your Momma Come,hip hop,391.0
raw dot product,3,TRGZRPJ128F92EF7E2,Il Divo,Adeste Fideles,classical,TRKOMDL128F1499C7D,João Gilberto,Aguas De Marco,latin,372.0
raw dot product,1,TRGXTYR128F42ACF5F,Il Divo,All By Myself (Solo Otra Vez),classical,TRTJLTW12903CFF1E9,Los Van Van,El Negro Está Cocinando,latin,666.0
raw dot product,2,TRGXTYR128F42ACF5F,Il Divo,All By Myself (Solo Otra Vez),classical,TRSVRQN128F42722CC,Willie Colon,Gitana,latin,657.0
raw dot product,3,TRGXTYR128F42ACF5F,Il Divo,All By Myself (Solo Otra Vez),classical,TRDOJIR128F42840C0,Horace Andy,Horse With No Name,reggae,653.0
raw dot product,1,TRVXXVG128F933AB88,Il Divo,Amazing Grace,classical,TRFUJVJ128F426F2A2,Lauryn Hill,Interlude 5,r&b/soul,2069.0
raw dot product,2,TRVXXVG128F933AB88,Il Divo,Amazing Grace,classical,TRDPGXU128F9339C2A,Beastie Boys,B-Boy Bouillabaisse: A.W.O.L. (2009 Digital Remaster),hip hop,1701.0
raw dot product,3,TRVXXVG128F933AB88,Il Divo,Amazing Grace,classical,TRBEBJO128C719646B,Nelly,Splurge,hip hop,1376.0
raw dot product,1,TRLFGML128F92EB391,Il Divo,Angelina,classical,TRTHNFG12903D0CE54,Violadores del Verso,Dale tiempo al rumor,hip hop,1313.0
raw dot product,2,TRLFGML128F92EB391,Il Divo,Angelina,classical,TRIJHLY12903D0CE4D,Violadores del Verso,Cantando,hip hop,1097.0
raw dot product,3,TRLFGML128F92EB391,Il Divo,Angelina,classical,TRTJLTW12903CFF1E9,Los Van Van,El Negro Está Cocinando,latin,944.0
raw dot product,1,TRVFSWI128F42ACE94,Il Divo,Ave Maria,classical,TRZZQIP128F92EFEAD,Abba,Move On,pop,468.0
raw dot product,2,TRVFSWI128F42ACE94,Il Divo,Ave Maria,classical,TRDOJIR128F42840C0,Horace Andy,Horse With No Name,reggae,434.0
raw dot product,3,TRVFSWI128F42ACE94,Il Divo,Ave Maria,classical,TRKKUWM128F92E4E1C,Gemelli Diversi,Istruzioni Per L'(Ill)uso,hip hop,407.0
raw dot product,1,TRMKTUF128F42BC140,Il Divo,Caruso,classical,TRKKUWM128F92E4E1C,Gemelli Diversi,Istruzioni Per L'(Ill)uso,hip hop,690.0
raw dot product,2,TRMKTUF128F42BC140,Il Divo,Caruso,classical,TRRVXQX128F429A0C4,Fabrizio De Andrè,Sinan Capudan Pascià,folk,518.0
raw dot product,3,TRMKTUF128F42BC140,Il Divo,Caruso,classical,TRZZQIP128F92EFEAD,Abba,Move On,pop,507.0
raw dot product,1,TRXNYOZ128F42BC146,Il Divo,Come Primavera,classical,TRZZQIP128F92EFEAD,Abba,Move On,pop,1560.0
raw dot product,2,TRXNYOZ128F42BC146,Il Divo,Come Primavera,classical,TRDOJIR128F42840C0,Horace Andy,Horse With No Name,reggae,1442.0
raw dot product,3,TRXNYOZ128F42BC146,Il Divo,Come Primavera,classical,TREKUOP12903CD2BA7,Desmond Dekker,Mother Nature,reggae,760.0
raw dot product,1,TRYFLQK128F92EF7F1,Il Divo,Dentro Un Altro Si,classical,TRZRTPI12903D0954A,Flaminio Maphia,Quelli Che,hip hop,353.0
raw dot product,2,TRYFLQK128F92EF7F1,Il Divo,Dentro Un Altro Si,classical,TRKKUWM128F92E4E1C,Gemelli Diversi,Istruzioni Per L'(Ill)uso,hip hop,344.0
raw dot product,3,TRYFLQK128F92EF7F1,Il Divo,Dentro Un Altro Si,classical,TRRVXQX128F429A0C4,Fabrizio De Andrè,Sinan Capudan Pascià,folk,308.0
raw dot product,1,TRRWCOL128F42AD05D,Il Divo,En Aranjuez Con Tu Amor,classical,TRTHNFG12903D0CE54,Violadores del Verso,Dale tiempo al rumor,hip hop,1672.0
raw dot product,2,TRRWCOL128F42AD05D,Il Divo,En Aranjuez Con Tu Amor,classical,TRIJHLY12903D0CE4D,Violadores del Verso,Cantando,hip hop,1408.0
raw dot product,3,TRRWCOL128F42AD05D,Il Divo,En Aranjuez Con Tu Amor,classical,TRWQZXS128F92DB731,Victor Manuelle,Lloré Lloré,latin,1254.0
raw dot product,1,TRVRPTI128F92EB390,Il Divo,Enamorado,classical,TRTHNFG12903D0CE54,Violadores del Verso,Dale tiempo al rumor,hip hop,563.0
raw dot product,2,TRVRPTI128F92EB390,Il Divo,Enamorado,classical,TRRKWPY12903CAAC5D,Johnny Prez,Te Vuelvo Loca,reggae,560.0
raw dot product,3,TRVRPTI128F92EB390,Il Divo,Enamorado,classical,TRSVRQN128F42722CC,Willie Colon,Gitana,latin,524.0
raw dot product,1,TRGRNWU128F42AE46D,Il Divo,Esisti Dentro Me,classical,TRBPJQR128F9317942,Elvis Crespo,Tu Sonrisa,latin,541.0
raw dot product,2,TRGRNWU128F42AE46D,Il Divo,Esisti Dentro Me,classical,TRUKWZW128F92CADC2,Daddy Yankee,Como Y Vete,reggae,456.0
raw dot product,3,TRGRNWU128F42AE46D,Il Divo,Esisti Dentro Me,classical,TRABAWI128F424F105,RBD,Tu Amor (Hecho En Madrid),latin,431.0
raw dot product,1,TRNXWLK128F92EC9A7,Il Divo,Everytime I Look At You,classical,TRFUJVJ128F426F2A2,Lauryn Hill,Interlude 5,r&b/soul,4220.0
raw dot product,2,TRNXWLK128F92EC9A7,Il Divo,Everytime I Look At You,classical,TRDPGXU128F9339C2A,Beastie Boys,B-Boy Bouillabaisse: A.W.O.L. (2009 Digital Remaster),hip hop,3609.0
raw dot product,3,TRNXWLK128F92EC9A7,Il Divo,Everytime I Look At You,classical,TRWSYHO128F4282346,Twista,I'm A Winner (Amended Album Version),hip hop,3545.0
raw dot product,1,TRITOVK128F92EC9A0,Il Divo,Feelings,classical,TRJCBGS128F14689B3,Dean Martin,I've Grown Accustomed To Her Face,jazz,806.0
raw dot product,2,TRITOVK128F92EC9A0,Il Divo,Feelings,classical,TRBHYLK128F930160F,Us3,Can U Feel It?,jazz,617.0
raw dot product,3,TRITOVK128F92EC9A0,Il Divo,Feelings,classical,TRKKUWM128F92E4E1C,Gemelli Diversi,Istruzioni Per L'(Ill)uso,hip hop,589.0
raw dot product,1,TRRLVOI128F92EB38D,Il Divo,Hallelujah (Aleluya),classical,TRTHNFG12903D0CE54,Violadores del Verso,Dale tiempo al rumor,hip hop,1339.0
raw dot product,2,TRRLVOI128F92EB38D,Il Divo,Hallelujah (Aleluya),classical,TRIJHLY12903D0CE4D,Violadores del Verso,Cantando,hip hop,1195.0
raw dot product,3,TRRLVOI128F92EB38D,Il Divo,Hallelujah (Aleluya),classical,TRWQZXS128F92DB731,Victor Manuelle,Lloré Lloré,latin,1005.0
raw dot product,1,TRHPPNF128F42ACFA9,Il Divo,Hasta Mi Final,classical,TRTHNFG12903D0CE54,Violadores del Verso,Dale tiempo al rumor,hip hop,637.0
raw dot product,2,TRHPPNF128F42ACFA9,Il Divo,Hasta Mi Final,classical,TRRKWPY12903CAAC5D,Johnny Prez,Te Vuelvo Loca,reggae,496.0
raw dot product,3,TRHPPNF128F42ACFA9,Il Divo,Hasta Mi Final,classical,TRIJHLY12903D0CE4D,Violadores del Verso,Cantando,hip hop,495.0
raw dot product,1,TRUXYDP128F93234BD,Taylor Swift,Crazier,country,TRFUJVJ128F426F2A2,Lauryn Hill,Interlude 5,r&b/soul,5210.0
raw dot product,2,TRUXYDP128F93234BD,Taylor Swift,Crazier,country,TRWSYHO128F4282346,Twista,I'm A Winner (Amended Album Version),hip hop,4547.0
raw dot product,3,TRUXYDP128F93234BD,Taylor Swift,Crazier,country,TRUGLTC128F4227B93,Danity Kane,Hold Me Down (Album Version),r&b/soul,3817.0
raw dot product,1,TRKVVVK12903CB592C,Taylor Swift,Fifteen,country,TRFUJVJ128F426F2A2,Lauryn Hill,Interlude 5,r&b/soul,9661.0
raw dot product,2,TRKVVVK12903CB592C,Taylor Swift,Fifteen,country,TRWSYHO128F4282346,Twista,I'm A Winner (Amended Album Version),hip hop,7351.0
raw dot product,3,TRKVVVK12903CB592C,Taylor Swift,Fifteen,country,TRGLNKG128F9307689,Eminem,My Darling,hip hop,6194.0
raw dot product,1,TRUVVME12903CBA350,Taylor Swift,Change,country,TRFUJVJ128F426F2A2,Lauryn Hill,Interlude 5,r&b/soul,4066.0
raw dot product,2,TRUVVME12903CBA350,Taylor Swift,Change,country,TRGUCIR128F933D817,Vanilla Ice,Ice Is Workin' It,hip hop,2498.0
raw dot product,3,TRUVVME12903CBA350,Taylor Swift,Change,country,TRBVPVV128F425F14F,Daft Punk,Touch It / Technologic,electronic,2455.0
raw dot product,1,TRZGWCY12903CEF521,Toby Keith,You Can't Read My Mind,country,TRFUJVJ128F426F2A2,Lauryn Hill,Interlude 5,r&b/soul,5014.0
raw dot product,2,TRZGWCY12903CEF521,Toby Keith,You Can't Read My Mind,country,TRDPGXU128F9339C2A,Beastie Boys,B-Boy Bouillabaisse: A.W.O.L. (2009 Digital Remaster),hip hop,3924.0
raw dot product,3,TRZGWCY12903CEF521,Toby Keith,You Can't Read My Mind,country,TRWSYHO128F4282346,Twista,I'm A Winner (Amended Album Version),hip hop,3840.0
raw dot product,1,TRMAVQT128F4270DBF,Johnny Cash,Man In White,country,TRFUJVJ128F426F2A2,Lauryn Hill,Interlude 5,r&b/soul,6988.0
raw dot product,2,TRMAVQT128F4270DBF,Johnny Cash,Man In White,country,TRDPGXU128F9339C2A,Beastie Boys,B-Boy Bouillabaisse: A.W.O.L. (2009 Digital Remaster),hip hop,6505.0
raw dot product,3,TRMAVQT128F4270DBF,Johnny Cash,Man In White,country,TRCHZXW128E079288A,Eminem,8 Mile,hip hop,4945.0
raw dot product,1,TRWVEDL128F4293EA3,Rascal Flatts,Holes,country,TRFUJVJ128F426F2A2,Lauryn Hill,Interlude 5,r&b/soul,4084.0
raw dot product,2,TRWVEDL128F4293EA3,Rascal Flatts,Holes,country,TRDPGXU128F9339C2A,Beastie Boys,B-Boy Bouillabaisse: A.W.O.L. (2009 Digital Remaster),hip hop,3243.0
raw dot product,3,TRWVEDL128F4293EA3,Rascal Flatts,Holes,country,TRWSYHO128F4282346,Twista,I'm A Winner (Amended Album Version),hip hop,3005.0
raw dot product,1,TRTVVYX128F9328DBA,Sugarland,Baby Girl,country,TRFUJVJ128F426F2A2,Lauryn Hill,Interlude 5,r&b/soul,5955.0
raw dot product,2,TRTVVYX128F9328DBA,Sugarland,Baby Girl,country,TRDPGXU128F9339C2A,Beastie Boys,B-Boy Bouillabaisse: A.W.O.L. (2009 Digital Remaster),hip hop,5550.0
raw dot product,3,TRTVVYX128F9328DBA,Sugarland,Baby Girl,country,TRWSYHO128F4282346,Twista,I'm A Winner (Amended Album Version),hip hop,4906.0
raw dot product,1,TRTGPPK128F1459DD4,Billy Currington,Growin' Up Down There,country,TRFUJVJ128F426F2A2,Lauryn Hill,Interlude 5,r&b/soul,2515.0
raw dot product,2,TRTGPPK128F1459DD4,Billy Currington,Growin' Up Down There,country,TRDPGXU128F9339C2A,Beastie Boys,B-Boy Bouillabaisse: A.W.O.L. (2009 Digital Remaster),hip hop,2423.0
raw dot product,3,TRTGPPK128F1459DD4,Billy Currington,Growin' Up Down There,country,TRWSYHO128F4282346,Twista,I'm A Winner (Amended Album Version),hip hop,1961.0
raw dot product,1,TRHUIRM128F426BFD5,Billy Currington,Hangin' Around,country,TRFUJVJ128F426F2A2,Lauryn Hill,Interlude 5,r&b/soul,5022.0
raw dot product,2,TRHUIRM128F426BFD5,Billy Currington,Hangin' Around,country,TRWSYHO128F4282346,Twista,I'm A Winner (Amended Album Version),hip hop,4542.0
raw dot product,3,TRHUIRM128F426BFD5,Billy Currington,Hangin' Around,country,TREBGAA128E078FC52,Erykah Badu,I Want You,r&b/soul,3645.0
raw dot product,1,TRJNTQQ128F426BFD0,Billy Currington,Here I Am,country,TRFUJVJ128F426F2A2,Lauryn Hill,Interlude 5,r&b/soul,3109.0
raw dot product,2,TRJNTQQ128F426BFD0,Billy Currington,Here I Am,country,TRDPGXU128F9339C2A,Beastie Boys,B-Boy Bouillabaisse: A.W.O.L. (2009 Digital Remaster),hip hop,2835.0
raw dot product,3,TRJNTQQ128F426BFD0,Billy Currington,Here I Am,country,TRWSYHO128F4282346,Twista,I'm A Winner (Amended Album Version),hip hop,2564.0
raw dot product,1,TRZJCNT128F426BFCC,Billy Currington,She's Got A Way With Me,country,TRFUJVJ128F426F2A2,Lauryn Hill,Interlude 5,r&b/soul,2809.0
raw dot product,2,TRZJCNT128F426BFCC,Billy Currington,She's Got A Way With Me,country,TRDPGXU128F9339C2A,Beastie Boys,B-Boy Bouillabaisse: A.W.O.L. (2009 Digital Remaster),hip hop,2606.0
raw dot product,3,TRZJCNT128F426BFCC,Billy Currington,She's Got A Way With Me,country,TRYCBLK12903CE6A0E,Twiztid,She Ain't Afraid,hip hop,2436.0
raw dot product,1,TRPZEWS128F92F585E,Billy Currington,That's How Country Boys Roll,country,TRFUJVJ128F426F2A2,Lauryn Hill,Interlude 5,r&b/soul,3190.0
raw dot product,2,TRPZEWS128F92F585E,Billy Currington,That's How Country Boys Roll,country,TRQAWKR128F425EEC3,Michael Jackson,Man In The Mirror,pop,2087.0
raw dot product,3,TRPZEWS128F92F585E,Billy Currington,That's How Country Boys Roll,country,TRDPGXU128F9339C2A,Beastie Boys,B-Boy Bouillabaisse: A.W.O.L. (2009 Digital Remaster),hip hop,2038.0
raw dot product,1,TRYPBLE128F1459DD1,Billy Currington,Where The Girls Are,country,TRFUJVJ128F426F2A2,Lauryn Hill,Interlude 5,r&b/soul,3566.0
raw dot product,2,TRYPBLE128F1459DD1,Billy Currington,Where The Girls Are,country,TRDPGXU128F9339C2A,Beastie Boys,B-Boy Bouillabaisse: A.W.O.L. (2009 Digital Remaster),hip hop,2353.0
raw dot product,3,TRYPBLE128F1459DD1,Billy Currington,Where The Girls Are,country,TRGLNKG128F9307689,Eminem,My Darling,hip hop,1938.0
raw dot product,1,TRKVITQ128F4271B31,Johnny Cash,Daddy Sang Bass,country,TRFUJVJ128F426F2A2,Lauryn Hill,Interlude 5,r&b/soul,2915.0
raw dot product,2,TRKVITQ128F4271B31,Johnny Cash,Daddy Sang Bass,country,TRDPGXU128F9339C2A,Beastie Boys,B-Boy Bouillabaisse: A.W.O.L. (2009 Digital Remaster),hip hop,2559.0
raw dot product,3,TRKVITQ128F4271B31,Johnny Cash,Daddy Sang Bass,country,TRFLWJZ128F425C9E4,The Pharcyde,Otha Fish,hip hop,2200.0
raw dot product,1,TRGZDBB128F4270A4C,Johnny Cash,I Don't Know Where I'm Bound,country,TRDPGXU128F9339C2A,Beastie Boys,B-Boy Bouillabaisse: A.W.O.L. (2009 Digital Remaster),hip hop,4199.0
raw dot product,2,TRGZDBB128F4270A4C,Johnny Cash,I Don't Know Where I'm Bound,country,TRCHZXW128E079288A,Eminem,8 Mile,hip hop,4173.0
raw dot product,3,TRGZDBB128F4270A4C,Johnny Cash,I Don't Know Where I'm Bound,country,TROIJDA128F9341E70,R. Kelly,I Mean (I Don't Mean It),r&b/soul,3998.0
raw dot product,1,TRMBNRH12903D02C23,Johnny Cash,I Was There When It Happened,country,TRFUJVJ128F426F2A2,Lauryn Hill,Interlude 5,r&b/soul,4157.0
raw dot product,2,TRMBNRH12903D02C23,Johnny Cash,I Was There When It Happened,country,TRDPGXU128F9339C2A,Beastie Boys,B-Boy Bouillabaisse: A.W.O.L. (2009 Digital Remaster),hip hop,3696.0
raw dot product,3,TRMBNRH12903D02C23,Johnny Cash,I Was There When It Happened,country,TRCHZXW128E079288A,Eminem,8 Mile,hip hop,3431.0
raw dot product,1,TRBXYKU128F427915D,Johnny Cash,The Big Battle,country,TRFUJVJ128F426F2A2,Lauryn Hill,Interlude 5,r&b/soul,3952.0
raw dot product,2,TRBXYKU128F427915D,Johnny Cash,The Big Battle,country,TRDPGXU128F9339C2A,Beastie Boys,B-Boy Bouillabaisse: A.W.O.L. (2009 Digital Remaster),hip hop,3028.0
raw dot product,3,TRBXYKU128F427915D,Johnny Cash,The Big Battle,country,TRGLNKG128F9307689,Eminem,My Darling,hip hop,2502.0
raw dot product,1,TRFRXGD128F42717FF,Johnny Cash,A Thing Called Love,country,TRFUJVJ128F426F2A2,Lauryn Hill,Interlude 5,r&b/soul,2983.0
raw dot product,2,TRFRXGD128F42717FF,Johnny Cash,A Thing Called Love,country,TRQAWKR128F425EEC3,Michael Jackson,Man In The Mirror,pop,2310.0
raw dot product,3,TRFRXGD128F42717FF,Johnny Cash,A Thing Called Love,country,TRDPGXU128F9339C2A,Beastie Boys,B-Boy Bouillabaisse: A.W.O.L. (2009 Digital Remaster),hip hop,2168.0
raw dot product,1,TRYIYFG128F42603CC,Johnny Cash,You Dreamer You,country,TRFUJVJ128F426F2A2,Lauryn Hill,Interlude 5,r&b/soul,4434.0
raw dot product,2,TRYIYFG128F42603CC,Johnny Cash,You Dreamer You,country,TRWSYHO128F4282346,Twista,I'm A Winner (Amended Album Version),hip hop,3783.0
raw dot product,3,TRYIYFG128F42603CC,Johnny Cash,You Dreamer You,country,TREBGAA128E078FC52,Erykah Badu,I Want You,r&b/soul,3295.0
raw dot product,1,TRQHDNY128F92E3A01,Johnny Cash,I Walk The Line,country,TRFUJVJ128F426F2A2,Lauryn Hill,Interlude 5,r&b/soul,3771.0
raw dot product,2,TRQHDNY128F92E3A01,Johnny Cash,I Walk The Line,country,TRWSYHO128F4282346,Twista,I'm A Winner (Amended Album Version),hip hop,3353.0
raw dot product,3,TRQHDNY128F92E3A01,Johnny Cash,I Walk The Line,country,TRDPGXU128F9339C2A,Beastie Boys,B-Boy Bouillabaisse: A.W.O.L. (2009 Digital Remaster),hip hop,3267.0
raw dot product,1,TRGCHXM128F429CBB9,Johnny Cash,Life's Railway To Heaven,country,TRFUJVJ128F426F2A2,Lauryn Hill,Interlude 5,r&b/soul,629.0
raw dot product,2,TRGCHXM128F429CBB9,Johnny Cash,Life's Railway To Heaven,country,TRQAWKR128F425EEC3,Michael Jackson,Man In The Mirror,pop,486.0
raw dot product,3,TRGCHXM128F429CBB9,Johnny Cash,Life's Railway To Heaven,country,TRFLWJZ128F425C9E4,The Pharcyde,Otha Fish,hip hop,459.0
raw dot product,1,TRSJGNV128F92F4124,Darius Rucker,If I Had Wings,country,TRDPGXU128F9339C2A,Beastie Boys,B-Boy Bouillabaisse: A.W.O.L. (2009 Digital Remaster),hip hop,3022.0
raw dot product,2,TRSJGNV128F92F4124,Darius Rucker,If I Had Wings,country,TRFUJVJ128F426F2A2,Lauryn Hill,Interlude 5,r&b/soul,3006.0
raw dot product,3,TRSJGNV128F92F4124,Darius Rucker,If I Had Wings,country,TRCHZXW128E079288A,Eminem,8 Mile,hip hop,2863.0
raw dot product,1,TRHTOYT128F429FEF4,Luke Bryan,Pray About Everything,country,TREIODJ128F9337033,Mindless Self Indulgence,Never Wanted to Dance,punk,2125.0
raw dot product,2,TRHTOYT128F429FEF4,Luke Bryan,Pray About Everything,country,TRFUJVJ128F426F2A2,Lauryn Hill,Interlude 5,r&b/soul,2120.0
raw dot product,3,TRHTOYT128F429FEF4,Luke Bryan,Pray About Everything,country,TROIJDA128F9341E70,R. Kelly,I Mean (I Don't Mean It),r&b/soul,1998.0
raw dot product,1,TRCFFVR128F145D6DF,Keith Urban,Your Everything,country,TRFUJVJ128F426F2A2,Lauryn Hill,Interlude 5,r&b/soul,6064.0
raw dot product,2,TRCFFVR128F145D6DF,Keith Urban,Your Everything,country,TRDPGXU128F9339C2A,Beastie Boys,B-Boy Bouillabaisse: A.W.O.L. (2009 Digital Remaster),hip hop,4590.0
raw dot product,3,TRCFFVR128F145D6DF,Keith Urban,Your Everything,country,TRWSYHO128F4282346,Twista,I'm A Winner (Amended Album Version),hip hop,4571.0
raw dot product,1,TRQSGEL128F4242DFC,Toby Keith,A Little Too Late,country,TRFUJVJ128F426F2A2,Lauryn Hill,Interlude 5,r&b/soul,2668.0
raw dot product,2,TRQSGEL128F4242DFC,Toby Keith,A Little Too Late,country,TRQAWKR128F425EEC3,Michael Jackson,Man In The Mirror,pop,1994.0
raw dot product,3,TRQSGEL128F4242DFC,Toby Keith,A Little Too Late,country,TRXHFMI128F429B2F2,Rufio,Over It (Acoustic),punk,1876.0
raw dot product,1,TRAIMRN128E0791E72,Toby Keith,Who's Your Daddy?,country,TRFUJVJ128F426F2A2,Lauryn Hill,Interlude 5,r&b/soul,3735.0
raw dot product,2,TRAIMRN128E0791E72,Toby Keith,Who's Your Daddy?,country,TRWSYHO128F4282346,Twista,I'm A Winner (Amended Album Version),hip hop,3243.0
raw dot product,3,TRAIMRN128E0791E72,Toby Keith,Who's Your Daddy?,country,TRGLNKG128F9307689,Eminem,My Darling,hip hop,3238.0
raw dot product,1,TRRSVGD128F4242DDC,Toby Keith,A Woman's Touch,country,TRFUJVJ128F426F2A2,Lauryn Hill,Interlude 5,r&b/soul,1783.0
raw dot product,2,TRRSVGD128F4242DDC,Toby Keith,A Woman's Touch,country,TRDPGXU128F9339C2A,Beastie Boys,B-Boy Bouillabaisse: A.W.O.L. (2009 Digital Remaster),hip hop,1706.0
raw dot product,3,TRRSVGD128F4242DDC,Toby Keith,A Woman's Touch,country,TRQAWKR128F425EEC3,Michael Jackson,Man In The Mirror,pop,1346.0
raw dot product,1,TRTXHKL128F4242DD9,Toby Keith,Big Ol' Truck,country,TRDPGXU128F9339C2A,Beastie Boys,B-Boy Bouillabaisse: A.W.O.L. (2009 Digital Remaster),hip hop,3201.0
raw dot product,2,TRTXHKL128F4242DD9,Toby Keith,Big Ol' Truck,country,TRFUJVJ128F426F2A2,Lauryn Hill,Interlude 5,r&b/soul,3016.0
raw dot product,3,TRTXHKL128F4242DD9,Toby Keith,Big Ol' Truck,country,TRQAWKR128F425EEC3,Michael Jackson,Man In The Mirror,pop,2922.0
raw dot product,1,TRADETN128F148CF19,Toby Keith,Blue Bedroom,country,TRFUJVJ128F426F2A2,Lauryn Hill,Interlude 5,r&b/soul,4244.0
raw dot product,2,TRADETN128F148CF19,Toby Keith,Blue Bedroom,country,TRWSYHO128F4282346,Twista,I'm A Winner (Amended Album Version),hip hop,3642.0
raw dot product,3,TRADETN128F148CF19,Toby Keith,Blue Bedroom,country,TRGLNKG128F9307689,Eminem,My Darling,hip hop,3111.0
raw dot product,1,TRKKXKG128E0791E74,Toby Keith,It's All Good,country,TRFUJVJ128F426F2A2,Lauryn Hill,Interlude 5,r&b/soul,3697.0
raw dot product,2,TRKKXKG128E0791E74,Toby Keith,It's All Good,country,TRDPGXU128F9339C2A,Beastie Boys,B-Boy Bouillabaisse: A.W.O.L. (2009 Digital Remaster),hip hop,3044.0
raw dot product,3,TRKKXKG128E0791E74,Toby Keith,It's All Good,country,TRGUCIR128F933D817,Vanilla Ice,Ice Is Workin' It,hip hop,2401.0
raw dot product,1,TRSSUAV128F148D60F,Toby Keith,Sweet,country,TRFUJVJ128F426F2A2,Lauryn Hill,Interlude 5,r&b/soul,6004.0
raw dot product,2,TRSSUAV128F148D60F,Toby Keith,Sweet,country,TRDPGXU128F9339C2A,Beastie Boys,B-Boy Bouillabaisse: A.W.O.L. (2009 Digital Remaster),hip hop,5723.0
raw dot product,3,TRSSUAV128F148D60F,Toby Keith,Sweet,country,TRWSYHO128F4282346,Twista,I'm A Winner (Amended Album Version),hip hop,5029.0
raw dot product,1,TRFROET128F148CF1F,Toby Keith,You Shouldn't Kiss Me Like This,country,TRFUJVJ128F426F2A2,Lauryn Hill,Interlude 5,r&b/soul,5745.0
raw dot product,2,TRFROET128F148CF1F,Toby Keith,You Shouldn't Kiss Me Like This,country,TRWSYHO128F4282346,Twista,I'm A Winner (Amended Album Version),hip hop,4144.0
raw dot product,3,TRFROET128F148CF1F,Toby Keith,You Shouldn't Kiss Me Like This,country,TRDPGXU128F9339C2A,Beastie Boys,B-Boy Bouillabaisse: A.W.O.L. (2009 Digital Remaster),hip hop,3735.0
raw dot product,1,TRFHVTT12903CF7CD9,Sara Evans,A Real Fine Place To Start,country,TRFUJVJ128F426F2A2,Lauryn Hill,Interlude 5,r&b/soul,3085.0
raw dot product,2,TRFHVTT12903CF7CD9,Sara Evans,A Real Fine Place To Start,country,TRWSYHO128F4282346,Twista,I'm A Winner (Amended Album Version),hip hop,2497.0
raw dot product,3,TRFHVTT12903CF7CD9,Sara Evans,A Real Fine Place To Start,country,TRQAWKR128F425EEC3,Michael Jackson,Man In The Mirror,pop,2206.0
raw dot product,1,TRXZNNF12903CA6F9B,Kenny Rogers,Endless love,country,TRFUJVJ128F426F2A2,Lauryn Hill,Interlude 5,r&b/soul,4698.0
raw dot product,2,TRXZNNF12903CA6F9B,Kenny Rogers,Endless love,country,TRWSYHO128F4282346,Twista,I'm A Winner (Amended Album Version),hip hop,3862.0
raw dot product,3,TRXZNNF12903CA6F9B,Kenny Rogers,Endless love,country,TRDPGXU128F9339C2A,Beastie Boys,B-Boy Bouillabaisse: A.W.O.L. (2009 Digital Remaster),hip hop,3466.0
raw dot product,1,TRTSAUB128E07859FC,Blake Shelton,Love Gets In The Way (Album Version),country,TRFUJVJ128F426F2A2,Lauryn Hill,Interlude 5,r&b/soul,3847.0
raw dot product,2,TRTSAUB128E07859FC,Blake Shelton,Love Gets In The Way (Album Version),country,TRDPGXU128F9339C2A,Beastie Boys,B-Boy Bouillabaisse: A.W.O.L. (2009 Digital Remaster),hip hop,3846.0
raw dot product,3,TRTSAUB128E07859FC,Blake Shelton,Love Gets In The Way (Album Version),country,TRWSYHO128F4282346,Twista,I'm A Winner (Amended Album Version),hip hop,3807.0
raw dot product,1,TRFMGIO128F42591F0,George Strait,I'd Like To Have That One Back,country,TRFUJVJ128F426F2A2,Lauryn Hill,Interlude 5,r&b/soul,3479.0
raw dot product,2,TRFMGIO128F42591F0,George Strait,I'd Like To Have That One Back,country,TRDPGXU128F9339C2A,Beastie Boys,B-Boy Bouillabaisse: A.W.O.L. (2009 Digital Remaster),hip hop,3393.0
raw dot product,3,TRFMGIO128F42591F0,George Strait,I'd Like To Have That One Back,country,TRCHZXW128E079288A,Eminem,8 Mile,hip hop,3098.0
raw dot product,1,TRDYUVI128E078F725,George Strait,Marina Del Rey,country,TRFUJVJ128F426F2A2,Lauryn Hill,Interlude 5,r&b/soul,2010.0
raw dot product,2,TRDYUVI128E078F725,George Strait,Marina Del Rey,country,TRDPGXU128F9339C2A,Beastie Boys,B-Boy Bouillabaisse: A.W.O.L. (2009 Digital Remaster),hip hop,1690.0
raw dot product,3,TRDYUVI128E078F725,George Strait,Marina Del Rey,country,TRFLWJZ128F425C9E4,The Pharcyde,Otha Fish,hip hop,1438.0
raw dot product,1,TRPNLLB128F14956A5,George Strait,Milk Cow Blues,country,TRFUJVJ128F426F2A2,Lauryn Hill,Interlude 5,r&b/soul,4422.0
raw dot product,2,TRPNLLB128F14956A5,George Strait,Milk Cow Blues,country,TRWSYHO128F4282346,Twista,I'm A Winner (Amended Album Version),hip hop,3751.0
raw dot product,3,TRPNLLB128F14956A5,George Strait,Milk Cow Blues,country,TRDPGXU128F9339C2A,Beastie Boys,B-Boy Bouillabaisse: A.W.O.L. (2009 Digital Remaster),hip hop,3679.0
raw dot product,1,TRTDHSB128F422B90F,Josh Turner,Another Try,country,TRDPGXU128F9339C2A,Beastie Boys,B-Boy Bouillabaisse: A.W.O.L. (2009 Digital Remaster),hip hop,2793.0
raw dot product,2,TRTDHSB128F422B90F,Josh Turner,Another Try,country,TRCHZXW128E079288A,Eminem,8 Mile,hip hop,2726.0
raw dot product,3,TRTDHSB128F422B90F,Josh Turner,Another Try,country,TRFUJVJ128F426F2A2,Lauryn Hill,Interlude 5,r&b/soul,2672.0
raw dot product,1,TREXZYC12903CA281A,Josh Turner,As Fast As I Could,country,TRFUJVJ128F426F2A2,Lauryn Hill,Interlude 5,r&b/soul,4904.0
raw dot product,2,TREXZYC12903CA281A,Josh Turner,As Fast As I Could,country,TRDPGXU128F9339C2A,Beastie Boys,B-Boy Bouillabaisse: A.W.O.L. (2009 Digital Remaster),hip hop,4482.0
raw dot product,3,TREXZYC12903CA281A,Josh Turner,As Fast As I Could,country,TRWSYHO128F4282346,Twista,I'm A Winner (Amended Album Version),hip hop,4328.0
raw dot product,1,TRDXSGX128F425F173,Daft Punk,One More Time / Aerodynamic,electronic,TRFUJVJ128F426F2A2,Lauryn Hill,Interlude 5,r&b/soul,886.0
raw dot product,2,TRDXSGX128F425F173,Daft Punk,One More Time / Aerodynamic,electronic,TRUGLTC128F4227B93,Danity Kane,Hold Me Down (Album Version),r&b/soul,685.0
raw dot product,3,TRDXSGX128F425F173,Daft Punk,One More Time / Aerodynamic,electronic,TRDPGXU128F9339C2A,Beastie Boys,B-Boy Bouillabaisse: A.W.O.L. (2009 Digital Remaster),hip hop,588.0
raw dot product,1,TREAQSX128E07818CA,Daft Punk,One More Time (Romanthony's Unplugged),electronic,TRFUJVJ128F426F2A2,Lauryn Hill,Interlude 5,r&b/soul,3417.0
raw dot product,2,TREAQSX128E07818CA,Daft Punk,One More Time (Romanthony's Unplugged),electronic,TRWSYHO128F4282346,Twista,I'm A Winner (Amended Album Version),hip hop,2264.0
raw dot product,3,TREAQSX128E07818CA,Daft Punk,One More Time (Romanthony's Unplugged),electronic,TRTLIKK128E07862DA,Ja Rule,One of Us,hip hop,2193.0
raw dot product,1,TRBVPVV128F425F14F,Daft Punk,Touch It / Technologic,electronic,TRGUCIR128F933D817,Vanilla Ice,Ice Is Workin' It,hip hop,17762.0
raw dot product,2,TRBVPVV128F425F14F,Daft Punk,Touch It / Technologic,electronic,TRYUJAX12903CF14E7,Charley Patton,Shake It And Break It,blues,12393.0
raw dot product,3,TRBVPVV128F425F14F,Daft Punk,Touch It / Technologic,electronic,TRHTUQC128F427D30F,Meat Loaf,If It Aint Broke Break It,rock,9883.0
raw dot product,1,TRBROFT128F92F8769,Ke$ha,Boots &  Boys,electronic,TRFUJVJ128F426F2A2,Lauryn Hill,Interlude 5,r&b/soul,7159.0
raw dot product,2,TRBROFT128F92F8769,Ke$ha,Boots &  Boys,electronic,TRDPGXU128F9339C2A,Beastie Boys,B-Boy Bouillabaisse: A.W.O.L. (2009 Digital Remaster),hip hop,5610.0
raw dot product,3,TRBROFT128F92F8769,Ke$ha,Boots &  Boys,electronic,TRWSYHO128F4282346,Twista,I'm A Winner (Amended Album Version),hip hop,5042.0
raw dot product,1,TRIIWCU128F92F876A,Ke$ha,Animal,electronic,TRFUJVJ128F426F2A2,Lauryn Hill,Interlude 5,r&b/soul,2855.0
raw dot product,2,TRIIWCU128F92F876A,Ke$ha,Animal,electronic,TRDPGXU128F9339C2A,Beastie Boys,B-Boy Bouillabaisse: A.W.O.L. (2009 Digital Remaster),hip hop,2445.0
raw dot product,3,TRIIWCU128F92F876A,Ke$ha,Animal,electronic,TRCHZXW128E079288A,Eminem,8 Mile,hip hop,2084.0
raw dot product,1,TRVDAHO128F92F231E,Katy Perry,Hot N Cold (Innerpartysystem Main),electronic,TRFUJVJ128F426F2A2,Lauryn Hill,Interlude 5,r&b/soul,12488.0
raw dot product,2,TRVDAHO128F92F231E,Katy Perry,Hot N Cold (Innerpartysystem Main),electronic,TRWSYHO128F4282346,Twista,I'm A Winner (Amended Album Version),hip hop,10641.0
raw dot product,3,TRVDAHO128F92F231E,Katy Perry,Hot N Cold (Innerpartysystem Main),electronic,TRGLNKG128F9307689,Eminem,My Darling,hip hop,8864.0
raw dot product,1,TRUGOGT128F92F29E9,Owl City,Captains and Cruise Ships,electronic,TRFUJVJ128F426F2A2,Lauryn Hill,Interlude 5,r&b/soul,4515.0
raw dot product,2,TRUGOGT128F92F29E9,Owl City,Captains and Cruise Ships,electronic,TRWSYHO128F4282346,Twista,I'm A Winner (Amended Album Version),hip hop,3927.0
raw dot product,3,TRUGOGT128F92F29E9,Owl City,Captains and Cruise Ships,electronic,TRDPGXU128F9339C2A,Beastie Boys,B-Boy Bouillabaisse: A.W.O.L. (2009 Digital Remaster),hip hop,3868.0
raw dot product,1,TRNEITZ128F92F29EA,Owl City,Designer Skyline,electronic,TRFUJVJ128F426F2A2,Lauryn Hill,Interlude 5,r&b/soul,1541.0
raw dot product,2,TRNEITZ128F92F29EA,Owl City,Designer Skyline,electronic,TRDPGXU128F9339C2A,Beastie Boys,B-Boy Bouillabaisse: A.W.O.L. (2009 Digital Remaster),hip hop,1175.0
raw dot product,3,TRNEITZ128F92F29EA,Owl City,Designer Skyline,electronic,TRGLNKG128F9307689,Eminem,My Darling,hip hop,842.0
raw dot product,1,TRMIHFS128F92F2A01,Owl City,Early Birdie,electronic,TRFUJVJ128F426F2A2,Lauryn Hill,Interlude 5,r&b/soul,1648.0
raw dot product,2,TRMIHFS128F92F2A01,Owl City,Early Birdie,electronic,TRDPGXU128F9339C2A,Beastie Boys,B-Boy Bouillabaisse: A.W.O.L. (2009 Digital Remaster),hip hop,1532.0
raw dot product,3,TRMIHFS128F92F2A01,Owl City,Early Birdie,electronic,TRWSYHO128F4282346,Twista,I'm A Winner (Amended Album Version),hip hop,1283.0
raw dot product,1,TRDEVZQ128F931BAED,Owl City,Meteor Shower,electronic,TRFUJVJ128F426F2A2,Lauryn Hill,Interlude 5,r&b/soul,1163.0
raw dot product,2,TRDEVZQ128F931BAED,Owl City,Meteor Shower,electronic,TRDPGXU128F9339C2A,Beastie Boys,B-Boy Bouillabaisse: A.W.O.L. (2009 Digital Remaster),hip hop,1160.0
raw dot product,3,TRDEVZQ128F931BAED,Owl City,Meteor Shower,electronic,TREBGAA128E078FC52,Erykah Badu,I Want You,r&b/soul,1140.0
raw dot product,1,TRCXWLU128F92F2A0D,Owl City,This Is The Future,electronic,TRFUJVJ128F426F2A2,Lauryn Hill,Interlude 5,r&b/soul,1856.0
raw dot product,2,TRCXWLU128F92F2A0D,Owl City,This Is The Future,electronic,TRGLNKG128F9307689,Eminem,My Darling,hip hop,1367.0
raw dot product,3,TRCXWLU128F92F2A0D,Owl City,This Is The Future,electronic,TRLDRYJ128F930BBB4,Pain of Salvation,Spitfall,metal,1234.0
raw dot product,1,TRVJTNA128F934D19D,30 Seconds To Mars,Kings and Queens (Innerpartysystem Remix Main),electronic,TRFUJVJ128F426F2A2,Lauryn Hill,Interlude 5,r&b/soul,2013.0
raw dot product,2,TRVJTNA128F934D19D,30 Seconds To Mars,Kings and Queens (Innerpartysystem Remix Main),electronic,TRTLIKK128E07862DA,Ja Rule,One of Us,hip hop,1452.0
raw dot product,3,TRVJTNA128F934D19D,30 Seconds To Mars,Kings and Queens (Innerpartysystem Remix Main),electronic,TRDPGXU128F9339C2A,Beastie Boys,B-Boy Bouillabaisse: A.W.O.L. (2009 Digital Remaster),hip hop,1150.0
raw dot product,1,TRRBLPE128F9311B20,LMFAO,Bounce,electronic,TRFUJVJ128F426F2A2,Lauryn Hill,Interlude 5,r&b/soul,5836.0
raw dot product,2,TRRBLPE128F9311B20,LMFAO,Bounce,electronic,TRDPGXU128F9339C2A,Beastie Boys,B-Boy Bouillabaisse: A.W.O.L. (2009 Digital Remaster),hip hop,5283.0
raw dot product,3,TRRBLPE128F9311B20,LMFAO,Bounce,electronic,TRWSYHO128F4282346,Twista,I'm A Winner (Amended Album Version),hip hop,4858.0
raw dot product,1,TRWQYOY128F425BD4C,Crystal Castles,Vanished,electronic,TRFUJVJ128F426F2A2,Lauryn Hill,Interlude 5,r&b/soul,3888.0
raw dot product,2,TRWQYOY128F425BD4C,Crystal Castles,Vanished,electronic,TRDPGXU128F9339C2A,Beastie Boys,B-Boy Bouillabaisse: A.W.O.L. (2009 Digital Remaster),hip hop,3138.0
raw dot product,3,TRWQYOY128F425BD4C,Crystal Castles,Vanished,electronic,TRGLNKG128F9307689,Eminem,My Darling,hip hop,2836.0
raw dot product,1,TRLLRQA128F427C709,Crystal Castles,Xxzxcuzx,electronic,TRFUJVJ128F426F2A2,Lauryn Hill,Interlude 5,r&b/soul,1470.0
raw dot product,2,TRLLRQA128F427C709,Crystal Castles,Xxzxcuzx,electronic,TRDPGXU128F9339C2A,Beastie Boys,B-Boy Bouillabaisse: A.W.O.L. (2009 Digital Remaster),hip hop,850.0
raw dot product,3,TRLLRQA128F427C709,Crystal Castles,Xxzxcuzx,electronic,TRWSYHO128F4282346,Twista,I'm A Winner (Amended Album Version),hip hop,775.0
raw dot product,1,TRDFWPG128F148D4DF,Madonna,Die Another Day [Live],electronic,TRKLJAG128F42B31CF,Mario Vazquez,Everytime I...,r&b/soul,6749.0
raw dot product,2,TRDFWPG128F148D4DF,Madonna,Die Another Day [Live],electronic,TRCHZXW128E079288A,Eminem,8 Mile,hip hop,6677.0
raw dot product,3,TRDFWPG128F148D4DF,Madonna,Die Another Day [Live],electronic,TRDPGXU128F9339C2A,Beastie Boys,B-Boy Bouillabaisse: A.W.O.L. (2009 Digital Remaster),hip hop,6560.0
raw dot product,1,TRVWMWN128E0788952,The Smashing Pumpkins,Perfect (Nellee Hooper Instrumental),electronic,TRFUJVJ128F426F2A2,Lauryn Hill,Interlude 5,r&b/soul,2808.0
raw dot product,2,TRVWMWN128E0788952,The Smashing Pumpkins,Perfect (Nellee Hooper Instrumental),electronic,TRWSYHO128F4282346,Twista,I'm A Winner (Amended Album Version),hip hop,1708.0
raw dot product,3,TRVWMWN128E0788952,The Smashing Pumpkins,Perfect (Nellee Hooper Instrumental),electronic,TREBGAA128E078FC52,Erykah Badu,I Want You,r&b/soul,1654.0
raw dot product,1,TRDHPGJ128F4289C44,Kylie Minogue,Love At First Sight (The Scumfrog's Beauty And The Beast Vocal Edit),electronic,TRFUJVJ128F426F2A2,Lauryn Hill,Interlude 5,r&b/soul,4574.0
raw dot product,2,TRDHPGJ128F4289C44,Kylie Minogue,Love At First Sight (The Scumfrog's Beauty And The Beast Vocal Edit),electronic,TRWSYHO128F4282346,Twista,I'm A Winner (Amended Album Version),hip hop,3212.0
raw dot product,3,TRDHPGJ128F4289C44,Kylie Minogue,Love At First Sight (The Scumfrog's Beauty And The Beast Vocal Edit),electronic,TRDPGXU128F9339C2A,Beastie Boys,B-Boy Bouillabaisse: A.W.O.L. (2009 Digital Remaster),hip hop,3103.0
raw dot product,1,TRFSQXF128F9311B25,LMFAO,I Am Not A Whore,electronic,TRCHZXW128E079288A,Eminem,8 Mile,hip hop,5184.0
raw dot product,2,TRFSQXF128F9311B25,LMFAO,I Am Not A Whore,electronic,TRXHFMI128F429B2F2,Rufio,Over It (Acoustic),punk,4802.0
raw dot product,3,TRFSQXF128F9311B25,LMFAO,I Am Not A Whore,electronic,TRDPGXU128F9339C2A,Beastie Boys,B-Boy Bouillabaisse: A.W.O.L. (2009 Digital Remaster),hip hop,4730.0
raw dot product,1,TRXACXM12903CEC365,Cascada,Fever,electronic,TRBVPVV128F425F14F,Daft Punk,Touch It / Technologic,electronic,5679.0
raw dot product,2,TRXACXM12903CEC365,Cascada,Fever,electronic,TRWSYHO128F4282346,Twista,I'm A Winner (Amended Album Version),hip hop,5491.0
raw dot product,3,TRXACXM12903CEC365,Cascada,Fever,electronic,TRGUCIR128F933D817,Vanilla Ice,Ice Is Workin' It,hip hop,5158.0
raw dot product,1,TRWWVGC12903CB5C50,Depeche Mode,Freestate,electronic,TRLCWTH128F92C7F82,Marques Houston,Cancel (Album Version),r&b/soul,1426.0
raw dot product,2,TRWWVGC12903CB5C50,Depeche Mode,Freestate,electronic,TRCDMRL12903CB105C,Fatboy Slim,Acid 8000,electronic,1375.0
raw dot product,3,TRWWVGC12903CB5C50,Depeche Mode,Freestate,electronic,TRGLNKG128F9307689,Eminem,My Darling,hip hop,1059.0
raw dot product,1,TRYIJWH128F146948C,Depeche Mode,Personal Jesus,electronic,TRFUJVJ128F426F2A2,Lauryn Hill,Interlude 5,r&b/soul,2846.0
raw dot product,2,TRYIJWH128F146948C,Depeche Mode,Personal Jesus,electronic,TRGLNKG128F9307689,Eminem,My Darling,hip hop,2012.0
raw dot product,3,TRYIJWH128F146948C,Depeche Mode,Personal Jesus,electronic,TRDPGXU128F9339C2A,Beastie Boys,B-Boy Bouillabaisse: A.W.O.L. (2009 Digital Remaster),hip hop,1960.0
raw dot product,1,TRDIAZY12903CB6532,Gorillaz,Broken,electronic,TRFUJVJ128F426F2A2,Lauryn Hill,Interlude 5,r&b/soul,1744.0
raw dot product,2,TRDIAZY12903CB6532,Gorillaz,Broken,electronic,TRDPGXU128F9339C2A,Beastie Boys,B-Boy Bouillabaisse: A.W.O.L. (2009 Digital Remaster),hip hop,1294.0
raw dot product,3,TRDIAZY12903CB6532,Gorillaz,Broken,electronic,TRWSYHO128F4282346,Twista,I'm A Winner (Amended Album Version),hip hop,1283.0
raw dot product,1,TRTUJAL128F423E18D,Gorillaz,Kids With Guns (Quiet Village Remix),electronic,TRBVPVV128F425F14F,Daft Punk,Touch It / Technologic,electronic,6595.0
raw dot product,2,TRTUJAL128F423E18D,Gorillaz,Kids With Guns (Quiet Village Remix),electronic,TRGUCIR128F933D817,Vanilla Ice,Ice Is Workin' It,hip hop,5509.0
raw dot product,3,TRTUJAL128F423E18D,Gorillaz,Kids With Guns (Quiet Village Remix),electronic,TRYUJAX12903CF14E7,Charley Patton,Shake It And Break It,blues,3836.0
raw dot product,1,TRBTXNE12903CB6528,Gorillaz,Rhinestone Eyes,electronic,TRFUJVJ128F426F2A2,Lauryn Hill,Interlude 5,r&b/soul,2670.0
raw dot product,2,TRBTXNE12903CB6528,Gorillaz,Rhinestone Eyes,electronic,TRDPGXU128F9339C2A,Beastie Boys,B-Boy Bouillabaisse: A.W.O.L. (2009 Digital Remaster),hip hop,2212.0
raw dot product,3,TRBTXNE12903CB6528,Gorillaz,Rhinestone Eyes,electronic,TRFLWJZ128F425C9E4,The Pharcyde,Otha Fish,hip hop,1948.0
raw dot product,1,TRKQRSQ128F92D5134,The Prodigy,Invaders Must Die,electronic,TREENUC12903CBE042,Fler,NDW 2005,hip hop,420.0
raw dot product,2,TRKQRSQ128F92D5134,The Prodigy,Invaders Must Die,electronic,TRJTYVS128F9354DB0,ARRESTED DEVELOPMENT,Stand,r&b/soul,390.0
raw dot product,3,TRKQRSQ128F92D5134,The Prodigy,Invaders Must Die,electronic,TRDTODK128F1458778,UB40,The Earth Dies Screaming,reggae,308.0
raw dot product,1,TRBFVAA128F423C356,The Prodigy,Wake Up Call (Album Version),electronic,TRFUJVJ128F426F2A2,Lauryn Hill,Interlude 5,r&b/soul,777.0
raw dot product,2,TRBFVAA128F423C356,The Prodigy,Wake Up Call (Album Version),electronic,TRWSYHO128F4282346,Twista,I'm A Winner (Amended Album Version),hip hop,641.0
raw dot product,3,TRBFVAA128F423C356,The Prodigy,Wake Up Call (Album Version),electronic,TRHGZOJ128F14A2ED0,The Simpsons,Do The Bartman,hip hop,553.0
raw dot product,1,TRFSCLD12903CD213F,The Prodigy,We Gonna Rock,electronic,TRCXMEY12903CD1FB6,Apollo 440,Stop The Rock,electronic,5616.0
raw dot product,2,TRFSCLD12903CD213F,The Prodigy,We Gonna Rock,electronic,TRCETEN128F42AD6D0,Bowling For Soup,Here We Go,punk,5217.0
raw dot product,3,TRFSCLD12903CD213F,The Prodigy,We Gonna Rock,electronic,TREXCMT128F933D825,Vanilla Ice,It's A Party,hip hop,4548.0
raw dot product,1,TRZTQEP128E0792526,Nine Inch Nails,The Great Collapse,electronic,TRFUJVJ128F426F2A2,Lauryn Hill,Interlude 5,r&b/soul,1597.0
raw dot product,2,TRZTQEP128E0792526,Nine Inch Nails,The Great Collapse,electronic,TRGUCIR128F933D817,Vanilla Ice,Ice Is Workin' It,hip hop,1109.0
raw dot product,3,TRZTQEP128E0792526,Nine Inch Nails,The Great Collapse,electronic,TRBVPVV128F425F14F,Daft Punk,Touch It / Technologic,electronic,1086.0
raw dot product,1,TRLTFVP128E0782B34,Duran Duran,Electric Barbarella (Radio Edit),electronic,TRFUJVJ128F426F2A2,Lauryn Hill,Interlude 5,r&b/soul,4025.0
raw dot product,2,TRLTFVP128E0782B34,Duran Duran,Electric Barbarella (Radio Edit),electronic,TRWSYHO128F4282346,Twista,I'm A Winner (Amended Album Version),hip hop,3075.0
raw dot product,3,TRLTFVP128E0782B34,Duran Duran,Electric Barbarella (Radio Edit),electronic,TRDPGXU128F9339C2A,Beastie Boys,B-Boy Bouillabaisse: A.W.O.L. (2009 Digital Remaster),hip hop,2731.0
raw dot product,1,TRFVWXW128F931A0E9,Björk,Pluto,electronic,TRCHZXW128E079288A,Eminem,8 Mile,hip hop,494.0
raw dot product,2,TRFVWXW128F931A0E9,Björk,Pluto,electronic,TRFUJVJ128F426F2A2,Lauryn Hill,Interlude 5,r&b/soul,465.0
raw dot product,3,TRFVWXW128F931A0E9,Björk,Pluto,electronic,TRDPGXU128F9339C2A,Beastie Boys,B-Boy Bouillabaisse: A.W.O.L. (2009 Digital Remaster),hip hop,416.0
raw dot product,1,TRKQQMW128F92D54DF,Empire Of The Sun,Delta Bay,electronic,TRFLWJZ128F425C9E4,The Pharcyde,Otha Fish,hip hop,1518.0
raw dot product,2,TRKQQMW128F92D54DF,Empire Of The Sun,Delta Bay,electronic,TRDPGXU128F9339C2A,Beastie Boys,B-Boy Bouillabaisse: A.W.O.L. (2009 Digital Remaster),hip hop,1437.0
raw dot product,3,TRKQQMW128F92D54DF,Empire Of The Sun,Delta Bay,electronic,TRWSYHO128F4282346,Twista,I'm A Winner (Amended Album Version),hip hop,1404.0
raw dot product,1,TRFYMPB128F93100C0,Empire Of The Sun,We Are The People (Shazam Remix),electronic,TRFUJVJ128F426F2A2,Lauryn Hill,Interlude 5,r&b/soul,8737.0
raw dot product,2,TRFYMPB128F93100C0,Empire Of The Sun,We Are The People (Shazam Remix),electronic,TRWSYHO128F4282346,Twista,I'm A Winner (Amended Album Version),hip hop,7195.0
raw dot product,3,TRFYMPB128F93100C0,Empire Of The Sun,We Are The People (Shazam Remix),electronic,TREBGAA128E078FC52,Erykah Badu,I Want You,r&b/soul,6302.0
raw dot product,1,TRBCSDW128F424D686,The Maine,You Left Me,electronic,TRFUJVJ128F426F2A2,Lauryn Hill,Interlude 5,r&b/soul,9266.0
raw dot product,2,TRBCSDW128F424D686,The Maine,You Left Me,electronic,TRUGLTC128F4227B93,Danity Kane,Hold Me Down (Album Version),r&b/soul,8377.0
raw dot product,3,TRBCSDW128F424D686,The Maine,You Left Me,electronic,TRVLIZK128F428845E,Five,That's What You Told Me,pop,7883.0
raw dot product,1,TRRXQJA128F1472A56,Hot Chip,The Warning,electronic,TRWSYHO128F4282346,Twista,I'm A Winner (Amended Album Version),hip hop,3859.0
raw dot product,2,TRRXQJA128F1472A56,Hot Chip,The Warning,electronic,TRFUJVJ128F426F2A2,Lauryn Hill,Interlude 5,r&b/soul,3739.0
raw dot product,3,TRRXQJA128F1472A56,Hot Chip,The Warning,electronic,TRDPGXU128F9339C2A,Beastie Boys,B-Boy Bouillabaisse: A.W.O.L. (2009 Digital Remaster),hip hop,3551.0
raw dot product,1,TRMDYBW128F14A17E8,Enter Shikari,Keep It On Ice,electronic,TRDPGXU128F9339C2A,Beastie Boys,B-Boy Bouillabaisse: A.W.O.L. (2009 Digital Remaster),hip hop,1426.0
raw dot product,2,TRMDYBW128F14A17E8,Enter Shikari,Keep It On Ice,electronic,TRGLNKG128F9307689,Eminem,My Darling,hip hop,1253.0
raw dot product,3,TRMDYBW128F14A17E8,Enter Shikari,Keep It On Ice,electronic,TRHNOMB12903CB2544,Life Without Buildings,New Town,rock,1231.0
raw dot product,1,TRCNUNL128F93437CF,Enter Shikari,The Jester,electronic,TRFUJVJ128F426F2A2,Lauryn Hill,Interlude 5,r&b/soul,3529.0
raw dot product,2,TRCNUNL128F93437CF,Enter Shikari,The Jester,electronic,TRDPGXU128F9339C2A,Beastie Boys,B-Boy Bouillabaisse: A.W.O.L. (2009 Digital Remaster),hip hop,2594.0
raw dot product,3,TRCNUNL128F93437CF,Enter Shikari,The Jester,electronic,TRWSYHO128F4282346,Twista,I'm A Winner (Amended Album Version),hip hop,2319.0
raw dot product,1,TRIPJIJ128F1453AE0,Enya,Lazy Days,electronic,TRFUJVJ128F426F2A2,Lauryn Hill,Interlude 5,r&b/soul,1240.0
raw dot product,2,TRIPJIJ128F1453AE0,Enya,Lazy Days,electronic,TRGUCIR128F933D817,Vanilla Ice,Ice Is Workin' It,hip hop,1176.0
raw dot product,3,TRIPJIJ128F1453AE0,Enya,Lazy Days,electronic,TRBVPVV128F425F14F,Daft Punk,Touch It / Technologic,electronic,1144.0
raw dot product,1,TRPLRVY128F1473EBE,Enya,Someone Said Goodbye,electronic,TRFUJVJ128F426F2A2,Lauryn Hill,Interlude 5,r&b/soul,4463.0
raw dot product,2,TRPLRVY128F1473EBE,Enya,Someone Said Goodbye,electronic,TREBGAA128E078FC52,Erykah Badu,I Want You,r&b/soul,3086.0
raw dot product,3,TRPLRVY128F1473EBE,Enya,Someone Said Goodbye,electronic,TRWSYHO128F4282346,Twista,I'm A Winner (Amended Album Version),hip hop,3037.0
raw dot product,1,TRWPUDX128F148F907,Enya,The Magic Of The Night,electronic,TRFUJVJ128F426F2A2,Lauryn Hill,Interlude 5,r&b/soul,1640.0
raw dot product,2,TRWPUDX128F148F907,Enya,The Magic Of The Night,electronic,TRWSYHO128F4282346,Twista,I'm A Winner (Amended Album Version),hip hop,1374.0
raw dot product,3,TRWPUDX128F148F907,Enya,The Magic Of The Night,electronic,TRFLWJZ128F425C9E4,The Pharcyde,Otha Fish,hip hop,1350.0
raw dot product,1,TRZQTSM128F9328120,Bruce Springsteen,Gave It A Name,folk,TRFUJVJ128F426F2A2,Lauryn Hill,Interlude 5,r&b/soul,1133.0
raw dot product,2,TRZQTSM128F9328120,Bruce Springsteen,Gave It A Name,folk,TRGUCIR128F933D817,Vanilla Ice,Ice Is Workin' It,hip hop,985.0
raw dot product,3,TRZQTSM128F9328120,Bruce Springsteen,Gave It A Name,folk,TRDPGXU128F9339C2A,Beastie Boys,B-Boy Bouillabaisse: A.W.O.L. (2009 Digital Remaster),hip hop,970.0
raw dot product,1,TRNZCWJ128F427099F,Johnny Cash,The Vanishing Race,folk,TRDPGXU128F9339C2A,Beastie Boys,B-Boy Bouillabaisse: A.W.O.L. (2009 Digital Remaster),hip hop,1696.0
raw dot product,2,TRNZCWJ128F427099F,Johnny Cash,The Vanishing Race,folk,TRFUJVJ128F426F2A2,Lauryn Hill,Interlude 5,r&b/soul,1648.0
raw dot product,3,TRNZCWJ128F427099F,Johnny Cash,The Vanishing Race,folk,TRCHZXW128E079288A,Eminem,8 Mile,hip hop,1139.0
raw dot product,1,TRJQRAP128F9314B3F,John Mayer,All We Ever Do Is Say Goodbye,folk,TRFUJVJ128F426F2A2,Lauryn Hill,Interlude 5,r&b/soul,4058.0
raw dot product,2,TRJQRAP128F9314B3F,John Mayer,All We Ever Do Is Say Goodbye,folk,TREBGAA128E078FC52,Erykah Badu,I Want You,r&b/soul,3182.0
raw dot product,3,TRJQRAP128F9314B3F,John Mayer,All We Ever Do Is Say Goodbye,folk,TRWSYHO128F4282346,Twista,I'm A Winner (Amended Album Version),hip hop,2569.0
raw dot product,1,TRETJUU128F426402A,John Mayer,Clarity,folk,TROIJDA128F9341E70,R. Kelly,I Mean (I Don't Mean It),r&b/soul,3416.0
raw dot product,2,TRETJUU128F426402A,John Mayer,Clarity,folk,TRDPGXU128F9339C2A,Beastie Boys,B-Boy Bouillabaisse: A.W.O.L. (2009 Digital Remaster),hip hop,3347.0
raw dot product,3,TRETJUU128F426402A,John Mayer,Clarity,folk,TRFUJVJ128F426F2A2,Lauryn Hill,Interlude 5,r&b/soul,3332.0
raw dot product,1,TRNOUUF128F4280B8D,John Mayer,Why Georgia,folk,TRCHZXW128E079288A,Eminem,8 Mile,hip hop,3749.0
raw dot product,2,TRNOUUF128F4280B8D,John Mayer,Why Georgia,folk,TRDPGXU128F9339C2A,Beastie Boys,B-Boy Bouillabaisse: A.W.O.L. (2009 Digital Remaster),hip hop,3657.0
raw dot product,3,TRNOUUF128F4280B8D,John Mayer,Why Georgia,folk,TRXHFMI128F429B2F2,Rufio,Over It (Acoustic),punk,3583.0
raw dot product,1,TREKVTY128E0784BA3,Jack Johnson,Mudfootball (For Moe Lerner),folk,TRFUJVJ128F426F2A2,Lauryn Hill,Interlude 5,r&b/soul,2367.0
raw dot product,2,TREKVTY128E0784BA3,Jack Johnson,Mudfootball (For Moe Lerner),folk,TRDPGXU128F9339C2A,Beastie Boys,B-Boy Bouillabaisse: A.W.O.L. (2009 Digital Remaster),hip hop,1514.0
raw dot product,3,TREKVTY128E0784BA3,Jack Johnson,Mudfootball (For Moe Lerner),folk,TRQAWKR128F425EEC3,Michael Jackson,Man In The Mirror,pop,1355.0
raw dot product,1,TRYNAAP128F427EF64,Sufjan Stevens,Sister Winter,folk,TRFUJVJ128F426F2A2,Lauryn Hill,Interlude 5,r&b/soul,3703.0
raw dot product,2,TRYNAAP128F427EF64,Sufjan Stevens,Sister Winter,folk,TRDPGXU128F9339C2A,Beastie Boys,B-Boy Bouillabaisse: A.W.O.L. (2009 Digital Remaster),hip hop,3494.0
raw dot product,3,TRYNAAP128F427EF64,Sufjan Stevens,Sister Winter,folk,TRWSYHO128F4282346,Twista,I'm A Winner (Amended Album Version),hip hop,3410.0
raw dot product,1,TRFMWVJ128E0791E70,Rufus Wainwright,In A Graveyard,folk,TRFUJVJ128F426F2A2,Lauryn Hill,Interlude 5,r&b/soul,613.0
raw dot product,2,TRFMWVJ128E0791E70,Rufus Wainwright,In A Graveyard,folk,TRTLIKK128E07862DA,Ja Rule,One of Us,hip hop,541.0
raw dot product,3,TRFMWVJ128E0791E70,Rufus Wainwright,In A Graveyard,folk,TRDPGXU128F9339C2A,Beastie Boys,B-Boy Bouillabaisse: A.W.O.L. (2009 Digital Remaster),hip hop,461.0
raw dot product,1,TRLTTDC128E079380E,Rufus Wainwright,Baby,folk,TRFUJVJ128F426F2A2,Lauryn Hill,Interlude 5,r&b/soul,5681.0
raw dot product,2,TRLTTDC128E079380E,Rufus Wainwright,Baby,folk,TRWSYHO128F4282346,Twista,I'm A Winner (Amended Album Version),hip hop,5126.0
raw dot product,3,TRLTTDC128E079380E,Rufus Wainwright,Baby,folk,TRDPGXU128F9339C2A,Beastie Boys,B-Boy Bouillabaisse: A.W.O.L. (2009 Digital Remaster),hip hop,4861.0
raw dot product,1,TRUCWXA128F92E4944,Edward Sharpe & The Magnetic Zeros,Janglin,folk,TRFUJVJ128F426F2A2,Lauryn Hill,Interlude 5,r&b/soul,1710.0
raw dot product,2,TRUCWXA128F92E4944,Edward Sharpe & The Magnetic Zeros,Janglin,folk,TRDPGXU128F9339C2A,Beastie Boys,B-Boy Bouillabaisse: A.W.O.L. (2009 Digital Remaster),hip hop,1085.0
raw dot product,3,TRUCWXA128F92E4944,Edward Sharpe & The Magnetic Zeros,Janglin,folk,TRGLNKG128F9307689,Eminem,My Darling,hip hop,1072.0
raw dot product,1,TRGQBAX128F426EFCA,Bob Dylan,Ballad In Plain D,folk,TRFUJVJ128F426F2A2,Lauryn Hill,Interlude 5,r&b/soul,4363.0
raw dot product,2,TRGQBAX128F426EFCA,Bob Dylan,Ballad In Plain D,folk,TRDPGXU128F9339C2A,Beastie Boys,B-Boy Bouillabaisse: A.W.O.L. (2009 Digital Remaster),hip hop,4319.0
raw dot product,3,TRGQBAX128F426EFCA,Bob Dylan,Ballad In Plain D,folk,TRCHZXW128E079288A,Eminem,8 Mile,hip hop,3527.0
raw dot product,1,TRGSDTP128F92F76D1,Bob Dylan,One Of Us Must Know (Sooner Or Later),folk,TRFUJVJ128F426F2A2,Lauryn Hill,Interlude 5,r&b/soul,8617.0
raw dot product,2,TRGSDTP128F92F76D1,Bob Dylan,One Of Us Must Know (Sooner Or Later),folk,TRWSYHO128F4282346,Twista,I'm A Winner (Amended Album Version),hip hop,6823.0
raw dot product,3,TRGSDTP128F92F76D1,Bob Dylan,One Of Us Must Know (Sooner Or Later),folk,TREBGAA128E078FC52,Erykah Badu,I Want You,r&b/soul,5664.0
raw dot product,1,TRMRMTN128F92D426F,James Taylor,It's Growing,folk,TRFUJVJ128F426F2A2,Lauryn Hill,Interlude 5,r&b/soul,5582.0
raw dot product,2,TRMRMTN128F92D426F,James Taylor,It's Growing,folk,TRBVPVV128F425F14F,Daft Punk,Touch It / Technologic,electronic,4204.0
raw dot product,3,TRMRMTN128F92D426F,James Taylor,It's Growing,folk,TRGUCIR128F933D817,Vanilla Ice,Ice Is Workin' It,hip hop,4069.0
raw dot product,1,TRDFPTZ128F14B108C,James Taylor,Oh_ Susannah (LP Version),folk,TRDPGXU128F9339C2A,Beastie Boys,B-Boy Bouillabaisse: A.W.O.L. (2009 Digital Remaster),hip hop,2513.0
raw dot product,2,TRDFPTZ128F14B108C,James Taylor,Oh_ Susannah (LP Version),folk,TRFUJVJ128F426F2A2,Lauryn Hill,Interlude 5,r&b/soul,2392.0
raw dot product,3,TRDFPTZ128F14B108C,James Taylor,Oh_ Susannah (LP Version),folk,TRWSYHO128F4282346,Twista,I'm A Winner (Amended Album Version),hip hop,2121.0
raw dot product,1,TROZEMN128F4262CCA,James Taylor,Something In The Way She Moves,folk,TRFUJVJ128F426F2A2,Lauryn Hill,Interlude 5,r&b/soul,4724.0
raw dot product,2,TROZEMN128F4262CCA,James Taylor,Something In The Way She Moves,folk,TRDPGXU128F9339C2A,Beastie Boys,B-Boy Bouillabaisse: A.W.O.L. (2009 Digital Remaster),hip hop,3817.0
raw dot product,3,TROZEMN128F4262CCA,James Taylor,Something In The Way She Moves,folk,TRYCBLK12903CE6A0E,Twiztid,She Ain't Afraid,hip hop,3260.0
raw dot product,1,TRGAZWQ12903CB0BA9,David Gray,Draw The Line,folk,TRFUJVJ128F426F2A2,Lauryn Hill,Interlude 5,r&b/soul,1466.0
raw dot product,2,TRGAZWQ12903CB0BA9,David Gray,Draw The Line,folk,TRDPGXU128F9339C2A,Beastie Boys,B-Boy Bouillabaisse: A.W.O.L. (2009 Digital Remaster),hip hop,1176.0
raw dot product,3,TRGAZWQ12903CB0BA9,David Gray,Draw The Line,folk,TRLCWTH128F92C7F82,Marques Houston,Cancel (Album Version),r&b/soul,1002.0
raw dot product,1,TRSNACX128E078AA88,David Gray,Sail Away,folk,TREZBFM128F428508A,Fatboy Slim,The Rockafeller Skank,electronic,4327.0
raw dot product,2,TRSNACX128E078AA88,David Gray,Sail Away,folk,TRFUJVJ128F426F2A2,Lauryn Hill,Interlude 5,r&b/soul,3842.0
raw dot product,3,TRSNACX128E078AA88,David Gray,Sail Away,folk,TRUGLTC128F4227B93,Danity Kane,Hold Me Down (Album Version),r&b/soul,3580.0
raw dot product,1,TRXCQOC12903CB0BBA,David Gray,Stella The Artist,folk,TRFUJVJ128F426F2A2,Lauryn Hill,Interlude 5,r&b/soul,1637.0
raw dot product,2,TRXCQOC12903CB0BBA,David Gray,Stella The Artist,folk,TRDPGXU128F9339C2A,Beastie Boys,B-Boy Bouillabaisse: A.W.O.L. (2009 Digital Remaster),hip hop,1278.0
raw dot product,3,TRXCQOC12903CB0BBA,David Gray,Stella The Artist,folk,TRYCBLK12903CE6A0E,Twiztid,She Ain't Afraid,hip hop,1016.0
raw dot product,1,TRPGPVH128F429B2F0,Rise Against,Swing Life Away (Acoustic),folk,TRFUJVJ128F426F2A2,Lauryn Hill,Interlude 5,r&b/soul,4554.0
raw dot product,2,TRPGPVH128F429B2F0,Rise Against,Swing Life Away (Acoustic),folk,TRDPGXU128F9339C2A,Beastie Boys,B-Boy Bouillabaisse: A.W.O.L. (2009 Digital Remaster),hip hop,3753.0
raw dot product,3,TRPGPVH128F429B2F0,Rise Against,Swing Life Away (Acoustic),folk,TRWSYHO128F4282346,Twista,I'm A Winner (Amended Album Version),hip hop,3492.0
raw dot product,1,TRHLRGU128F42643FB,Bob Dylan,Billy 4,folk,TRFUJVJ128F426F2A2,Lauryn Hill,Interlude 5,r&b/soul,3007.0
raw dot product,2,TRHLRGU128F42643FB,Bob Dylan,Billy 4,folk,TRWSYHO128F4282346,Twista,I'm A Winner (Amended Album Version),hip hop,2423.0
raw dot product,3,TRHLRGU128F42643FB,Bob Dylan,Billy 4,folk,TRGLNKG128F9307689,Eminem,My Darling,hip hop,2140.0
raw dot product,1,TRFCCKL128F426EE8E,Bob Dylan,Stuck Inside Of Mobile With The Memphis Blues Again,folk,TRFUJVJ128F426F2A2,Lauryn Hill,Interlude 5,r&b/soul,7190.0
raw dot product,2,TRFCCKL128F426EE8E,Bob Dylan,Stuck Inside Of Mobile With The Memphis Blues Again,folk,TRDPGXU128F9339C2A,Beastie Boys,B-Boy Bouillabaisse: A.W.O.L. (2009 Digital Remaster),hip hop,5605.0
raw dot product,3,TRFCCKL128F426EE8E,Bob Dylan,Stuck Inside Of Mobile With The Memphis Blues Again,folk,TRWSYHO128F4282346,Twista,I'm A Winner (Amended Album Version),hip hop,4521.0
raw dot product,1,TRGOYOU128F93223F2,Bob Dylan,Pretty Peggy-O,folk,TRFUJVJ128F426F2A2,Lauryn Hill,Interlude 5,r&b/soul,1454.0
raw dot product,2,TRGOYOU128F93223F2,Bob Dylan,Pretty Peggy-O,folk,TRDPGXU128F9339C2A,Beastie Boys,B-Boy Bouillabaisse: A.W.O.L. (2009 Digital Remaster),hip hop,1186.0
raw dot product,3,TRGOYOU128F93223F2,Bob Dylan,Pretty Peggy-O,folk,TRGLNKG128F9307689,Eminem,My Darling,hip hop,1144.0
raw dot product,1,TROMGSH128F427A408,Bob Dylan,She Belongs To Me,folk,TRYCBLK12903CE6A0E,Twiztid,She Ain't Afraid,hip hop,1718.0
raw dot product,2,TROMGSH128F427A408,Bob Dylan,She Belongs To Me,folk,TRAUNHR128F92DBBC1,UGK (Underground Kingz),She Luv It,hip hop,1594.0
raw dot product,3,TROMGSH128F427A408,Bob Dylan,She Belongs To Me,folk,TRXJTJZ128F4295464,The Corrs,Queen Of Hollywood ( LP Version ),pop,1481.0
raw dot product,1,TRFBWEC128F42B8346,Bob Dylan,When The Deal Goes Down,folk,TRFUJVJ128F426F2A2,Lauryn Hill,Interlude 5,r&b/soul,4500.0
raw dot product,2,TRFBWEC128F42B8346,Bob Dylan,When The Deal Goes Down,folk,TRDPGXU128F9339C2A,Beastie Boys,B-Boy Bouillabaisse: A.W.O.L. (2009 Digital Remaster),hip hop,3401.0
raw dot product,3,TRFBWEC128F42B8346,Bob Dylan,When The Deal Goes Down,folk,TRWSYHO128F4282346,Twista,I'm A Winner (Amended Album Version),hip hop,3122.0
raw dot product,1,TRDVYVJ128F426F7C0,Bob Dylan,With God On Our Side,folk,TRFUJVJ128F426F2A2,Lauryn Hill,Interlude 5,r&b/soul,3985.0
raw dot product,2,TRDVYVJ128F426F7C0,Bob Dylan,With God On Our Side,folk,TRDPGXU128F9339C2A,Beastie Boys,B-Boy Bouillabaisse: A.W.O.L. (2009 Digital Remaster),hip hop,3634.0
raw dot product,3,TRDVYVJ128F426F7C0,Bob Dylan,With God On Our Side,folk,TRGUCIR128F933D817,Vanilla Ice,Ice Is Workin' It,hip hop,2801.0
raw dot product,1,TREKVGV128E0788976,The Smashing Pumpkins,Terrapin,folk,TRFUJVJ128F426F2A2,Lauryn Hill,Interlude 5,r&b/soul,2977.0
raw dot product,2,TREKVGV128E0788976,The Smashing Pumpkins,Terrapin,folk,TRWSYHO128F4282346,Twista,I'm A Winner (Amended Album Version),hip hop,2510.0
raw dot product,3,TREKVGV128E0788976,The Smashing Pumpkins,Terrapin,folk,TREBGAA128E078FC52,Erykah Badu,I Want You,r&b/soul,2368.0
raw dot product,1,TRUUBKE128F426F5C0,James Taylor,On The 4th of July,folk,TRFUJVJ128F426F2A2,Lauryn Hill,Interlude 5,r&b/soul,3136.0
raw dot product,2,TRUUBKE128F426F5C0,James Taylor,On The 4th of July,folk,TRDPGXU128F9339C2A,Beastie Boys,B-Boy Bouillabaisse: A.W.O.L. (2009 Digital Remaster),hip hop,2180.0
raw dot product,3,TRUUBKE128F426F5C0,James Taylor,On The 4th of July,folk,TRTLIKK128E07862DA,Ja Rule,One of Us,hip hop,2127.0
raw dot product,1,TRJZYIT128F426D5BE,James Taylor,Company Man,folk,TRFUJVJ128F426F2A2,Lauryn Hill,Interlude 5,r&b/soul,4436.0
raw dot product,2,TRJZYIT128F426D5BE,James Taylor,Company Man,folk,TRWSYHO128F4282346,Twista,I'm A Winner (Amended Album Version),hip hop,3564.0
raw dot product,3,TRJZYIT128F426D5BE,James Taylor,Company Man,folk,TRQAWKR128F425EEC3,Michael Jackson,Man In The Mirror,pop,3240.0
raw dot product,1,TRYOIZM128F14567A0,Jimmy Buffett,Ace,folk,TRFUJVJ128F426F2A2,Lauryn Hill,Interlude 5,r&b/soul,2508.0
raw dot product,2,TRYOIZM128F14567A0,Jimmy Buffett,Ace,folk,TRDPGXU128F9339C2A,Beastie Boys,B-Boy Bouillabaisse: A.W.O.L. (2009 Digital Remaster),hip hop,2241.0
raw dot product,3,TRYOIZM128F14567A0,Jimmy Buffett,Ace,folk,TRQAWKR128F425EEC3,Michael Jackson,Man In The Mirror,pop,2060.0
raw dot product,1,TRQYFLB128E078941E,Ryan Adams,How Do You Keep Love Alive,folk,TRFUJVJ128F426F2A2,Lauryn Hill,Interlude 5,r&b/soul,3347.0
raw dot product,2,TRQYFLB128E078941E,Ryan Adams,How Do You Keep Love Alive,folk,TRWSYHO128F4282346,Twista,I'm A Winner (Amended Album Version),hip hop,3295.0
raw dot product,3,TRQYFLB128E078941E,Ryan Adams,How Do You Keep Love Alive,folk,TREBGAA128E078FC52,Erykah Badu,I Want You,r&b/soul,2643.0
raw dot product,1,TRZUSDI128F4259806,Ryan Adams,When The Stars Go Blue,folk,TRWSYHO128F4282346,Twista,I'm A Winner (Amended Album Version),hip hop,2749.0
raw dot product,2,TRZUSDI128F4259806,Ryan Adams,When The Stars Go Blue,folk,TRFUJVJ128F426F2A2,Lauryn Hill,Interlude 5,r&b/soul,2386.0
raw dot product,3,TRZUSDI128F4259806,Ryan Adams,When The Stars Go Blue,folk,TREBGAA128E078FC52,Erykah Badu,I Want You,r&b/soul,2034.0
raw dot product,1,TRWUFEW128F14782F3,Ray LaMontagne,Forever My Friend,folk,TRFUJVJ128F426F2A2,Lauryn Hill,Interlude 5,r&b/soul,4171.0
raw dot product,2,TRWUFEW128F14782F3,Ray LaMontagne,Forever My Friend,folk,TRDPGXU128F9339C2A,Beastie Boys,B-Boy Bouillabaisse: A.W.O.L. (2009 Digital Remaster),hip hop,3187.0
raw dot product,3,TRWUFEW128F14782F3,Ray LaMontagne,Forever My Friend,folk,TRCHZXW128E079288A,Eminem,8 Mile,hip hop,3124.0
raw dot product,1,TRPZXTD128F14856D4,Ray LaMontagne,How Come [Acoustic Mix],folk,TRFUJVJ128F426F2A2,Lauryn Hill,Interlude 5,r&b/soul,3048.0
raw dot product,2,TRPZXTD128F14856D4,Ray LaMontagne,How Come [Acoustic Mix],folk,TRDPGXU128F9339C2A,Beastie Boys,B-Boy Bouillabaisse: A.W.O.L. (2009 Digital Remaster),hip hop,2639.0
raw dot product,3,TRPZXTD128F14856D4,Ray LaMontagne,How Come [Acoustic Mix],folk,TRCHZXW128E079288A,Eminem,8 Mile,hip hop,2166.0
raw dot product,1,TRIOKOC128F4267572,Leonard Cohen,Chelsea Hotel #2,folk,TRFUJVJ128F426F2A2,Lauryn Hill,Interlude 5,r&b/soul,6689.0
raw dot product,2,TRIOKOC128F4267572,Leonard Cohen,Chelsea Hotel #2,folk,TRWSYHO128F4282346,Twista,I'm A Winner (Amended Album Version),hip hop,5830.0
raw dot product,3,TRIOKOC128F4267572,Leonard Cohen,Chelsea Hotel #2,folk,TREBGAA128E078FC52,Erykah Badu,I Want You,r&b/soul,4980.0
raw dot product,1,TREBQMO128F42828DB,We Are Scientists,Lethal Enforcer (Live From Union Chapel_ London),folk,TRFUJVJ128F426F2A2,Lauryn Hill,Interlude 5,r&b/soul,4731.0
raw dot product,2,TREBQMO128F42828DB,We Are Scientists,Lethal Enforcer (Live From Union Chapel_ London),folk,TRWSYHO128F4282346,Twista,I'm A Winner (Amended Album Version),hip hop,3964.0
raw dot product,3,TREBQMO128F42828DB,We Are Scientists,Lethal Enforcer (Live From Union Chapel_ London),folk,TRDPGXU128F9339C2A,Beastie Boys,B-Boy Bouillabaisse: A.W.O.L. (2009 Digital Remaster),hip hop,3735.0
raw dot product,1,TRIQKDQ128F146F504,KT Tunstall,Change,folk,TRFUJVJ128F426F2A2,Lauryn Hill,Interlude 5,r&b/soul,3840.0
raw dot product,2,TRIQKDQ128F146F504,KT Tunstall,Change,folk,TREBGAA128E078FC52,Erykah Badu,I Want You,r&b/soul,3147.0
raw dot product,3,TRIQKDQ128F146F504,KT Tunstall,Change,folk,TRDPGXU128F9339C2A,Beastie Boys,B-Boy Bouillabaisse: A.W.O.L. (2009 Digital Remaster),hip hop,3129.0
raw dot product,1,TRBFURI128F1455498,KT Tunstall,Under The Weather,folk,TRFUJVJ128F426F2A2,Lauryn Hill,Interlude 5,r&b/soul,3820.0
raw dot product,2,TRBFURI128F1455498,KT Tunstall,Under The Weather,folk,TRWSYHO128F4282346,Twista,I'm A Winner (Amended Album Version),hip hop,3403.0
raw dot product,3,TRBFURI128F1455498,KT Tunstall,Under The Weather,folk,TRDPGXU128F9339C2A,Beastie Boys,B-Boy Bouillabaisse: A.W.O.L. (2009 Digital Remaster),hip hop,3189.0
raw dot product,1,TRVLECJ128E078235B,The Verve,So Sister,folk,TRDPGXU128F9339C2A,Beastie Boys,B-Boy Bouillabaisse: A.W.O.L. (2009 Digital Remaster),hip hop,5200.0
raw dot product,2,TRVLECJ128E078235B,The Verve,So Sister,folk,TRFUJVJ128F426F2A2,Lauryn Hill,Interlude 5,r&b/soul,4868.0
raw dot product,3,TRVLECJ128E078235B,The Verve,So Sister,folk,TREBGAA128E078FC52,Erykah Badu,I Want You,r&b/soul,4562.0
raw dot product,1,TRMLKKJ128E0798A59,Liz Phair,Lost Tonight,folk,TRFUJVJ128F426F2A2,Lauryn Hill,Interlude 5,r&b/soul,5305.0
raw dot product,2,TRMLKKJ128E0798A59,Liz Phair,Lost Tonight,folk,TRWSYHO128F4282346,Twista,I'm A Winner (Amended Album Version),hip hop,4323.0
raw dot product,3,TRMLKKJ128E0798A59,Liz Phair,Lost Tonight,folk,TREBGAA128E078FC52,Erykah Badu,I Want You,r&b/soul,3824.0
raw dot product,1,TRYBZQD12903CD1380,The Pogues,Sunnyside Of The Street,folk,TRDPGXU128F9339C2A,Beastie Boys,B-Boy Bouillabaisse: A.W.O.L. (2009 Digital Remaster),hip hop,2505.0
raw dot product,2,TRYBZQD12903CD1380,The Pogues,Sunnyside Of The Street,folk,TRCHZXW128E079288A,Eminem,8 Mile,hip hop,2269.0
raw dot product,3,TRYBZQD12903CD1380,The Pogues,Sunnyside Of The Street,folk,TRFUJVJ128F426F2A2,Lauryn Hill,Interlude 5,r&b/soul,2189.0
raw dot product,1,TRHYZQR128F428F5C5,Kanye West,Can't Tell Me Nothing,hip hop,TRFUJVJ128F426F2A2,Lauryn Hill,Interlude 5,r&b/soul,8750.0
raw dot product,2,TRHYZQR128F428F5C5,Kanye West,Can't Tell Me Nothing,hip hop,TRWSYHO128F4282346,Twista,I'm A Winner (Amended Album Version),hip hop,7472.0
raw dot product,3,TRHYZQR128F428F5C5,Kanye West,Can't Tell Me Nothing,hip hop,TRDPGXU128F9339C2A,Beastie Boys,B-Boy Bouillabaisse: A.W.O.L. (2009 Digital Remaster),hip hop,6899.0
raw dot product,1,TRPQDHV128E07845CB,Kanye West,Graduation Day,hip hop,TRFUJVJ128F426F2A2,Lauryn Hill,Interlude 5,r&b/soul,3980.0
raw dot product,2,TRPQDHV128E07845CB,Kanye West,Graduation Day,hip hop,TRWSYHO128F4282346,Twista,I'm A Winner (Amended Album Version),hip hop,3177.0
raw dot product,3,TRPQDHV128E07845CB,Kanye West,Graduation Day,hip hop,TREBGAA128E078FC52,Erykah Badu,I Want You,r&b/soul,2856.0
raw dot product,1,TRHAGFQ128F428B8EA,Kanye West,Wake Up Mr. West,hip hop,TRFUJVJ128F426F2A2,Lauryn Hill,Interlude 5,r&b/soul,2853.0
raw dot product,2,TRHAGFQ128F428B8EA,Kanye West,Wake Up Mr. West,hip hop,TRWSYHO128F4282346,Twista,I'm A Winner (Amended Album Version),hip hop,2582.0
raw dot product,3,TRHAGFQ128F428B8EA,Kanye West,Wake Up Mr. West,hip hop,TREBGAA128E078FC52,Erykah Badu,I Want You,r&b/soul,2236.0
raw dot product,1,TRQXYGU128E079236A,Black Eyed Peas,A8,hip hop,TRFUJVJ128F426F2A2,Lauryn Hill,Interlude 5,r&b/soul,16403.0
raw dot product,2,TRQXYGU128E079236A,Black Eyed Peas,A8,hip hop,TRWSYHO128F4282346,Twista,I'm A Winner (Amended Album Version),hip hop,13125.0
raw dot product,3,TRQXYGU128E079236A,Black Eyed Peas,A8,hip hop,TREBGAA128E078FC52,Erykah Badu,I Want You,r&b/soul,11110.0
raw dot product,1,TRBUESY128F92F81F6,Black Eyed Peas,Boom Boom Guetta,hip hop,TRUEGMJ128F148D40C,Slick Rick,Let's Get Crazy,hip hop,5646.0
raw dot product,2,TRBUESY128F92F81F6,Black Eyed Peas,Boom Boom Guetta,hip hop,TRWSYHO128F4282346,Twista,I'm A Winner (Amended Album Version),hip hop,5165.0
raw dot product,3,TRBUESY128F92F81F6,Black Eyed Peas,Boom Boom Guetta,hip hop,TRPBLTG128F933924A,Calvin Harris,The Girls,electronic,4988.0
raw dot product,1,TRPDBLM128E0792367,Black Eyed Peas,Communication,hip hop,TRFUJVJ128F426F2A2,Lauryn Hill,Interlude 5,r&b/soul,7908.0
raw dot product,2,TRPDBLM128E0792367,Black Eyed Peas,Communication,hip hop,TRBVPVV128F425F14F,Daft Punk,Touch It / Technologic,electronic,6512.0
raw dot product,3,TRPDBLM128E0792367,Black Eyed Peas,Communication,hip hop,TRGUCIR128F933D817,Vanilla Ice,Ice Is Workin' It,hip hop,6373.0
raw dot product,1,TRLINLH128F9346400,Black Eyed Peas,One Tribe,hip hop,TRTLIKK128E07862DA,Ja Rule,One of Us,hip hop,10279.0
raw dot product,2,TRLINLH128F9346400,Black Eyed Peas,One Tribe,hip hop,TRFUJVJ128F426F2A2,Lauryn Hill,Interlude 5,r&b/soul,9253.0
raw dot product,3,TRLINLH128F9346400,Black Eyed Peas,One Tribe,hip hop,TRDPGXU128F9339C2A,Beastie Boys,B-Boy Bouillabaisse: A.W.O.L. (2009 Digital Remaster),hip hop,5715.0
raw dot product,1,TREPPUG128F9301FAB,Black Eyed Peas,Sexy,hip hop,TRFUJVJ128F426F2A2,Lauryn Hill,Interlude 5,r&b/soul,8731.0
raw dot product,2,TREPPUG128F9301FAB,Black Eyed Peas,Sexy,hip hop,TRWSYHO128F4282346,Twista,I'm A Winner (Amended Album Version),hip hop,7236.0
raw dot product,3,TREPPUG128F9301FAB,Black Eyed Peas,Sexy,hip hop,TRDPGXU128F9339C2A,Beastie Boys,B-Boy Bouillabaisse: A.W.O.L. (2009 Digital Remaster),hip hop,6427.0
raw dot product,1,TRBBVNR128E078E1E4,Black Eyed Peas,Tell Your Momma Come,hip hop,TRFUJVJ128F426F2A2,Lauryn Hill,Interlude 5,r&b/soul,6243.0
raw dot product,2,TRBBVNR128E078E1E4,Black Eyed Peas,Tell Your Momma Come,hip hop,TREXCMT128F933D825,Vanilla Ice,It's A Party,hip hop,5347.0
raw dot product,3,TRBBVNR128E078E1E4,Black Eyed Peas,Tell Your Momma Come,hip hop,TRLCWTH128F92C7F82,Marques Houston,Cancel (Album Version),r&b/soul,4786.0
raw dot product,1,TRTJVGX128E078EB1C,Black Eyed Peas,The Apl Song,hip hop,TRFUJVJ128F426F2A2,Lauryn Hill,Interlude 5,r&b/soul,2904.0
raw dot product,2,TRTJVGX128E078EB1C,Black Eyed Peas,The Apl Song,hip hop,TRDPGXU128F9339C2A,Beastie Boys,B-Boy Bouillabaisse: A.W.O.L. (2009 Digital Remaster),hip hop,2547.0
raw dot product,3,TRTJVGX128E078EB1C,Black Eyed Peas,The Apl Song,hip hop,TRWSYHO128F4282346,Twista,I'm A Winner (Amended Album Version),hip hop,2255.0
raw dot product,1,TRDJOCY128F4294CD5,Kanye West,Diamonds From Sierra Leone,hip hop,TRFUJVJ128F426F2A2,Lauryn Hill,Interlude 5,r&b/soul,7877.0
raw dot product,2,TRDJOCY128F4294CD5,Kanye West,Diamonds From Sierra Leone,hip hop,TRDPGXU128F9339C2A,Beastie Boys,B-Boy Bouillabaisse: A.W.O.L. (2009 Digital Remaster),hip hop,6292.0
raw dot product,3,TRDJOCY128F4294CD5,Kanye West,Diamonds From Sierra Leone,hip hop,TRWSYHO128F4282346,Twista,I'm A Winner (Amended Album Version),hip hop,5811.0
raw dot product,1,TREADOS128E078EC1F,Eminem,If I Had,hip hop,TRFUJVJ128F426F2A2,Lauryn Hill,Interlude 5,r&b/soul,9605.0
raw dot product,2,TREADOS128E078EC1F,Eminem,If I Had,hip hop,TRDPGXU128F9339C2A,Beastie Boys,B-Boy Bouillabaisse: A.W.O.L. (2009 Digital Remaster),hip hop,9469.0
raw dot product,3,TREADOS128E078EC1F,Eminem,If I Had,hip hop,TRCHZXW128E079288A,Eminem,8 Mile,hip hop,8214.0
raw dot product,1,TRHPAVK128E078EC9C,Eminem,Ken Kaniff,hip hop,TRFUJVJ128F426F2A2,Lauryn Hill,Interlude 5,r&b/soul,8216.0
raw dot product,2,TRHPAVK128E078EC9C,Eminem,Ken Kaniff,hip hop,TRDPGXU128F9339C2A,Beastie Boys,B-Boy Bouillabaisse: A.W.O.L. (2009 Digital Remaster),hip hop,7588.0
raw dot product,3,TRHPAVK128E078EC9C,Eminem,Ken Kaniff,hip hop,TRCHZXW128E079288A,Eminem,8 Mile,hip hop,6209.0
raw dot product,1,TRGLNKG128F9307689,Eminem,My Darling,hip hop,TRFUJVJ128F426F2A2,Lauryn Hill,Interlude 5,r&b/soul,22766.0
raw dot product,2,TRGLNKG128F9307689,Eminem,My Darling,hip hop,TRWSYHO128F4282346,Twista,I'm A Winner (Amended Album Version),hip hop,18521.0
raw dot product,3,TRGLNKG128F9307689,Eminem,My Darling,hip hop,TRDPGXU128F9339C2A,Beastie Boys,B-Boy Bouillabaisse: A.W.O.L. (2009 Digital Remaster),hip hop,16797.0
raw dot product,1,TRCHZXW128E079288A,Eminem,8 Mile,hip hop,TRDPGXU128F9339C2A,Beastie Boys,B-Boy Bouillabaisse: A.W.O.L. (2009 Digital Remaster),hip hop,17013.0
raw dot product,2,TRCHZXW128E079288A,Eminem,8 Mile,hip hop,TRFUJVJ128F426F2A2,Lauryn Hill,Interlude 5,r&b/soul,16626.0
raw dot product,3,TRCHZXW128E079288A,Eminem,8 Mile,hip hop,TRWSYHO128F4282346,Twista,I'm A Winner (Amended Album Version),hip hop,14068.0
raw dot product,1,TRCDLUM128F9331CA9,Usher,Love Was Here,hip hop,TRFUJVJ128F426F2A2,Lauryn Hill,Interlude 5,r&b/soul,7931.0
raw dot product,2,TRCDLUM128F9331CA9,Usher,Love Was Here,hip hop,TRWSYHO128F4282346,Twista,I'm A Winner (Amended Album Version),hip hop,7167.0
raw dot product,3,TRCDLUM128F9331CA9,Usher,Love Was Here,hip hop,TREBGAA128E078FC52,Erykah Badu,I Want You,r&b/soul,6340.0
raw dot product,1,TRPMNRL128F9302AD7,Akon,Be With You,hip hop,TRFUJVJ128F426F2A2,Lauryn Hill,Interlude 5,r&b/soul,14362.0
raw dot product,2,TRPMNRL128F9302AD7,Akon,Be With You,hip hop,TRDPGXU128F9339C2A,Beastie Boys,B-Boy Bouillabaisse: A.W.O.L. (2009 Digital Remaster),hip hop,11253.0
raw dot product,3,TRPMNRL128F9302AD7,Akon,Be With You,hip hop,TRWSYHO128F4282346,Twista,I'm A Winner (Amended Album Version),hip hop,11057.0
raw dot product,1,TRRIRMX128F92E6272,Akon,Locked Up,hip hop,TRHJDKU128F1456E10,Ice Cube,When I Get To Heaven (Remix) (Explicit),hip hop,8786.0
raw dot product,2,TRRIRMX128F92E6272,Akon,Locked Up,hip hop,TRUGLTC128F4227B93,Danity Kane,Hold Me Down (Album Version),r&b/soul,6272.0
raw dot product,3,TRRIRMX128F92E6272,Akon,Locked Up,hip hop,TRDPGXU128F9339C2A,Beastie Boys,B-Boy Bouillabaisse: A.W.O.L. (2009 Digital Remaster),hip hop,6231.0
raw dot product,1,TRCEYQJ128E07862DE,Jay-Z,So Ghetto,hip hop,TRFUJVJ128F426F2A2,Lauryn Hill,Interlude 5,r&b/soul,8107.0
raw dot product,2,TRCEYQJ128E07862DE,Jay-Z,So Ghetto,hip hop,TRDPGXU128F9339C2A,Beastie Boys,B-Boy Bouillabaisse: A.W.O.L. (2009 Digital Remaster),hip hop,7905.0
raw dot product,3,TRCEYQJ128E07862DE,Jay-Z,So Ghetto,hip hop,TRCHZXW128E079288A,Eminem,8 Mile,hip hop,7155.0
raw dot product,1,TRZGUNN128E07862F7,Jay-Z,Heart Of The City (Ain't No Love),hip hop,TRFUJVJ128F426F2A2,Lauryn Hill,Interlude 5,r&b/soul,7878.0
raw dot product,2,TRZGUNN128E07862F7,Jay-Z,Heart Of The City (Ain't No Love),hip hop,TRDPGXU128F9339C2A,Beastie Boys,B-Boy Bouillabaisse: A.W.O.L. (2009 Digital Remaster),hip hop,7351.0
raw dot product,3,TRZGUNN128E07862F7,Jay-Z,Heart Of The City (Ain't No Love),hip hop,TRCHZXW128E079288A,Eminem,8 Mile,hip hop,6530.0
raw dot product,1,TRTVTYS128E0792887,Eminem,Rabbit Run,hip hop,TRFUJVJ128F426F2A2,Lauryn Hill,Interlude 5,r&b/soul,10439.0
raw dot product,2,TRTVTYS128E0792887,Eminem,Rabbit Run,hip hop,TRDPGXU128F9339C2A,Beastie Boys,B-Boy Bouillabaisse: A.W.O.L. (2009 Digital Remaster),hip hop,9936.0
raw dot product,3,TRTVTYS128E0792887,Eminem,Rabbit Run,hip hop,TRWSYHO128F4282346,Twista,I'm A Winner (Amended Album Version),hip hop,9500.0
raw dot product,1,TRBEBJO128C719646B,Nelly,Splurge,hip hop,TRFUJVJ128F426F2A2,Lauryn Hill,Interlude 5,r&b/soul,20757.0
raw dot product,2,TRBEBJO128C719646B,Nelly,Splurge,hip hop,TRDPGXU128F9339C2A,Beastie Boys,B-Boy Bouillabaisse: A.W.O.L. (2009 Digital Remaster),hip hop,16731.0
raw dot product,3,TRBEBJO128C719646B,Nelly,Splurge,hip hop,TRWSYHO128F4282346,Twista,I'm A Winner (Amended Album Version),hip hop,16494.0
raw dot product,1,TRMWYIH128E078DCA6,Nelly,St. Louie,hip hop,TRFUJVJ128F426F2A2,Lauryn Hill,Interlude 5,r&b/soul,9575.0
raw dot product,2,TRMWYIH128E078DCA6,Nelly,St. Louie,hip hop,TRDPGXU128F9339C2A,Beastie Boys,B-Boy Bouillabaisse: A.W.O.L. (2009 Digital Remaster),hip hop,7227.0
raw dot product,3,TRMWYIH128E078DCA6,Nelly,St. Louie,hip hop,TRWSYHO128F4282346,Twista,I'm A Winner (Amended Album Version),hip hop,6326.0
raw dot product,1,TRHXTHR128F145E864,Nelly,Wrap Sumden,hip hop,TRFUJVJ128F426F2A2,Lauryn Hill,Interlude 5,r&b/soul,7411.0
raw dot product,2,TRHXTHR128F145E864,Nelly,Wrap Sumden,hip hop,TRDPGXU128F9339C2A,Beastie Boys,B-Boy Bouillabaisse: A.W.O.L. (2009 Digital Remaster),hip hop,6648.0
raw dot product,3,TRHXTHR128F145E864,Nelly,Wrap Sumden,hip hop,TRCHZXW128E079288A,Eminem,8 Mile,hip hop,5497.0
raw dot product,1,TRQRAKE128F9322866,Jay-Z,Soon You'll Understand,hip hop,TRFUJVJ128F426F2A2,Lauryn Hill,Interlude 5,r&b/soul,16833.0
raw dot product,2,TRQRAKE128F9322866,Jay-Z,Soon You'll Understand,hip hop,TRWSYHO128F4282346,Twista,I'm A Winner (Amended Album Version),hip hop,14552.0
raw dot product,3,TRQRAKE128F9322866,Jay-Z,Soon You'll Understand,hip hop,TREBGAA128E078FC52,Erykah Badu,I Want You,r&b/soul,11823.0
raw dot product,1,TRCDAUA128E0784644,Jay-Z,Encore,hip hop,TRFUJVJ128F426F2A2,Lauryn Hill,Interlude 5,r&b/soul,9611.0
raw dot product,2,TRCDAUA128E0784644,Jay-Z,Encore,hip hop,TRWSYHO128F4282346,Twista,I'm A Winner (Amended Album Version),hip hop,8460.0
raw dot product,3,TRCDAUA128E0784644,Jay-Z,Encore,hip hop,TREBGAA128E078FC52,Erykah Badu,I Want You,r&b/soul,6725.0
raw dot product,1,TRBCPZS128F145ECC1,Nelly,Say Now,hip hop,TRFUJVJ128F426F2A2,Lauryn Hill,Interlude 5,r&b/soul,7559.0
raw dot product,2,TRBCPZS128F145ECC1,Nelly,Say Now,hip hop,TRQAWKR128F425EEC3,Michael Jackson,Man In The Mirror,pop,6921.0
raw dot product,3,TRBCPZS128F145ECC1,Nelly,Say Now,hip hop,TREZBFM128F428508A,Fatboy Slim,The Rockafeller Skank,electronic,6009.0
raw dot product,1,TRWFVOW128E0793847,Dr. Dre,Been There Done That,hip hop,TRFUJVJ128F426F2A2,Lauryn Hill,Interlude 5,r&b/soul,6947.0
raw dot product,2,TRWFVOW128E0793847,Dr. Dre,Been There Done That,hip hop,TRDPGXU128F9339C2A,Beastie Boys,B-Boy Bouillabaisse: A.W.O.L. (2009 Digital Remaster),hip hop,5817.0
raw dot product,3,TRWFVOW128E0793847,Dr. Dre,Been There Done That,hip hop,TRQAWKR128F425EEC3,Michael Jackson,Man In The Mirror,pop,5648.0
raw dot product,1,TRWZWOX128F935A084,Sean Kingston,Magical,hip hop,TRFUJVJ128F426F2A2,Lauryn Hill,Interlude 5,r&b/soul,5677.0
raw dot product,2,TRWZWOX128F935A084,Sean Kingston,Magical,hip hop,TRUEPSG128F149639E,Stevie Wonder,All Day Sucker,r&b/soul,5057.0
raw dot product,3,TRWZWOX128F935A084,Sean Kingston,Magical,hip hop,TRXHMID128F42BA902,Brick & Lace,Love Is Wicked,r&b/soul,5031.0
raw dot product,1,TRXGBGU128F935A092,Sean Kingston,Over,hip hop,TRFUJVJ128F426F2A2,Lauryn Hill,Interlude 5,r&b/soul,6535.0
raw dot product,2,TRXGBGU128F935A092,Sean Kingston,Over,hip hop,TRDPGXU128F9339C2A,Beastie Boys,B-Boy Bouillabaisse: A.W.O.L. (2009 Digital Remaster),hip hop,5407.0
raw dot product,3,TRXGBGU128F935A092,Sean Kingston,Over,hip hop,TRWSYHO128F4282346,Twista,I'm A Winner (Amended Album Version),hip hop,5135.0
raw dot product,1,TRFKPZK128F935A08D,Sean Kingston,Wrap U Around Me,hip hop,TRUGLTC128F4227B93,Danity Kane,Hold Me Down (Album Version),r&b/soul,6024.0
raw dot product,2,TRFKPZK128F935A08D,Sean Kingston,Wrap U Around Me,hip hop,TRVLIZK128F428845E,Five,That's What You Told Me,pop,5223.0
raw dot product,3,TRFKPZK128F935A08D,Sean Kingston,Wrap U Around Me,hip hop,TRFUJVJ128F426F2A2,Lauryn Hill,Interlude 5,r&b/soul,5089.0
raw dot product,1,TRWVTDX128F931ECEF,M.I.A.,Paper Planes,hip hop,TRFUJVJ128F426F2A2,Lauryn Hill,Interlude 5,r&b/soul,8072.0
raw dot product,2,TRWVTDX128F931ECEF,M.I.A.,Paper Planes,hip hop,TRDPGXU128F9339C2A,Beastie Boys,B-Boy Bouillabaisse: A.W.O.L. (2009 Digital Remaster),hip hop,7106.0
raw dot product,3,TRWVTDX128F931ECEF,M.I.A.,Paper Planes,hip hop,TRWSYHO128F4282346,Twista,I'm A Winner (Amended Album Version),hip hop,5644.0
raw dot product,1,TRWTZGX128F149535F,Thousand Foot Krutch,Set It Off,hip hop,TRFUJVJ128F426F2A2,Lauryn Hill,Interlude 5,r&b/soul,5985.0
raw dot product,2,TRWTZGX128F149535F,Thousand Foot Krutch,Set It Off,hip hop,TRDPGXU128F9339C2A,Beastie Boys,B-Boy Bouillabaisse: A.W.O.L. (2009 Digital Remaster),hip hop,4891.0
raw dot product,3,TRWTZGX128F149535F,Thousand Foot Krutch,Set It Off,hip hop,TRBVPVV128F425F14F,Daft Punk,Touch It / Technologic,electronic,4576.0
raw dot product,1,TRCACEF128F42434D7,Ludacris,Ho,hip hop,TRFUJVJ128F426F2A2,Lauryn Hill,Interlude 5,r&b/soul,4262.0
raw dot product,2,TRCACEF128F42434D7,Ludacris,Ho,hip hop,TRQLSLN12903CA37C3,Big Bad Voodoo Daddy,Mambo Swing,jazz,3395.0
raw dot product,3,TRCACEF128F42434D7,Ludacris,Ho,hip hop,TRDPGXU128F9339C2A,Beastie Boys,B-Boy Bouillabaisse: A.W.O.L. (2009 Digital Remaster),hip hop,3224.0
raw dot product,1,TRCQNWN128F92EA07D,Wu-Tang Clan,The What,hip hop,TRFUJVJ128F426F2A2,Lauryn Hill,Interlude 5,r&b/soul,5138.0
raw dot product,2,TRCQNWN128F92EA07D,Wu-Tang Clan,The What,hip hop,TRWSYHO128F4282346,Twista,I'm A Winner (Amended Album Version),hip hop,4480.0
raw dot product,3,TRCQNWN128F92EA07D,Wu-Tang Clan,The What,hip hop,TRDPGXU128F9339C2A,Beastie Boys,B-Boy Bouillabaisse: A.W.O.L. (2009 Digital Remaster),hip hop,4091.0
raw dot product,1,TRYHHXT128F4276F89,50 Cent,Rowdy Rowdy,hip hop,TRFUJVJ128F426F2A2,Lauryn Hill,Interlude 5,r&b/soul,6437.0
raw dot product,2,TRYHHXT128F4276F89,50 Cent,Rowdy Rowdy,hip hop,TRDPGXU128F9339C2A,Beastie Boys,B-Boy Bouillabaisse: A.W.O.L. (2009 Digital Remaster),hip hop,5453.0
raw dot product,3,TRYHHXT128F4276F89,50 Cent,Rowdy Rowdy,hip hop,TRWSYHO128F4282346,Twista,I'm A Winner (Amended Album Version),hip hop,5239.0
raw dot product,1,TRIGDUK128E0784045,Snoop Dogg,Bang Out,hip hop,TRFUJVJ128F426F2A2,Lauryn Hill,Interlude 5,r&b/soul,5629.0
raw dot product,2,TRIGDUK128E0784045,Snoop Dogg,Bang Out,hip hop,TRDPGXU128F9339C2A,Beastie Boys,B-Boy Bouillabaisse: A.W.O.L. (2009 Digital Remaster),hip hop,5095.0
raw dot product,3,TRIGDUK128E0784045,Snoop Dogg,Bang Out,hip hop,TRWSYHO128F4282346,Twista,I'm A Winner (Amended Album Version),hip hop,4948.0
raw dot product,1,TRNVKOI128E0799173,Snoop Dogg,Snoopafella (Edited),hip hop,TRFUJVJ128F426F2A2,Lauryn Hill,Interlude 5,r&b/soul,15031.0
raw dot product,2,TRNVKOI128E0799173,Snoop Dogg,Snoopafella (Edited),hip hop,TRDPGXU128F9339C2A,Beastie Boys,B-Boy Bouillabaisse: A.W.O.L. (2009 Digital Remaster),hip hop,13137.0
raw dot product,3,TRNVKOI128E0799173,Snoop Dogg,Snoopafella (Edited),hip hop,TRWSYHO128F4282346,Twista,I'm A Winner (Amended Album Version),hip hop,11084.0
raw dot product,1,TRLVRJP128F93519FB,Atmosphere,Hair,hip hop,TRFUJVJ128F426F2A2,Lauryn Hill,Interlude 5,r&b/soul,10509.0
raw dot product,2,TRLVRJP128F93519FB,Atmosphere,Hair,hip hop,TRDPGXU128F9339C2A,Beastie Boys,B-Boy Bouillabaisse: A.W.O.L. (2009 Digital Remaster),hip hop,9207.0
raw dot product,3,TRLVRJP128F93519FB,Atmosphere,Hair,hip hop,TRWSYHO128F4282346,Twista,I'm A Winner (Amended Album Version),hip hop,7901.0
raw dot product,1,TRBZXAC12903CBB0CE,Atmosphere,Happymess,hip hop,TRFUJVJ128F426F2A2,Lauryn Hill,Interlude 5,r&b/soul,10649.0
raw dot product,2,TRBZXAC12903CBB0CE,Atmosphere,Happymess,hip hop,TRDPGXU128F9339C2A,Beastie Boys,B-Boy Bouillabaisse: A.W.O.L. (2009 Digital Remaster),hip hop,8009.0
raw dot product,3,TRBZXAC12903CBB0CE,Atmosphere,Happymess,hip hop,TRWSYHO128F4282346,Twista,I'm A Winner (Amended Album Version),hip hop,7264.0
raw dot product,1,TRUNSXQ128E078B97D,Michael Bublé,Put Your Head On My Shoulder (Album Version),jazz,TRFUJVJ128F426F2A2,Lauryn Hill,Interlude 5,r&b/soul,2939.0
raw dot product,2,TRUNSXQ128E078B97D,Michael Bublé,Put Your Head On My Shoulder (Album Version),jazz,TRUGLTC128F4227B93,Danity Kane,Hold Me Down (Album Version),r&b/soul,2498.0
raw dot product,3,TRUNSXQ128E078B97D,Michael Bublé,Put Your Head On My Shoulder (Album Version),jazz,TRVLIZK128F428845E,Five,That's What You Told Me,pop,2452.0
raw dot product,1,TRFUJLG128F4255312,Michael Bublé,Stuck In The Middle With You (Non-Album Track),jazz,TRFUJVJ128F426F2A2,Lauryn Hill,Interlude 5,r&b/soul,6146.0
raw dot product,2,TRFUJLG128F4255312,Michael Bublé,Stuck In The Middle With You (Non-Album Track),jazz,TRWSYHO128F4282346,Twista,I'm A Winner (Amended Album Version),hip hop,5387.0
raw dot product,3,TRFUJLG128F4255312,Michael Bublé,Stuck In The Middle With You (Non-Album Track),jazz,TRDPGXU128F9339C2A,Beastie Boys,B-Boy Bouillabaisse: A.W.O.L. (2009 Digital Remaster),hip hop,5357.0
raw dot product,1,TRQPMHA128E078B979,Michael Bublé,You'll Never Find Another Love Like Mine (Album Version),jazz,TRFUJVJ128F426F2A2,Lauryn Hill,Interlude 5,r&b/soul,8846.0
raw dot product,2,TRQPMHA128E078B979,Michael Bublé,You'll Never Find Another Love Like Mine (Album Version),jazz,TRWSYHO128F4282346,Twista,I'm A Winner (Amended Album Version),hip hop,8012.0
raw dot product,3,TRQPMHA128E078B979,Michael Bublé,You'll Never Find Another Love Like Mine (Album Version),jazz,TRGLNKG128F9307689,Eminem,My Darling,hip hop,6826.0
raw dot product,1,TRZPSAF128F9349767,Ray Charles,Kiss me baby,jazz,TRUGLTC128F4227B93,Danity Kane,Hold Me Down (Album Version),r&b/soul,2766.0
raw dot product,2,TRZPSAF128F9349767,Ray Charles,Kiss me baby,jazz,TRFUJVJ128F426F2A2,Lauryn Hill,Interlude 5,r&b/soul,2715.0
raw dot product,3,TRZPSAF128F9349767,Ray Charles,Kiss me baby,jazz,TRVLIZK128F428845E,Five,That's What You Told Me,pop,2651.0
raw dot product,1,TRAEPAC12903CE5DC8,Ray Charles,Let's Go,jazz,TRFUJVJ128F426F2A2,Lauryn Hill,Interlude 5,r&b/soul,4629.0
raw dot product,2,TRAEPAC12903CE5DC8,Ray Charles,Let's Go,jazz,TRWSYHO128F4282346,Twista,I'm A Winner (Amended Album Version),hip hop,4033.0
raw dot product,3,TRAEPAC12903CE5DC8,Ray Charles,Let's Go,jazz,TRUGLTC128F4227B93,Danity Kane,Hold Me Down (Album Version),r&b/soul,3503.0
raw dot product,1,TRMJMVW12903CD44F4,Ray Charles,Moon Over Miami,jazz,TRFUJVJ128F426F2A2,Lauryn Hill,Interlude 5,r&b/soul,628.0
raw dot product,2,TRMJMVW12903CD44F4,Ray Charles,Moon Over Miami,jazz,TREXCMT128F933D825,Vanilla Ice,It's A Party,hip hop,436.0
raw dot product,3,TRMJMVW12903CD44F4,Ray Charles,Moon Over Miami,jazz,TRDPGXU128F9339C2A,Beastie Boys,B-Boy Bouillabaisse: A.W.O.L. (2009 Digital Remaster),hip hop,412.0
raw dot product,1,TRBXTYM128F930793B,Nat King Cole,Hit That Jive Jack,jazz,TRFUJVJ128F426F2A2,Lauryn Hill,Interlude 5,r&b/soul,5170.0
raw dot product,2,TRBXTYM128F930793B,Nat King Cole,Hit That Jive Jack,jazz,TRDPGXU128F9339C2A,Beastie Boys,B-Boy Bouillabaisse: A.W.O.L. (2009 Digital Remaster),hip hop,4761.0
raw dot product,3,TRBXTYM128F930793B,Nat King Cole,Hit That Jive Jack,jazz,TRQAWKR128F425EEC3,Michael Jackson,Man In The Mirror,pop,4288.0
raw dot product,1,TRFORZM12903CDF88C,Nat King Cole,The Christmas Song,jazz,TRFUJVJ128F426F2A2,Lauryn Hill,Interlude 5,r&b/soul,1674.0
raw dot product,2,TRFORZM12903CDF88C,Nat King Cole,The Christmas Song,jazz,TRDPGXU128F9339C2A,Beastie Boys,B-Boy Bouillabaisse: A.W.O.L. (2009 Digital Remaster),hip hop,1136.0
raw dot product,3,TRFORZM12903CDF88C,Nat King Cole,The Christmas Song,jazz,TRQAWKR128F425EEC3,Michael Jackson,Man In The Mirror,pop,944.0
raw dot product,1,TREMJFY12903CF1630,Nat King Cole,Too Young,jazz,TRFUJVJ128F426F2A2,Lauryn Hill,Interlude 5,r&b/soul,1400.0
raw dot product,2,TREMJFY12903CF1630,Nat King Cole,Too Young,jazz,TRDPGXU128F9339C2A,Beastie Boys,B-Boy Bouillabaisse: A.W.O.L. (2009 Digital Remaster),hip hop,806.0
raw dot product,3,TREMJFY12903CF1630,Nat King Cole,Too Young,jazz,TRUWTMI128F92E3892,Binary Star,Indy 500,hip hop,714.0
raw dot product,1,TRKBPHV128F92E3B2D,Nat King Cole,Unforgettable,jazz,TRFUJVJ128F426F2A2,Lauryn Hill,Interlude 5,r&b/soul,1899.0
raw dot product,2,TRKBPHV128F92E3B2D,Nat King Cole,Unforgettable,jazz,TRQAWKR128F425EEC3,Michael Jackson,Man In The Mirror,pop,1525.0
raw dot product,3,TRKBPHV128F92E3B2D,Nat King Cole,Unforgettable,jazz,TRFLWJZ128F425C9E4,The Pharcyde,Otha Fish,hip hop,1354.0
raw dot product,1,TRHYGVQ12903D046A9,Nat King Cole,Autumn Leaves,jazz,TRFUJVJ128F426F2A2,Lauryn Hill,Interlude 5,r&b/soul,1572.0
raw dot product,2,TRHYGVQ12903D046A9,Nat King Cole,Autumn Leaves,jazz,TRDPGXU128F9339C2A,Beastie Boys,B-Boy Bouillabaisse: A.W.O.L. (2009 Digital Remaster),hip hop,1120.0
raw dot product,3,TRHYGVQ12903D046A9,Nat King Cole,Autumn Leaves,jazz,TRWSYHO128F4282346,Twista,I'm A Winner (Amended Album Version),hip hop,1070.0
raw dot product,1,TRWIGSY128F92FE6B6,Nat King Cole,Love Is A Many Splendored Thing,jazz,TRFUJVJ128F426F2A2,Lauryn Hill,Interlude 5,r&b/soul,1247.0
raw dot product,2,TRWIGSY128F92FE6B6,Nat King Cole,Love Is A Many Splendored Thing,jazz,TRQAWKR128F425EEC3,Michael Jackson,Man In The Mirror,pop,1090.0
raw dot product,3,TRWIGSY128F92FE6B6,Nat King Cole,Love Is A Many Splendored Thing,jazz,TRDPGXU128F9339C2A,Beastie Boys,B-Boy Bouillabaisse: A.W.O.L. (2009 Digital Remaster),hip hop,1004.0
raw dot product,1,TRHEGPE128F9311A85,Nat King Cole,Smoke Gets in Your Eyes,jazz,TRDPGXU128F9339C2A,Beastie Boys,B-Boy Bouillabaisse: A.W.O.L. (2009 Digital Remaster),hip hop,1997.0
raw dot product,2,TRHEGPE128F9311A85,Nat King Cole,Smoke Gets in Your Eyes,jazz,TRFUJVJ128F426F2A2,Lauryn Hill,Interlude 5,r&b/soul,1906.0
raw dot product,3,TRHEGPE128F9311A85,Nat King Cole,Smoke Gets in Your Eyes,jazz,TRWSYHO128F4282346,Twista,I'm A Winner (Amended Album Version),hip hop,1771.0
raw dot product,1,TRWZCIQ12903C97881,Nat King Cole,If You Can't Smile And Say Yes,jazz,TRFUJVJ128F426F2A2,Lauryn Hill,Interlude 5,r&b/soul,3250.0
raw dot product,2,TRWZCIQ12903C97881,Nat King Cole,If You Can't Smile And Say Yes,jazz,TRPZAPZ128F9341D3E,R. Kelly,Don't You Say No,r&b/soul,2375.0
raw dot product,3,TRWZCIQ12903C97881,Nat King Cole,If You Can't Smile And Say Yes,jazz,TRDPGXU128F9339C2A,Beastie Boys,B-Boy Bouillabaisse: A.W.O.L. (2009 Digital Remaster),hip hop,2150.0
raw dot product,1,TREENNZ128F145B67D,Nat King Cole,She's Funny That Way,jazz,TRFUJVJ128F426F2A2,Lauryn Hill,Interlude 5,r&b/soul,3712.0
raw dot product,2,TREENNZ128F145B67D,Nat King Cole,She's Funny That Way,jazz,TRDPGXU128F9339C2A,Beastie Boys,B-Boy Bouillabaisse: A.W.O.L. (2009 Digital Remaster),hip hop,3221.0
raw dot product,3,TREENNZ128F145B67D,Nat King Cole,She's Funny That Way,jazz,TRGLNKG128F9307689,Eminem,My Darling,hip hop,3085.0
raw dot product,1,TRVUYIL128F4275FAD,Nat King Cole,The Ruby And The Pearl (2003 Digital Remaster),jazz,TRFUJVJ128F426F2A2,Lauryn Hill,Interlude 5,r&b/soul,2218.0
raw dot product,2,TRVUYIL128F4275FAD,Nat King Cole,The Ruby And The Pearl (2003 Digital Remaster),jazz,TRDPGXU128F9339C2A,Beastie Boys,B-Boy Bouillabaisse: A.W.O.L. (2009 Digital Remaster),hip hop,1625.0
raw dot product,3,TRVUYIL128F4275FAD,Nat King Cole,The Ruby And The Pearl (2003 Digital Remaster),jazz,TRLUXWO128F14618D6,Dilated Peoples,Expansion Team Theme,hip hop,1563.0
raw dot product,1,TRHOXSK128F145C9F9,Nat King Cole,The Very Thought Of You,jazz,TRFUJVJ128F426F2A2,Lauryn Hill,Interlude 5,r&b/soul,3398.0
raw dot product,2,TRHOXSK128F145C9F9,Nat King Cole,The Very Thought Of You,jazz,TRWSYHO128F4282346,Twista,I'm A Winner (Amended Album Version),hip hop,2878.0
raw dot product,3,TRHOXSK128F145C9F9,Nat King Cole,The Very Thought Of You,jazz,TRDPGXU128F9339C2A,Beastie Boys,B-Boy Bouillabaisse: A.W.O.L. (2009 Digital Remaster),hip hop,2441.0
raw dot product,1,TRETXLU12903CD5688,Bing Crosby,Rudolph The Red-Nosed Reindeer,jazz,TRFUJVJ128F426F2A2,Lauryn Hill,Interlude 5,r&b/soul,3806.0
raw dot product,2,TRETXLU12903CD5688,Bing Crosby,Rudolph The Red-Nosed Reindeer,jazz,TRWSYHO128F4282346,Twista,I'm A Winner (Amended Album Version),hip hop,2567.0
raw dot product,3,TRETXLU12903CD5688,Bing Crosby,Rudolph The Red-Nosed Reindeer,jazz,TRDPGXU128F9339C2A,Beastie Boys,B-Boy Bouillabaisse: A.W.O.L. (2009 Digital Remaster),hip hop,2556.0
raw dot product,1,TRORBTM128F93368FB,Norah Jones,December,jazz,TRWSYHO128F4282346,Twista,I'm A Winner (Amended Album Version),hip hop,2451.0
raw dot product,2,TRORBTM128F93368FB,Norah Jones,December,jazz,TRDPGXU128F9339C2A,Beastie Boys,B-Boy Bouillabaisse: A.W.O.L. (2009 Digital Remaster),hip hop,2307.0
raw dot product,3,TRORBTM128F93368FB,Norah Jones,December,jazz,TRFUJVJ128F426F2A2,Lauryn Hill,Interlude 5,r&b/soul,2297.0
raw dot product,1,TRFCNIJ128F423F32E,Norah Jones,Don't Know Why (Live),jazz,TRDPGXU128F9339C2A,Beastie Boys,B-Boy Bouillabaisse: A.W.O.L. (2009 Digital Remaster),hip hop,3481.0
raw dot product,2,TRFCNIJ128F423F32E,Norah Jones,Don't Know Why (Live),jazz,TRFUJVJ128F426F2A2,Lauryn Hill,Interlude 5,r&b/soul,3363.0
raw dot product,3,TRFCNIJ128F423F32E,Norah Jones,Don't Know Why (Live),jazz,TROIJDA128F9341E70,R. Kelly,I Mean (I Don't Mean It),r&b/soul,3249.0
raw dot product,1,TRYNZAL128F1464B5A,Norah Jones,Humble Me,jazz,TRFUJVJ128F426F2A2,Lauryn Hill,Interlude 5,r&b/soul,5323.0
raw dot product,2,TRYNZAL128F1464B5A,Norah Jones,Humble Me,jazz,TRWSYHO128F4282346,Twista,I'm A Winner (Amended Album Version),hip hop,5013.0
raw dot product,3,TRYNZAL128F1464B5A,Norah Jones,Humble Me,jazz,TRUGLTC128F4227B93,Danity Kane,Hold Me Down (Album Version),r&b/soul,4160.0
raw dot product,1,TRNGOHS128E0781235,Norah Jones,I've Got To See You Again,jazz,TRFUJVJ128F426F2A2,Lauryn Hill,Interlude 5,r&b/soul,3882.0
raw dot product,2,TRNGOHS128E0781235,Norah Jones,I've Got To See You Again,jazz,TRWSYHO128F4282346,Twista,I'm A Winner (Amended Album Version),hip hop,3674.0
raw dot product,3,TRNGOHS128E0781235,Norah Jones,I've Got To See You Again,jazz,TRDPGXU128F9339C2A,Beastie Boys,B-Boy Bouillabaisse: A.W.O.L. (2009 Digital Remaster),hip hop,3420.0
raw dot product,1,TRPPHPQ128F4258FFC,Norah Jones,Sinkin' Soon (iTunes Live Session),jazz,TRFUJVJ128F426F2A2,Lauryn Hill,Interlude 5,r&b/soul,1880.0
raw dot product,2,TRPPHPQ128F4258FFC,Norah Jones,Sinkin' Soon (iTunes Live Session),jazz,TRFSCLD12903CD213F,The Prodigy,We Gonna Rock,electronic,1845.0
raw dot product,3,TRPPHPQ128F4258FFC,Norah Jones,Sinkin' Soon (iTunes Live Session),jazz,TRDPGXU128F9339C2A,Beastie Boys,B-Boy Bouillabaisse: A.W.O.L. (2009 Digital Remaster),hip hop,1345.0
raw dot product,1,TRSSOKM128F1464B5C,Norah Jones,The Long Way Home,jazz,TRFUJVJ128F426F2A2,Lauryn Hill,Interlude 5,r&b/soul,3704.0
raw dot product,2,TRSSOKM128F1464B5C,Norah Jones,The Long Way Home,jazz,TRWSYHO128F4282346,Twista,I'm A Winner (Amended Album Version),hip hop,3049.0
raw dot product,3,TRSSOKM128F1464B5C,Norah Jones,The Long Way Home,jazz,TRDPGXU128F9339C2A,Beastie Boys,B-Boy Bouillabaisse: A.W.O.L. (2009 Digital Remaster),hip hop,2970.0
raw dot product,1,TRKMCAV128E0782298,Norah Jones,Those Sweet Words,jazz,TRFUJVJ128F426F2A2,Lauryn Hill,Interlude 5,r&b/soul,2801.0
raw dot product,2,TRKMCAV128E0782298,Norah Jones,Those Sweet Words,jazz,TRWSYHO128F4282346,Twista,I'm A Winner (Amended Album Version),hip hop,2007.0
raw dot product,3,TRKMCAV128E0782298,Norah Jones,Those Sweet Words,jazz,TRDPGXU128F9339C2A,Beastie Boys,B-Boy Bouillabaisse: A.W.O.L. (2009 Digital Remaster),hip hop,1913.0
raw dot product,1,TRBQFLA128F423F329,Norah Jones,Wish I Could (Live),jazz,TRFUJVJ128F426F2A2,Lauryn Hill,Interlude 5,r&b/soul,3054.0
raw dot product,2,TRBQFLA128F423F329,Norah Jones,Wish I Could (Live),jazz,TRDPGXU128F9339C2A,Beastie Boys,B-Boy Bouillabaisse: A.W.O.L. (2009 Digital Remaster),hip hop,2646.0
raw dot product,3,TRBQFLA128F423F329,Norah Jones,Wish I Could (Live),jazz,TRWSYHO128F4282346,Twista,I'm A Winner (Amended Album Version),hip hop,2505.0
raw dot product,1,TRCLZPO128F427CD3A,Norah Jones,My Dear Country,jazz,TRFUJVJ128F426F2A2,Lauryn Hill,Interlude 5,r&b/soul,4157.0
raw dot product,2,TRCLZPO128F427CD3A,Norah Jones,My Dear Country,jazz,TRDPGXU128F9339C2A,Beastie Boys,B-Boy Bouillabaisse: A.W.O.L. (2009 Digital Remaster),hip hop,3183.0
raw dot product,3,TRCLZPO128F427CD3A,Norah Jones,My Dear Country,jazz,TRBEBJO128C719646B,Nelly,Splurge,hip hop,2584.0
raw dot product,1,TRWAPCT128F1494611,Dean Martin,I Love The Way You Say Goodnight,jazz,TRFUJVJ128F426F2A2,Lauryn Hill,Interlude 5,r&b/soul,5872.0
raw dot product,2,TRWAPCT128F1494611,Dean Martin,I Love The Way You Say Goodnight,jazz,TRWSYHO128F4282346,Twista,I'm A Winner (Amended Album Version),hip hop,5743.0
raw dot product,3,TRWAPCT128F1494611,Dean Martin,I Love The Way You Say Goodnight,jazz,TREBGAA128E078FC52,Erykah Badu,I Want You,r&b/soul,5142.0
raw dot product,1,TRNBZVW128F92EE688,Dean Martin,White Christmas,jazz,TRDPGXU128F9339C2A,Beastie Boys,B-Boy Bouillabaisse: A.W.O.L. (2009 Digital Remaster),hip hop,1466.0
raw dot product,2,TRNBZVW128F92EE688,Dean Martin,White Christmas,jazz,TRCHZXW128E079288A,Eminem,8 Mile,hip hop,1291.0
raw dot product,3,TRNBZVW128F92EE688,Dean Martin,White Christmas,jazz,TRWSYHO128F4282346,Twista,I'm A Winner (Amended Album Version),hip hop,1271.0
raw dot product,1,TRHZOEX128F93588AB,Dean Martin,Memories Are Made Of This,jazz,TRTLIKK128E07862DA,Ja Rule,One of Us,hip hop,1301.0
raw dot product,2,TRHZOEX128F93588AB,Dean Martin,Memories Are Made Of This,jazz,TRFUJVJ128F426F2A2,Lauryn Hill,Interlude 5,r&b/soul,1254.0
raw dot product,3,TRHZOEX128F93588AB,Dean Martin,Memories Are Made Of This,jazz,TRLINLH128F9346400,Black Eyed Peas,One Tribe,hip hop,1110.0
raw dot product,1,TREOPOB128F427CD42,Norah Jones,Little Room,jazz,TRFUJVJ128F426F2A2,Lauryn Hill,Interlude 5,r&b/soul,2258.0
raw dot product,2,TREOPOB128F427CD42,Norah Jones,Little Room,jazz,TRDPGXU128F9339C2A,Beastie Boys,B-Boy Bouillabaisse: A.W.O.L. (2009 Digital Remaster),hip hop,1667.0
raw dot product,3,TREOPOB128F427CD42,Norah Jones,Little Room,jazz,TRFLWJZ128F425C9E4,The Pharcyde,Otha Fish,hip hop,1444.0
raw dot product,1,TRELLQK128F147AD94,The Puppini Sisters,Bei Mir Bist Du Schön,jazz,TRFUJVJ128F426F2A2,Lauryn Hill,Interlude 5,r&b/soul,4951.0
raw dot product,2,TRELLQK128F147AD94,The Puppini Sisters,Bei Mir Bist Du Schön,jazz,TRWSYHO128F4282346,Twista,I'm A Winner (Amended Album Version),hip hop,3945.0
raw dot product,3,TRELLQK128F147AD94,The Puppini Sisters,Bei Mir Bist Du Schön,jazz,TRGLNKG128F9307689,Eminem,My Darling,hip hop,3365.0
raw dot product,1,TRMOHUN128F424DEE6,The Puppini Sisters,Don't Sit Under The Apple Tree,jazz,TRUGLTC128F4227B93,Danity Kane,Hold Me Down (Album Version),r&b/soul,2902.0
raw dot product,2,TRMOHUN128F424DEE6,The Puppini Sisters,Don't Sit Under The Apple Tree,jazz,TRFUJVJ128F426F2A2,Lauryn Hill,Interlude 5,r&b/soul,2801.0
raw dot product,3,TRMOHUN128F424DEE6,The Puppini Sisters,Don't Sit Under The Apple Tree,jazz,TRBEBJO128C719646B,Nelly,Splurge,hip hop,2711.0
raw dot product,1,TRSPEPD128F147AD9A,The Puppini Sisters,Falling In Love Again,jazz,TRFUJVJ128F426F2A2,Lauryn Hill,Interlude 5,r&b/soul,5940.0
raw dot product,2,TRSPEPD128F147AD9A,The Puppini Sisters,Falling In Love Again,jazz,TRWSYHO128F4282346,Twista,I'm A Winner (Amended Album Version),hip hop,5442.0
raw dot product,3,TRSPEPD128F147AD9A,The Puppini Sisters,Falling In Love Again,jazz,TRDPGXU128F9339C2A,Beastie Boys,B-Boy Bouillabaisse: A.W.O.L. (2009 Digital Remaster),hip hop,5336.0
raw dot product,1,TRAQUUU128F147A689,The Puppini Sisters,Heebie Jeebies,jazz,TRFUJVJ128F426F2A2,Lauryn Hill,Interlude 5,r&b/soul,4460.0
raw dot product,2,TRAQUUU128F147A689,The Puppini Sisters,Heebie Jeebies,jazz,TRDPGXU128F9339C2A,Beastie Boys,B-Boy Bouillabaisse: A.W.O.L. (2009 Digital Remaster),hip hop,4131.0
raw dot product,3,TRAQUUU128F147A689,The Puppini Sisters,Heebie Jeebies,jazz,TROIJDA128F9341E70,R. Kelly,I Mean (I Don't Mean It),r&b/soul,3401.0
raw dot product,1,TREIANS128F147AD97,The Puppini Sisters,I Will Survive,jazz,TRFUJVJ128F426F2A2,Lauryn Hill,Interlude 5,r&b/soul,9817.0
raw dot product,2,TREIANS128F147AD97,The Puppini Sisters,I Will Survive,jazz,TRDPGXU128F9339C2A,Beastie Boys,B-Boy Bouillabaisse: A.W.O.L. (2009 Digital Remaster),hip hop,8300.0
raw dot product,3,TREIANS128F147AD97,The Puppini Sisters,I Will Survive,jazz,TRWSYHO128F4282346,Twista,I'm A Winner (Amended Album Version),hip hop,7863.0
raw dot product,1,TRPWTNZ128F147AD9F,The Puppini Sisters,In The Mood,jazz,TRFUJVJ128F426F2A2,Lauryn Hill,Interlude 5,r&b/soul,4859.0
raw dot product,2,TRPWTNZ128F147AD9F,The Puppini Sisters,In The Mood,jazz,TRDPGXU128F9339C2A,Beastie Boys,B-Boy Bouillabaisse: A.W.O.L. (2009 Digital Remaster),hip hop,4484.0
raw dot product,3,TRPWTNZ128F147AD9F,The Puppini Sisters,In The Mood,jazz,TRWSYHO128F4282346,Twista,I'm A Winner (Amended Album Version),hip hop,3974.0
raw dot product,1,TRNDNKN12903CC8A4C,Dean Martin,Kiss,jazz,TRFUJVJ128F426F2A2,Lauryn Hill,Interlude 5,r&b/soul,7297.0
raw dot product,2,TRNDNKN12903CC8A4C,Dean Martin,Kiss,jazz,TRWSYHO128F4282346,Twista,I'm A Winner (Amended Album Version),hip hop,6537.0
raw dot product,3,TRNDNKN12903CC8A4C,Dean Martin,Kiss,jazz,TRDPGXU128F9339C2A,Beastie Boys,B-Boy Bouillabaisse: A.W.O.L. (2009 Digital Remaster),hip hop,5055.0
raw dot product,1,TRJALGV12903D0447E,Dean Martin,Let Me Go Lover,jazz,TRUGLTC128F4227B93,Danity Kane,Hold Me Down (Album Version),r&b/soul,3082.0
raw dot product,2,TRJALGV12903D0447E,Dean Martin,Let Me Go Lover,jazz,TRVLIZK128F428845E,Five,That's What You Told Me,pop,3028.0
raw dot product,3,TRJALGV12903D0447E,Dean Martin,Let Me Go Lover,jazz,TRFUJVJ128F426F2A2,Lauryn Hill,Interlude 5,r&b/soul,2730.0
raw dot product,1,TRPQFJA128F145AC60,Dean Martin,On An Evening In Roma (Sott'er Celo De Roma),jazz,TRFUJVJ128F426F2A2,Lauryn Hill,Interlude 5,r&b/soul,1799.0
raw dot product,2,TRPQFJA128F145AC60,Dean Martin,On An Evening In Roma (Sott'er Celo De Roma),jazz,TRDPGXU128F9339C2A,Beastie Boys,B-Boy Bouillabaisse: A.W.O.L. (2009 Digital Remaster),hip hop,1739.0
raw dot product,3,TRPQFJA128F145AC60,Dean Martin,On An Evening In Roma (Sott'er Celo De Roma),jazz,TRFLWJZ128F425C9E4,The Pharcyde,Otha Fish,hip hop,1620.0
raw dot product,1,TRHBSKB128E07924CB,Enrique Iglesias,No Puedo Mas Sin Ti (I'm Your Man),latin,TRTHNFG12903D0CE54,Violadores del Verso,Dale tiempo al rumor,hip hop,3303.0
raw dot product,2,TRHBSKB128E07924CB,Enrique Iglesias,No Puedo Mas Sin Ti (I'm Your Man),latin,TRLRQUX128F932ECC5,Gilberto Santa Rosa,Desde Que No Estas,latin,2942.0
raw dot product,3,TRHBSKB128E07924CB,Enrique Iglesias,No Puedo Mas Sin Ti (I'm Your Man),latin,TRWAGNG128F4286598,Tego Calderon,Al Natural (Amended Version),latin,2858.0
raw dot product,1,TRBSLQC128F9333C5D,Shakira,En Tus Pupilas,latin,TRTHNFG12903D0CE54,Violadores del Verso,Dale tiempo al rumor,hip hop,2333.0
raw dot product,2,TRBSLQC128F9333C5D,Shakira,En Tus Pupilas,latin,TRIJHLY12903D0CE4D,Violadores del Verso,Cantando,hip hop,1857.0
raw dot product,3,TRBSLQC128F9333C5D,Shakira,En Tus Pupilas,latin,TRWQZXS128F92DB731,Victor Manuelle,Lloré Lloré,latin,1581.0
raw dot product,1,TRGJXTC128F4278ECC,Shakira,Que Me Quedes Tu,latin,TRTHNFG12903D0CE54,Violadores del Verso,Dale tiempo al rumor,hip hop,2618.0
raw dot product,2,TRGJXTC128F4278ECC,Shakira,Que Me Quedes Tu,latin,TRIJHLY12903D0CE4D,Violadores del Verso,Cantando,hip hop,2117.0
raw dot product,3,TRGJXTC128F4278ECC,Shakira,Que Me Quedes Tu,latin,TRWAGNG128F4286598,Tego Calderon,Al Natural (Amended Version),latin,1872.0
raw dot product,1,TRQEQHH12903CA6CE5,Shakira,Sombra De Ti,latin,TRTHNFG12903D0CE54,Violadores del Verso,Dale tiempo al rumor,hip hop,3176.0
raw dot product,2,TRQEQHH12903CA6CE5,Shakira,Sombra De Ti,latin,TRTJLTW12903CFF1E9,Los Van Van,El Negro Está Cocinando,latin,2689.0
raw dot product,3,TRQEQHH12903CA6CE5,Shakira,Sombra De Ti,latin,TRWQZXS128F92DB731,Victor Manuelle,Lloré Lloré,latin,2671.0
raw dot product,1,TRXMTST12903CCD9E1,Shakira,Te Dejo Madrid,latin,TRTHNFG12903D0CE54,Violadores del Verso,Dale tiempo al rumor,hip hop,1910.0
raw dot product,2,TRXMTST12903CCD9E1,Shakira,Te Dejo Madrid,latin,TRIJHLY12903D0CE4D,Violadores del Verso,Cantando,hip hop,1524.0
raw dot product,3,TRXMTST12903CCD9E1,Shakira,Te Dejo Madrid,latin,TRSABJR128F429C84B,Tryo,Yakamonéyé,reggae,1327.0
raw dot product,1,TRAQEOP12903CA65E2,Shakira,Tú,latin,TRTHNFG12903D0CE54,Violadores del Verso,Dale tiempo al rumor,hip hop,1271.0
raw dot product,2,TRAQEOP12903CA65E2,Shakira,Tú,latin,TRIJHLY12903D0CE4D,Violadores del Verso,Cantando,hip hop,1038.0
raw dot product,3,TRAQEOP12903CA65E2,Shakira,Tú,latin,TRUKWZW128F92CADC2,Daddy Yankee,Como Y Vete,reggae,939.0
raw dot product,1,TRSRORJ128E0791C74,Enrique Iglesias,La Chica De Ayer,latin,TRZZQIP128F92EFEAD,Abba,Move On,pop,1407.0
raw dot product,2,TRSRORJ128E0791C74,Enrique Iglesias,La Chica De Ayer,latin,TRDOJIR128F42840C0,Horace Andy,Horse With No Name,reggae,1343.0
raw dot product,3,TRSRORJ128E0791C74,Enrique Iglesias,La Chica De Ayer,latin,TRTHNFG12903D0CE54,Violadores del Verso,Dale tiempo al rumor,hip hop,1222.0
raw dot product,1,TRYDDZE128F92F3B79,Enrique Iglesias,Adicto,latin,TRTHNFG12903D0CE54,Violadores del Verso,Dale tiempo al rumor,hip hop,1983.0
raw dot product,2,TRYDDZE128F92F3B79,Enrique Iglesias,Adicto,latin,TRIJHLY12903D0CE4D,Violadores del Verso,Cantando,hip hop,1710.0
raw dot product,3,TRYDDZE128F92F3B79,Enrique Iglesias,Adicto,latin,TRWQZXS128F92DB731,Victor Manuelle,Lloré Lloré,latin,1406.0
raw dot product,1,TREGBAS128F145EC8B,Enrique Iglesias,Al Despertar,latin,TRWQZXS128F92DB731,Victor Manuelle,Lloré Lloré,latin,1633.0
raw dot product,2,TREGBAS128F145EC8B,Enrique Iglesias,Al Despertar,latin,TRTHNFG12903D0CE54,Violadores del Verso,Dale tiempo al rumor,hip hop,1622.0
raw dot product,3,TREGBAS128F145EC8B,Enrique Iglesias,Al Despertar,latin,TRIJHLY12903D0CE4D,Violadores del Verso,Cantando,hip hop,1550.0
raw dot product,1,TRXQFEE128F145EC9A,Enrique Iglesias,Alguien Como Tú,latin,TRTHNFG12903D0CE54,Violadores del Verso,Dale tiempo al rumor,hip hop,1636.0
raw dot product,2,TRXQFEE128F145EC9A,Enrique Iglesias,Alguien Como Tú,latin,TRIJHLY12903D0CE4D,Violadores del Verso,Cantando,hip hop,1433.0
raw dot product,3,TRXQFEE128F145EC9A,Enrique Iglesias,Alguien Como Tú,latin,TRWQZXS128F92DB731,Victor Manuelle,Lloré Lloré,latin,1349.0
raw dot product,1,TRZGBAF128F145ECA8,Enrique Iglesias,Inalcanzable,latin,TRTHNFG12903D0CE54,Violadores del Verso,Dale tiempo al rumor,hip hop,945.0
raw dot product,2,TRZGBAF128F145ECA8,Enrique Iglesias,Inalcanzable,latin,TRIJHLY12903D0CE4D,Violadores del Verso,Cantando,hip hop,748.0
raw dot product,3,TRZGBAF128F145ECA8,Enrique Iglesias,Inalcanzable,latin,TRUGLTC128F4227B93,Danity Kane,Hold Me Down (Album Version),r&b/soul,718.0
raw dot product,1,TRUQGGJ128F427E02B,Enrique Iglesias,Lloro Por Ti,latin,TRTHNFG12903D0CE54,Violadores del Verso,Dale tiempo al rumor,hip hop,2870.0
raw dot product,2,TRUQGGJ128F427E02B,Enrique Iglesias,Lloro Por Ti,latin,TRIJHLY12903D0CE4D,Violadores del Verso,Cantando,hip hop,2305.0
raw dot product,3,TRUQGGJ128F427E02B,Enrique Iglesias,Lloro Por Ti,latin,TRWQZXS128F92DB731,Victor Manuelle,Lloré Lloré,latin,1816.0
raw dot product,1,TRDEKRZ128E0791C7A,Enrique Iglesias,Mamacita,latin,TRTHNFG12903D0CE54,Violadores del Verso,Dale tiempo al rumor,hip hop,1694.0
raw dot product,2,TRDEKRZ128E0791C7A,Enrique Iglesias,Mamacita,latin,TRIJHLY12903D0CE4D,Violadores del Verso,Cantando,hip hop,1623.0
raw dot product,3,TRDEKRZ128E0791C7A,Enrique Iglesias,Mamacita,latin,TRTJLTW12903CFF1E9,Los Van Van,El Negro Está Cocinando,latin,1450.0
raw dot product,1,TRFFSMS128F428BC88,Enrique Iglesias,Miss You,latin,TRFUJVJ128F426F2A2,Lauryn Hill,Interlude 5,r&b/soul,13632.0
raw dot product,2,TRFFSMS128F428BC88,Enrique Iglesias,Miss You,latin,TRWSYHO128F4282346,Twista,I'm A Winner (Amended Album Version),hip hop,12008.0
raw dot product,3,TRFFSMS128F428BC88,Enrique Iglesias,Miss You,latin,TREBGAA128E078FC52,Erykah Badu,I Want You,r&b/soul,10887.0
raw dot product,1,TRUPWID128F4215874,Enrique Iglesias,Para De Jugar,latin,TRTHNFG12903D0CE54,Violadores del Verso,Dale tiempo al rumor,hip hop,2101.0
raw dot product,2,TRUPWID128F4215874,Enrique Iglesias,Para De Jugar,latin,TRIJHLY12903D0CE4D,Violadores del Verso,Cantando,hip hop,1912.0
raw dot product,3,TRUPWID128F4215874,Enrique Iglesias,Para De Jugar,latin,TRGQZPV12903CC3EB3,Wisin & Yandel,Por Mi Reggae Muero,reggae,1730.0
raw dot product,1,TRIIBVP128E0792750,Enrique Iglesias,She Be The One,latin,TRFUJVJ128F426F2A2,Lauryn Hill,Interlude 5,r&b/soul,6600.0
raw dot product,2,TRIIBVP128E0792750,Enrique Iglesias,She Be The One,latin,TRWSYHO128F4282346,Twista,I'm A Winner (Amended Album Version),hip hop,6088.0
raw dot product,3,TRIIBVP128E0792750,Enrique Iglesias,She Be The One,latin,TRQAWKR128F425EEC3,Michael Jackson,Man In The Mirror,pop,4367.0
raw dot product,1,TRQMXBD128F145ECA2,Enrique Iglesias,Trapecista,latin,TRTHNFG12903D0CE54,Violadores del Verso,Dale tiempo al rumor,hip hop,1950.0
raw dot product,2,TRQMXBD128F145ECA2,Enrique Iglesias,Trapecista,latin,TRIJHLY12903D0CE4D,Violadores del Verso,Cantando,hip hop,1664.0
raw dot product,3,TRQMXBD128F145ECA2,Enrique Iglesias,Trapecista,latin,TRUKWZW128F92CADC2,Daddy Yankee,Como Y Vete,reggae,1515.0
raw dot product,1,TREGRRQ128F145EC8D,Enrique Iglesias,Tu Vacio,latin,TRTHNFG12903D0CE54,Violadores del Verso,Dale tiempo al rumor,hip hop,2723.0
raw dot product,2,TREGRRQ128F145EC8D,Enrique Iglesias,Tu Vacio,latin,TRIJHLY12903D0CE4D,Violadores del Verso,Cantando,hip hop,2313.0
raw dot product,3,TREGRRQ128F145EC8D,Enrique Iglesias,Tu Vacio,latin,TRWQZXS128F92DB731,Victor Manuelle,Lloré Lloré,latin,1972.0
raw dot product,1,TRLILBA128F42158A3,Enrique Iglesias,Volveré,latin,TRTHNFG12903D0CE54,Violadores del Verso,Dale tiempo al rumor,hip hop,1781.0
raw dot product,2,TRLILBA128F42158A3,Enrique Iglesias,Volveré,latin,TRWQZXS128F92DB731,Victor Manuelle,Lloré Lloré,latin,1540.0
raw dot product,3,TRLILBA128F42158A3,Enrique Iglesias,Volveré,latin,TRWAGNG128F4286598,Tego Calderon,Al Natural (Amended Version),latin,1532.0
raw dot product,1,TRBFJPO128F4295BE3,Shakira,Estoy Aquí,latin,TRTHNFG12903D0CE54,Violadores del Verso,Dale tiempo al rumor,hip hop,687.0
raw dot product,2,TRBFJPO128F4295BE3,Shakira,Estoy Aquí,latin,TRRKWPY12903CAAC5D,Johnny Prez,Te Vuelvo Loca,reggae,576.0
raw dot product,3,TRBFJPO128F4295BE3,Shakira,Estoy Aquí,latin,TRWAGNG128F4286598,Tego Calderon,Al Natural (Amended Version),latin,543.0
raw dot product,1,TRCLERB12903CBBC8D,Santana,Life Is Anew,latin,TRFUJVJ128F426F2A2,Lauryn Hill,Interlude 5,r&b/soul,1944.0
raw dot product,2,TRCLERB12903CBBC8D,Santana,Life Is Anew,latin,TRWSYHO128F4282346,Twista,I'm A Winner (Amended Album Version),hip hop,1399.0
raw dot product,3,TRCLERB12903CBBC8D,Santana,Life Is Anew,latin,TRDPGXU128F9339C2A,Beastie Boys,B-Boy Bouillabaisse: A.W.O.L. (2009 Digital Remaster),hip hop,1243.0
raw dot product,1,TRNXCMJ128F4295BC6,Shakira,Donde Estas Corazon,latin,TRTHNFG12903D0CE54,Violadores del Verso,Dale tiempo al rumor,hip hop,2540.0
raw dot product,2,TRNXCMJ128F4295BC6,Shakira,Donde Estas Corazon,latin,TRDVUEH12903D0FAA9,Violadores del Verso,La ciudad nunca duerme,hip hop,1973.0
raw dot product,3,TRNXCMJ128F4295BC6,Shakira,Donde Estas Corazon,latin,TRRCXJT128F425BB27,Rey Ruiz,No Existe Un Lugar,latin,1868.0
raw dot product,1,TRNXJGR128F93044E7,Shakira,Octavo Día,latin,TRTHNFG12903D0CE54,Violadores del Verso,Dale tiempo al rumor,hip hop,1325.0
raw dot product,2,TRNXJGR128F93044E7,Shakira,Octavo Día,latin,TRIJHLY12903D0CE4D,Violadores del Verso,Cantando,hip hop,1247.0
raw dot product,3,TRNXJGR128F93044E7,Shakira,Octavo Día,latin,TRWQZXS128F92DB731,Victor Manuelle,Lloré Lloré,latin,1004.0
raw dot product,1,TRJHDIB128F92E5849,Shakira,Te Necesito,latin,TRTHNFG12903D0CE54,Violadores del Verso,Dale tiempo al rumor,hip hop,1756.0
raw dot product,2,TRJHDIB128F92E5849,Shakira,Te Necesito,latin,TRIJHLY12903D0CE4D,Violadores del Verso,Cantando,hip hop,1436.0
raw dot product,3,TRJHDIB128F92E5849,Shakira,Te Necesito,latin,TRRKWPY12903CAAC5D,Johnny Prez,Te Vuelvo Loca,reggae,1398.0
raw dot product,1,TRYQVKS128F4259A11,Santana,Evil Ways,latin,TRFUJVJ128F426F2A2,Lauryn Hill,Interlude 5,r&b/soul,3945.0
raw dot product,2,TRYQVKS128F4259A11,Santana,Evil Ways,latin,TRDPGXU128F9339C2A,Beastie Boys,B-Boy Bouillabaisse: A.W.O.L. (2009 Digital Remaster),hip hop,2783.0
raw dot product,3,TRYQVKS128F4259A11,Santana,Evil Ways,latin,TRQAWKR128F425EEC3,Michael Jackson,Man In The Mirror,pop,2768.0
raw dot product,1,TRSOTQI128E0789132,Pink Martini,Anna (el negro zumbon),latin,TRFUJVJ128F426F2A2,Lauryn Hill,Interlude 5,r&b/soul,2965.0
raw dot product,2,TRSOTQI128E0789132,Pink Martini,Anna (el negro zumbon),latin,TRUGLTC128F4227B93,Danity Kane,Hold Me Down (Album Version),r&b/soul,2314.0
raw dot product,3,TRSOTQI128E0789132,Pink Martini,Anna (el negro zumbon),latin,TRDPGXU128F9339C2A,Beastie Boys,B-Boy Bouillabaisse: A.W.O.L. (2009 Digital Remaster),hip hop,2066.0
raw dot product,1,TRZHOUV128F9316269,Chavela Vargas,Piensa en mi,latin,TRZZQIP128F92EFEAD,Abba,Move On,pop,627.0
raw dot product,2,TRZHOUV128F9316269,Chavela Vargas,Piensa en mi,latin,TRTHNFG12903D0CE54,Violadores del Verso,Dale tiempo al rumor,hip hop,614.0
raw dot product,3,TRZHOUV128F9316269,Chavela Vargas,Piensa en mi,latin,TRDOJIR128F42840C0,Horace Andy,Horse With No Name,reggae,601.0
raw dot product,1,TRPXMGA128F42A98BA,Santana,Esperando,latin,TRDPGXU128F9339C2A,Beastie Boys,B-Boy Bouillabaisse: A.W.O.L. (2009 Digital Remaster),hip hop,1122.0
raw dot product,2,TRPXMGA128F42A98BA,Santana,Esperando,latin,TRRSNPA128F148C45E,The Roots,Mellow My Man,hip hop,1113.0
raw dot product,3,TRPXMGA128F42A98BA,Santana,Esperando,latin,TRIMKIC128F4271EA8,Nina Simone,My Baby Just Cares For Me,jazz,1109.0
raw dot product,1,TRBYMWR128F425DD8E,Beyoncé,Beautiful Liar (Bello Embustero),latin,TRFFSMS128F428BC88,Enrique Iglesias,Miss You,latin,1932.0
raw dot product,2,TRBYMWR128F425DD8E,Beyoncé,Beautiful Liar (Bello Embustero),latin,TRTHNFG12903D0CE54,Violadores del Verso,Dale tiempo al rumor,hip hop,1779.0
raw dot product,3,TRBYMWR128F425DD8E,Beyoncé,Beautiful Liar (Bello Embustero),latin,TRLUGVB128F428E704,Tracey Ullman,Breakaway,pop,1748.0
raw dot product,1,TRPAZDJ128F42881A1,Juanes,Rosario Tijeras,latin,TRZZQIP128F92EFEAD,Abba,Move On,pop,2808.0
raw dot product,2,TRPAZDJ128F42881A1,Juanes,Rosario Tijeras,latin,TRDOJIR128F42840C0,Horace Andy,Horse With No Name,reggae,2595.0
raw dot product,3,TRPAZDJ128F42881A1,Juanes,Rosario Tijeras,latin,TRTHNFG12903D0CE54,Violadores del Verso,Dale tiempo al rumor,hip hop,2494.0
raw dot product,1,TRHZGZO128F9341C4A,Ricardo Arjona,Animal Nocturno,latin,TRTHNFG12903D0CE54,Violadores del Verso,Dale tiempo al rumor,hip hop,2421.0
raw dot product,2,TRHZGZO128F9341C4A,Ricardo Arjona,Animal Nocturno,latin,TRIJHLY12903D0CE4D,Violadores del Verso,Cantando,hip hop,2178.0
raw dot product,3,TRHZGZO128F9341C4A,Ricardo Arjona,Animal Nocturno,latin,TRDVUEH12903D0FAA9,Violadores del Verso,La ciudad nunca duerme,hip hop,1658.0
raw dot product,1,TRDFNLR12903CB0FE4,Camila,Alejate De Mi,latin,TRTHNFG12903D0CE54,Violadores del Verso,Dale tiempo al rumor,hip hop,2804.0
raw dot product,2,TRDFNLR12903CB0FE4,Camila,Alejate De Mi,latin,TRWQZXS128F92DB731,Victor Manuelle,Lloré Lloré,latin,2504.0
raw dot product,3,TRDFNLR12903CB0FE4,Camila,Alejate De Mi,latin,TRTJLTW12903CFF1E9,Los Van Van,El Negro Está Cocinando,latin,2440.0
raw dot product,1,TROBWIG12903CB0FD7,Camila,Entre Tus Alas,latin,TRTHNFG12903D0CE54,Violadores del Verso,Dale tiempo al rumor,hip hop,1915.0
raw dot product,2,TROBWIG12903CB0FD7,Camila,Entre Tus Alas,latin,TRIJHLY12903D0CE4D,Violadores del Verso,Cantando,hip hop,1542.0
raw dot product,3,TROBWIG12903CB0FD7,Camila,Entre Tus Alas,latin,TRWQZXS128F92DB731,Victor Manuelle,Lloré Lloré,latin,1308.0
raw dot product,1,TRDWUTF12903CA9249,Camila,Me Basto,latin,TRTHNFG12903D0CE54,Violadores del Verso,Dale tiempo al rumor,hip hop,1368.0
raw dot product,2,TRDWUTF12903CA9249,Camila,Me Basto,latin,TRIJHLY12903D0CE4D,Violadores del Verso,Cantando,hip hop,1265.0
raw dot product,3,TRDWUTF12903CA9249,Camila,Me Basto,latin,TRUKWZW128F92CADC2,Daddy Yankee,Como Y Vete,reggae,1257.0
raw dot product,1,TRCRNBS128F9347F55,Camila,Va Para Ti,latin,TRFFSMS128F428BC88,Enrique Iglesias,Miss You,latin,3888.0
raw dot product,2,TRCRNBS128F9347F55,Camila,Va Para Ti,latin,TRLUGVB128F428E704,Tracey Ullman,Breakaway,pop,3474.0
raw dot product,3,TRCRNBS128F9347F55,Camila,Va Para Ti,latin,TRTJLTW12903CFF1E9,Los Van Van,El Negro Está Cocinando,latin,2940.0
raw dot product,1,TRDYKYQ12903CAD2B8,Reik,Fui,latin,TRTHNFG12903D0CE54,Violadores del Verso,Dale tiempo al rumor,hip hop,1123.0
raw dot product,2,TRDYKYQ12903CAD2B8,Reik,Fui,latin,TRIJHLY12903D0CE4D,Violadores del Verso,Cantando,hip hop,963.0
raw dot product,3,TRDYKYQ12903CAD2B8,Reik,Fui,latin,TRDVUEH12903D0FAA9,Violadores del Verso,La ciudad nunca duerme,hip hop,811.0
raw dot product,1,TRAYQRI12903CAD2A1,Reik,Ilusionado,latin,TRTHNFG12903D0CE54,Violadores del Verso,Dale tiempo al rumor,hip hop,1263.0
raw dot product,2,TRAYQRI12903CAD2A1,Reik,Ilusionado,latin,TRTJLTW12903CFF1E9,Los Van Van,El Negro Está Cocinando,latin,1189.0
raw dot product,3,TRAYQRI12903CAD2A1,Reik,Ilusionado,latin,TRIJHLY12903D0CE4D,Violadores del Verso,Cantando,hip hop,1154.0
raw dot product,1,TRGFMTT12903CAD2A2,Reik,Piel De Ciudad,latin,TRIJHLY12903D0CE4D,Violadores del Verso,Cantando,hip hop,1253.0
raw dot product,2,TRGFMTT12903CAD2A2,Reik,Piel De Ciudad,latin,TRTHNFG12903D0CE54,Violadores del Verso,Dale tiempo al rumor,hip hop,1226.0
raw dot product,3,TRGFMTT12903CAD2A2,Reik,Piel De Ciudad,latin,TRWQZXS128F92DB731,Victor Manuelle,Lloré Lloré,latin,1193.0
raw dot product,1,TRJXNZL128F92E54EE,Reik,Quedate,latin,TRTHNFG12903D0CE54,Violadores del Verso,Dale tiempo al rumor,hip hop,2547.0
raw dot product,2,TRJXNZL128F92E54EE,Reik,Quedate,latin,TRTJLTW12903CFF1E9,Los Van Van,El Negro Está Cocinando,latin,2002.0
raw dot product,3,TRJXNZL128F92E54EE,Reik,Quedate,latin,TRIJHLY12903D0CE4D,Violadores del Verso,Cantando,hip hop,1951.0
raw dot product,1,TRDOVAF128F93112F7,Animal Collective,Brother Sport,latin,TRFUJVJ128F426F2A2,Lauryn Hill,Interlude 5,r&b/soul,2783.0
raw dot product,2,TRDOVAF128F93112F7,Animal Collective,Brother Sport,latin,TRQAWKR128F425EEC3,Michael Jackson,Man In The Mirror,pop,2126.0
raw dot product,3,TRDOVAF128F93112F7,Animal Collective,Brother Sport,latin,TRLCWTH128F92C7F82,Marques Houston,Cancel (Album Version),r&b/soul,2124.0
raw dot product,1,TRVPMSA128F9331D03,Metallica,The Prince,metal,TRDPGXU128F9339C2A,Beastie Boys,B-Boy Bouillabaisse: A.W.O.L. (2009 Digital Remaster),hip hop,1689.0
raw dot product,2,TRVPMSA128F9331D03,Metallica,The Prince,metal,TRFUJVJ128F426F2A2,Lauryn Hill,Interlude 5,r&b/soul,1523.0
raw dot product,3,TRVPMSA128F9331D03,Metallica,The Prince,metal,TREBGAA128E078FC52,Erykah Badu,I Want You,r&b/soul,1448.0
raw dot product,1,TRPCZPE12903CAF5BD,Avenged Sevenfold,Second Heartbeat,metal,TRFUJVJ128F426F2A2,Lauryn Hill,Interlude 5,r&b/soul,3310.0
raw dot product,2,TRPCZPE12903CAF5BD,Avenged Sevenfold,Second Heartbeat,metal,TRDPGXU128F9339C2A,Beastie Boys,B-Boy Bouillabaisse: A.W.O.L. (2009 Digital Remaster),hip hop,2658.0
raw dot product,3,TRPCZPE12903CAF5BD,Avenged Sevenfold,Second Heartbeat,metal,TRWSYHO128F4282346,Twista,I'm A Winner (Amended Album Version),hip hop,2620.0
raw dot product,1,TRNUDHG12903CAF56B,Avenged Sevenfold,To End The Rapture,metal,TRFUJVJ128F426F2A2,Lauryn Hill,Interlude 5,r&b/soul,626.0
raw dot product,2,TRNUDHG12903CAF56B,Avenged Sevenfold,To End The Rapture,metal,TRTLIKK128E07862DA,Ja Rule,One of Us,hip hop,343.0
raw dot product,3,TRNUDHG12903CAF56B,Avenged Sevenfold,To End The Rapture,metal,TRLDRYJ128F930BBB4,Pain of Salvation,Spitfall,metal,341.0
raw dot product,1,TRJAABI12903CF759F,blessthefall,Witness,metal,TRFUJVJ128F426F2A2,Lauryn Hill,Interlude 5,r&b/soul,5559.0
raw dot product,2,TRJAABI12903CF759F,blessthefall,Witness,metal,TRWSYHO128F4282346,Twista,I'm A Winner (Amended Album Version),hip hop,4362.0
raw dot product,3,TRJAABI12903CF759F,blessthefall,Witness,metal,TRGLNKG128F9307689,Eminem,My Darling,hip hop,3888.0
raw dot product,1,TRREMAP128F42983BD,HIM,Heartache Every Moment,metal,TRFUJVJ128F426F2A2,Lauryn Hill,Interlude 5,r&b/soul,2505.0
raw dot product,2,TRREMAP128F42983BD,HIM,Heartache Every Moment,metal,TRGUCIR128F933D817,Vanilla Ice,Ice Is Workin' It,hip hop,1834.0
raw dot product,3,TRREMAP128F42983BD,HIM,Heartache Every Moment,metal,TRDPGXU128F9339C2A,Beastie Boys,B-Boy Bouillabaisse: A.W.O.L. (2009 Digital Remaster),hip hop,1811.0
raw dot product,1,TRFRDZW128F429C337,HIM,Sigillum Diaboli,metal,TRFUJVJ128F426F2A2,Lauryn Hill,Interlude 5,r&b/soul,7876.0
raw dot product,2,TRFRDZW128F429C337,HIM,Sigillum Diaboli,metal,TREBGAA128E078FC52,Erykah Badu,I Want You,r&b/soul,6915.0
raw dot product,3,TRFRDZW128F429C337,HIM,Sigillum Diaboli,metal,TRDPGXU128F9339C2A,Beastie Boys,B-Boy Bouillabaisse: A.W.O.L. (2009 Digital Remaster),hip hop,6895.0
raw dot product,1,TRHVUCJ128F934B68C,As I Lay Dying,Refined By Your Embrace,metal,TRWSYHO128F4282346,Twista,I'm A Winner (Amended Album Version),hip hop,1451.0
raw dot product,2,TRHVUCJ128F934B68C,As I Lay Dying,Refined By Your Embrace,metal,TRFUJVJ128F426F2A2,Lauryn Hill,Interlude 5,r&b/soul,1318.0
raw dot product,3,TRHVUCJ128F934B68C,As I Lay Dying,Refined By Your Embrace,metal,TRDPGXU128F9339C2A,Beastie Boys,B-Boy Bouillabaisse: A.W.O.L. (2009 Digital Remaster),hip hop,1187.0
raw dot product,1,TRIBZVH128F934B68D,As I Lay Dying,The Innocence Spilled,metal,TRFUJVJ128F426F2A2,Lauryn Hill,Interlude 5,r&b/soul,1358.0
raw dot product,2,TRIBZVH128F934B68D,As I Lay Dying,The Innocence Spilled,metal,TRDPGXU128F9339C2A,Beastie Boys,B-Boy Bouillabaisse: A.W.O.L. (2009 Digital Remaster),hip hop,1172.0
raw dot product,3,TRIBZVH128F934B68D,As I Lay Dying,The Innocence Spilled,metal,TRGLNKG128F9307689,Eminem,My Darling,hip hop,1076.0
raw dot product,1,TRZOLOQ128F428FA00,August Burns Red,An American Dream,metal,TRFUJVJ128F426F2A2,Lauryn Hill,Interlude 5,r&b/soul,623.0
raw dot product,2,TRZOLOQ128F428FA00,August Burns Red,An American Dream,metal,TRTLIKK128E07862DA,Ja Rule,One of Us,hip hop,527.0
raw dot product,3,TRZOLOQ128F428FA00,August Burns Red,An American Dream,metal,TRFLWJZ128F425C9E4,The Pharcyde,Otha Fish,hip hop,510.0
raw dot product,1,TRFQWAQ128F14B084D,Underoath,The Changing Of Times,metal,TRFUJVJ128F426F2A2,Lauryn Hill,Interlude 5,r&b/soul,3021.0
raw dot product,2,TRFQWAQ128F14B084D,Underoath,The Changing Of Times,metal,TRWSYHO128F4282346,Twista,I'm A Winner (Amended Album Version),hip hop,2329.0
raw dot product,3,TRFQWAQ128F14B084D,Underoath,The Changing Of Times,metal,TRDPGXU128F9339C2A,Beastie Boys,B-Boy Bouillabaisse: A.W.O.L. (2009 Digital Remaster),hip hop,2184.0
raw dot product,1,TRLKWJA128F92E154E,Haste The Day,Autumn,metal,TRDPGXU128F9339C2A,Beastie Boys,B-Boy Bouillabaisse: A.W.O.L. (2009 Digital Remaster),hip hop,787.0
raw dot product,2,TRLKWJA128F92E154E,Haste The Day,Autumn,metal,TRBVPVV128F425F14F,Daft Punk,Touch It / Technologic,electronic,776.0
raw dot product,3,TRLKWJA128F92E154E,Haste The Day,Autumn,metal,TRRSNPA128F148C45E,The Roots,Mellow My Man,hip hop,719.0
raw dot product,1,TRNQSWR128EF34375F,Haste The Day,Chorus Of Angels,metal,TRTLIKK128E07862DA,Ja Rule,One of Us,hip hop,2670.0
raw dot product,2,TRNQSWR128EF34375F,Haste The Day,Chorus Of Angels,metal,TRFUJVJ128F426F2A2,Lauryn Hill,Interlude 5,r&b/soul,2651.0
raw dot product,3,TRNQSWR128EF34375F,Haste The Day,Chorus Of Angels,metal,TRYQAJC128F145A2CF,Röyksopp,Remind Me (Live),electronic,2586.0
raw dot product,1,TRGQLSE128F93257D8,Demon Hunter,Follow The Wolves,metal,TRTLIKK128E07862DA,Ja Rule,One of Us,hip hop,1494.0
raw dot product,2,TRGQLSE128F93257D8,Demon Hunter,Follow The Wolves,metal,TREADOS128E078EC1F,Eminem,If I Had,hip hop,1075.0
raw dot product,3,TRGQLSE128F93257D8,Demon Hunter,Follow The Wolves,metal,TRFUJVJ128F426F2A2,Lauryn Hill,Interlude 5,r&b/soul,1035.0
raw dot product,1,TRCAWAA128F93257D1,Demon Hunter,I Am You,metal,TRFUJVJ128F426F2A2,Lauryn Hill,Interlude 5,r&b/soul,3589.0
raw dot product,2,TRCAWAA128F93257D1,Demon Hunter,I Am You,metal,TRDPGXU128F9339C2A,Beastie Boys,B-Boy Bouillabaisse: A.W.O.L. (2009 Digital Remaster),hip hop,2555.0
raw dot product,3,TRCAWAA128F93257D1,Demon Hunter,I Am You,metal,TRWSYHO128F4282346,Twista,I'm A Winner (Amended Album Version),hip hop,2457.0
raw dot product,1,TRWPRIF128EF34B8F8,Demon Hunter,The Science Of Lies,metal,TRFUJVJ128F426F2A2,Lauryn Hill,Interlude 5,r&b/soul,2909.0
raw dot product,2,TRWPRIF128EF34B8F8,Demon Hunter,The Science Of Lies,metal,TRTLIKK128E07862DA,Ja Rule,One of Us,hip hop,2041.0
raw dot product,3,TRWPRIF128EF34B8F8,Demon Hunter,The Science Of Lies,metal,TRDPGXU128F9339C2A,Beastie Boys,B-Boy Bouillabaisse: A.W.O.L. (2009 Digital Remaster),hip hop,1815.0
raw dot product,1,TRKLLYD128F4273FF4,Ozzy Osbourne,Slow Down,metal,TRFUJVJ128F426F2A2,Lauryn Hill,Interlude 5,r&b/soul,5555.0
raw dot product,2,TRKLLYD128F4273FF4,Ozzy Osbourne,Slow Down,metal,TRWSYHO128F4282346,Twista,I'm A Winner (Amended Album Version),hip hop,4147.0
raw dot product,3,TRKLLYD128F4273FF4,Ozzy Osbourne,Slow Down,metal,TRGLNKG128F9307689,Eminem,My Darling,hip hop,4014.0
raw dot product,1,TRQJQNX128F4266704,Ozzy Osbourne,Steal Away (The Night),metal,TRFUJVJ128F426F2A2,Lauryn Hill,Interlude 5,r&b/soul,2136.0
raw dot product,2,TRQJQNX128F4266704,Ozzy Osbourne,Steal Away (The Night),metal,TRDPGXU128F9339C2A,Beastie Boys,B-Boy Bouillabaisse: A.W.O.L. (2009 Digital Remaster),hip hop,1480.0
raw dot product,3,TRQJQNX128F4266704,Ozzy Osbourne,Steal Away (The Night),metal,TRGLNKG128F9307689,Eminem,My Darling,hip hop,1399.0
raw dot product,1,TRYIKZR128E0783C64,Megadeth,Black Curtains (2004 Digital Remaster),metal,TRDPGXU128F9339C2A,Beastie Boys,B-Boy Bouillabaisse: A.W.O.L. (2009 Digital Remaster),hip hop,1522.0
raw dot product,2,TRYIKZR128E0783C64,Megadeth,Black Curtains (2004 Digital Remaster),metal,TRFUJVJ128F426F2A2,Lauryn Hill,Interlude 5,r&b/soul,1485.0
raw dot product,3,TRYIKZR128E0783C64,Megadeth,Black Curtains (2004 Digital Remaster),metal,TRRSNPA128F148C45E,The Roots,Mellow My Man,hip hop,1342.0
raw dot product,1,TRIOZOZ128F92FA0C2,Megadeth,Die Dead Enough,metal,TRDPGXU128F9339C2A,Beastie Boys,B-Boy Bouillabaisse: A.W.O.L. (2009 Digital Remaster),hip hop,7906.0
raw dot product,2,TRIOZOZ128F92FA0C2,Megadeth,Die Dead Enough,metal,TRCHZXW128E079288A,Eminem,8 Mile,hip hop,7598.0
raw dot product,3,TRIOZOZ128F92FA0C2,Megadeth,Die Dead Enough,metal,TRKLJAG128F42B31CF,Mario Vazquez,Everytime I...,r&b/soul,7414.0
raw dot product,1,TRUHHWN128F93045BA,Drowning Pool,Bodies,metal,TRUGLTC128F4227B93,Danity Kane,Hold Me Down (Album Version),r&b/soul,1981.0
raw dot product,2,TRUHHWN128F93045BA,Drowning Pool,Bodies,metal,TRRIRMX128F92E6272,Akon,Locked Up,hip hop,1906.0
raw dot product,3,TRUHHWN128F93045BA,Drowning Pool,Bodies,metal,TRFUJVJ128F426F2A2,Lauryn Hill,Interlude 5,r&b/soul,1870.0
raw dot product,1,TRJHNLI128F934B2CA,Cannibal Corpse,Rotting Head,metal,TRTLIKK128E07862DA,Ja Rule,One of Us,hip hop,815.0
raw dot product,2,TRJHNLI128F934B2CA,Cannibal Corpse,Rotting Head,metal,TRDPGXU128F9339C2A,Beastie Boys,B-Boy Bouillabaisse: A.W.O.L. (2009 Digital Remaster),hip hop,724.0
raw dot product,3,TRJHNLI128F934B2CA,Cannibal Corpse,Rotting Head,metal,TRFUJVJ128F426F2A2,Lauryn Hill,Interlude 5,r&b/soul,724.0
raw dot product,1,TRQGFHN128F428643E,Slipknot,Gehenna,metal,TRFUJVJ128F426F2A2,Lauryn Hill,Interlude 5,r&b/soul,6553.0
raw dot product,2,TRQGFHN128F428643E,Slipknot,Gehenna,metal,TRWSYHO128F4282346,Twista,I'm A Winner (Amended Album Version),hip hop,6296.0
raw dot product,3,TRQGFHN128F428643E,Slipknot,Gehenna,metal,TREBGAA128E078FC52,Erykah Badu,I Want You,r&b/soul,5931.0
raw dot product,1,TRHCDHI128F92C4B9B,Slipknot,[sic] [Explicit],metal,TRFUJVJ128F426F2A2,Lauryn Hill,Interlude 5,r&b/soul,5014.0
raw dot product,2,TRHCDHI128F92C4B9B,Slipknot,[sic] [Explicit],metal,TRWSYHO128F4282346,Twista,I'm A Winner (Amended Album Version),hip hop,4682.0
raw dot product,3,TRHCDHI128F92C4B9B,Slipknot,[sic] [Explicit],metal,TREBGAA128E078FC52,Erykah Badu,I Want You,r&b/soul,3907.0
raw dot product,1,TRVHKNP128F429DDCE,Nine Inch Nails,Gunshots by Computer,metal,TRFUJVJ128F426F2A2,Lauryn Hill,Interlude 5,r&b/soul,3135.0
raw dot product,2,TRVHKNP128F429DDCE,Nine Inch Nails,Gunshots by Computer,metal,TRWSYHO128F4282346,Twista,I'm A Winner (Amended Album Version),hip hop,2542.0
raw dot product,3,TRVHKNP128F429DDCE,Nine Inch Nails,Gunshots by Computer,metal,TRDPGXU128F9339C2A,Beastie Boys,B-Boy Bouillabaisse: A.W.O.L. (2009 Digital Remaster),hip hop,2420.0
raw dot product,1,TREFLCZ128F4236589,Killswitch Engage,Hope Is... (Album Version),metal,TRFUJVJ128F426F2A2,Lauryn Hill,Interlude 5,r&b/soul,1777.0
raw dot product,2,TREFLCZ128F4236589,Killswitch Engage,Hope Is... (Album Version),metal,TRYQAJC128F145A2CF,Röyksopp,Remind Me (Live),electronic,1776.0
raw dot product,3,TREFLCZ128F4236589,Killswitch Engage,Hope Is... (Album Version),metal,TRFFSMS128F428BC88,Enrique Iglesias,Miss You,latin,1498.0
raw dot product,1,TRQFRJG128F4260199,Opeth,The Moor,metal,TRFUJVJ128F426F2A2,Lauryn Hill,Interlude 5,r&b/soul,3473.0
raw dot product,2,TRQFRJG128F4260199,Opeth,The Moor,metal,TRDPGXU128F9339C2A,Beastie Boys,B-Boy Bouillabaisse: A.W.O.L. (2009 Digital Remaster),hip hop,2908.0
raw dot product,3,TRQFRJG128F4260199,Opeth,The Moor,metal,TRWSYHO128F4282346,Twista,I'm A Winner (Amended Album Version),hip hop,2291.0
raw dot product,1,TRMFSTL128F427B6C1,Atreyu,This Flesh A Tomb (Instrumental Version),metal,TRFUJVJ128F426F2A2,Lauryn Hill,Interlude 5,r&b/soul,4268.0
raw dot product,2,TRMFSTL128F427B6C1,Atreyu,This Flesh A Tomb (Instrumental Version),metal,TRDPGXU128F9339C2A,Beastie Boys,B-Boy Bouillabaisse: A.W.O.L. (2009 Digital Remaster),hip hop,3816.0
raw dot product,3,TRMFSTL128F427B6C1,Atreyu,This Flesh A Tomb (Instrumental Version),metal,TRWSYHO128F4282346,Twista,I'm A Winner (Amended Album Version),hip hop,3325.0
raw dot product,1,TRALERK12903CDCAFD,For Today,A Higher Standard,metal,TRFUJVJ128F426F2A2,Lauryn Hill,Interlude 5,r&b/soul,1972.0
raw dot product,2,TRALERK12903CDCAFD,For Today,A Higher Standard,metal,TRGUCIR128F933D817,Vanilla Ice,Ice Is Workin' It,hip hop,1384.0
raw dot product,3,TRALERK12903CDCAFD,For Today,A Higher Standard,metal,TRBVPVV128F425F14F,Daft Punk,Touch It / Technologic,electronic,1382.0
raw dot product,1,TRDIJKP12903CDCAF4,For Today,Redemption,metal,TRFUJVJ128F426F2A2,Lauryn Hill,Interlude 5,r&b/soul,1761.0
raw dot product,2,TRDIJKP12903CDCAF4,For Today,Redemption,metal,TRDPGXU128F9339C2A,Beastie Boys,B-Boy Bouillabaisse: A.W.O.L. (2009 Digital Remaster),hip hop,1390.0
raw dot product,3,TRDIJKP12903CDCAF4,For Today,Redemption,metal,TRGLNKG128F9307689,Eminem,My Darling,hip hop,1161.0
raw dot product,1,TRZQYIJ128F92E7F49,Lamb Of God,We Die Alone (Bonus Track),metal,TRFUJVJ128F426F2A2,Lauryn Hill,Interlude 5,r&b/soul,1626.0
raw dot product,2,TRZQYIJ128F92E7F49,Lamb Of God,We Die Alone (Bonus Track),metal,TRFSCLD12903CD213F,The Prodigy,We Gonna Rock,electronic,1182.0
raw dot product,3,TRZQYIJ128F92E7F49,Lamb Of God,We Die Alone (Bonus Track),metal,TRKRVKD128F9327008,Hollywood Undead,Undead,hip hop,1013.0
raw dot product,1,TRMYVVL128F92E865E,STRATOVARIUS,Elements,metal,TRFUJVJ128F426F2A2,Lauryn Hill,Interlude 5,r&b/soul,2289.0
raw dot product,2,TRMYVVL128F92E865E,STRATOVARIUS,Elements,metal,TRTLIKK128E07862DA,Ja Rule,One of Us,hip hop,2216.0
raw dot product,3,TRMYVVL128F92E865E,STRATOVARIUS,Elements,metal,TRDPGXU128F9339C2A,Beastie Boys,B-Boy Bouillabaisse: A.W.O.L. (2009 Digital Remaster),hip hop,2135.0
raw dot product,1,TRIKFKO128F426A6FC,STRATOVARIUS,Know The Difference,metal,TRFUJVJ128F426F2A2,Lauryn Hill,Interlude 5,r&b/soul,3160.0
raw dot product,2,TRIKFKO128F426A6FC,STRATOVARIUS,Know The Difference,metal,TRDPGXU128F9339C2A,Beastie Boys,B-Boy Bouillabaisse: A.W.O.L. (2009 Digital Remaster),hip hop,2246.0
raw dot product,3,TRIKFKO128F426A6FC,STRATOVARIUS,Know The Difference,metal,TRQAWKR128F425EEC3,Michael Jackson,Man In The Mirror,pop,2051.0
raw dot product,1,TRJAFPP128F426AB25,System of a Down,Peephole,metal,TRWSYHO128F4282346,Twista,I'm A Winner (Amended Album Version),hip hop,5819.0
raw dot product,2,TRJAFPP128F426AB25,System of a Down,Peephole,metal,TRFUJVJ128F426F2A2,Lauryn Hill,Interlude 5,r&b/soul,5190.0
raw dot product,3,TRJAFPP128F426AB25,System of a Down,Peephole,metal,TRHNOMB12903CB2544,Life Without Buildings,New Town,rock,4318.0
raw dot product,1,TRYMCCD128F421CD27,Children Of Bodom,Hellhounds on My Trail,metal,TRFUJVJ128F426F2A2,Lauryn Hill,Interlude 5,r&b/soul,4753.0
raw dot product,2,TRYMCCD128F421CD27,Children Of Bodom,Hellhounds on My Trail,metal,TRWSYHO128F4282346,Twista,I'm A Winner (Amended Album Version),hip hop,3783.0
raw dot product,3,TRYMCCD128F421CD27,Children Of Bodom,Hellhounds on My Trail,metal,TRDPGXU128F9339C2A,Beastie Boys,B-Boy Bouillabaisse: A.W.O.L. (2009 Digital Remaster),hip hop,3635.0
raw dot product,1,TRVIFKS128F426813A,Children Of Bodom,No Commands,metal,TRFUJVJ128F426F2A2,Lauryn Hill,Interlude 5,r&b/soul,2491.0
raw dot product,2,TRVIFKS128F426813A,Children Of Bodom,No Commands,metal,TRDPGXU128F9339C2A,Beastie Boys,B-Boy Bouillabaisse: A.W.O.L. (2009 Digital Remaster),hip hop,2308.0
raw dot product,3,TRVIFKS128F426813A,Children Of Bodom,No Commands,metal,TRFFSMS128F428BC88,Enrique Iglesias,Miss You,latin,2142.0
raw dot product,1,TRLHJMW128F1493BA1,Tori Amos,Mother (2006 Remastered Alternate Mix),metal,TRFUJVJ128F426F2A2,Lauryn Hill,Interlude 5,r&b/soul,3989.0
raw dot product,2,TRLHJMW128F1493BA1,Tori Amos,Mother (2006 Remastered Alternate Mix),metal,TRDPGXU128F9339C2A,Beastie Boys,B-Boy Bouillabaisse: A.W.O.L. (2009 Digital Remaster),hip hop,3698.0
raw dot product,3,TRLHJMW128F1493BA1,Tori Amos,Mother (2006 Remastered Alternate Mix),metal,TRWSYHO128F4282346,Twista,I'm A Winner (Amended Album Version),hip hop,3159.0
raw dot product,1,TRZGXNM128F1451ADF,Iron Maiden,Lord Of The Flies (Live In Dortmund),metal,TRFUJVJ128F426F2A2,Lauryn Hill,Interlude 5,r&b/soul,2778.0
raw dot product,2,TRZGXNM128F1451ADF,Iron Maiden,Lord Of The Flies (Live In Dortmund),metal,TRDPGXU128F9339C2A,Beastie Boys,B-Boy Bouillabaisse: A.W.O.L. (2009 Digital Remaster),hip hop,2016.0
raw dot product,3,TRZGXNM128F1451ADF,Iron Maiden,Lord Of The Flies (Live In Dortmund),metal,TRTLIKK128E07862DA,Ja Rule,One of Us,hip hop,1833.0
raw dot product,1,TROGUOT128F147F39A,Iron Maiden,Phantom Of The Opera (Live) (1998 Digital Remaster),metal,TRFUJVJ128F426F2A2,Lauryn Hill,Interlude 5,r&b/soul,4990.0
raw dot product,2,TROGUOT128F147F39A,Iron Maiden,Phantom Of The Opera (Live) (1998 Digital Remaster),metal,TRWSYHO128F4282346,Twista,I'm A Winner (Amended Album Version),hip hop,3658.0
raw dot product,3,TROGUOT128F147F39A,Iron Maiden,Phantom Of The Opera (Live) (1998 Digital Remaster),metal,TRGLNKG128F9307689,Eminem,My Darling,hip hop,3483.0
raw dot product,1,TRJYSJS128EF356B75,Ill Niño,Re-Birth,metal,TRFUJVJ128F426F2A2,Lauryn Hill,Interlude 5,r&b/soul,9791.0
raw dot product,2,TRJYSJS128EF356B75,Ill Niño,Re-Birth,metal,TRWSYHO128F4282346,Twista,I'm A Winner (Amended Album Version),hip hop,8922.0
raw dot product,3,TRJYSJS128EF356B75,Ill Niño,Re-Birth,metal,TRVLIZK128F428845E,Five,That's What You Told Me,pop,7795.0
raw dot product,1,TRSUANW128F930BD52,Kamelot,This Pain,metal,TRFUJVJ128F426F2A2,Lauryn Hill,Interlude 5,r&b/soul,2009.0
raw dot product,2,TRSUANW128F930BD52,Kamelot,This Pain,metal,TRDPGXU128F9339C2A,Beastie Boys,B-Boy Bouillabaisse: A.W.O.L. (2009 Digital Remaster),hip hop,1722.0
raw dot product,3,TRSUANW128F930BD52,Kamelot,This Pain,metal,TRCHZXW128E079288A,Eminem,8 Mile,hip hop,1405.0
raw dot product,1,TRRIRCF128F426A606,Michael Jackson,You Are Not Alone,pop,TRFUJVJ128F426F2A2,Lauryn Hill,Interlude 5,r&b/soul,8798.0
raw dot product,2,TRRIRCF128F426A606,Michael Jackson,You Are Not Alone,pop,TRWSYHO128F4282346,Twista,I'm A Winner (Amended Album Version),hip hop,7672.0
raw dot product,3,TRRIRCF128F426A606,Michael Jackson,You Are Not Alone,pop,TRGLNKG128F9307689,Eminem,My Darling,hip hop,7036.0
raw dot product,1,TREUPHA128F4278F34,Michael Jackson,Baby Be Mine,pop,TRFUJVJ128F426F2A2,Lauryn Hill,Interlude 5,r&b/soul,7579.0
raw dot product,2,TREUPHA128F4278F34,Michael Jackson,Baby Be Mine,pop,TRWSYHO128F4282346,Twista,I'm A Winner (Amended Album Version),hip hop,6234.0
raw dot product,3,TREUPHA128F4278F34,Michael Jackson,Baby Be Mine,pop,TRDPGXU128F9339C2A,Beastie Boys,B-Boy Bouillabaisse: A.W.O.L. (2009 Digital Remaster),hip hop,5254.0
raw dot product,1,TRQAWKR128F425EEC3,Michael Jackson,Man In The Mirror,pop,TRFUJVJ128F426F2A2,Lauryn Hill,Interlude 5,r&b/soul,22971.0
raw dot product,2,TRQAWKR128F425EEC3,Michael Jackson,Man In The Mirror,pop,TRWSYHO128F4282346,Twista,I'm A Winner (Amended Album Version),hip hop,19432.0
raw dot product,3,TRQAWKR128F425EEC3,Michael Jackson,Man In The Mirror,pop,TRDPGXU128F9339C2A,Beastie Boys,B-Boy Bouillabaisse: A.W.O.L. (2009 Digital Remaster),hip hop,15159.0
raw dot product,1,TRCYAYD128F92F3758,Michael Jackson,Why You Wanna Trip On Me,pop,TRFUJVJ128F426F2A2,Lauryn Hill,Interlude 5,r&b/soul,4979.0
raw dot product,2,TRCYAYD128F92F3758,Michael Jackson,Why You Wanna Trip On Me,pop,TRUGLTC128F4227B93,Danity Kane,Hold Me Down (Album Version),r&b/soul,4785.0
raw dot product,3,TRCYAYD128F92F3758,Michael Jackson,Why You Wanna Trip On Me,pop,TRVLIZK128F428845E,Five,That's What You Told Me,pop,4464.0
raw dot product,1,TRGJXNX128F92F8757,Ke$ha,TiK ToK,pop,TRFUJVJ128F426F2A2,Lauryn Hill,Interlude 5,r&b/soul,4104.0
raw dot product,2,TRGJXNX128F92F8757,Ke$ha,TiK ToK,pop,TRDPGXU128F9339C2A,Beastie Boys,B-Boy Bouillabaisse: A.W.O.L. (2009 Digital Remaster),hip hop,4058.0
raw dot product,3,TRGJXNX128F92F8757,Ke$ha,TiK ToK,pop,TRWSYHO128F4282346,Twista,I'm A Winner (Amended Album Version),hip hop,3618.0
raw dot product,1,TRNQDAJ128F92F4AE0,Maroon 5,Nothing Lasts Forever,pop,TRFUJVJ128F426F2A2,Lauryn Hill,Interlude 5,r&b/soul,5698.0
raw dot product,2,TRNQDAJ128F92F4AE0,Maroon 5,Nothing Lasts Forever,pop,TRWSYHO128F4282346,Twista,I'm A Winner (Amended Album Version),hip hop,4709.0
raw dot product,3,TRNQDAJ128F92F4AE0,Maroon 5,Nothing Lasts Forever,pop,TREBGAA128E078FC52,Erykah Badu,I Want You,r&b/soul,4008.0
raw dot product,1,TRHKYKI128E07921BC,Enrique Iglesias,Roamer,pop,TRDPGXU128F9339C2A,Beastie Boys,B-Boy Bouillabaisse: A.W.O.L. (2009 Digital Remaster),hip hop,5514.0
raw dot product,2,TRHKYKI128E07921BC,Enrique Iglesias,Roamer,pop,TRCHZXW128E079288A,Eminem,8 Mile,hip hop,4976.0
raw dot product,3,TRHKYKI128E07921BC,Enrique Iglesias,Roamer,pop,TRFUJVJ128F426F2A2,Lauryn Hill,Interlude 5,r&b/soul,4622.0
raw dot product,1,TRTJYFF128F9340CA9,Jason Mraz,Live High (Album Version),pop,TRFUJVJ128F426F2A2,Lauryn Hill,Interlude 5,r&b/soul,2496.0
raw dot product,2,TRTJYFF128F9340CA9,Jason Mraz,Live High (Album Version),pop,TRBVPVV128F425F14F,Daft Punk,Touch It / Technologic,electronic,2054.0
raw dot product,3,TRTJYFF128F9340CA9,Jason Mraz,Live High (Album Version),pop,TRGUCIR128F933D817,Vanilla Ice,Ice Is Workin' It,hip hop,2044.0
raw dot product,1,TRMBGMX128F92FD769,Mariah Carey,Did I Do That?,pop,TRFUJVJ128F426F2A2,Lauryn Hill,Interlude 5,r&b/soul,12494.0
raw dot product,2,TRMBGMX128F92FD769,Mariah Carey,Did I Do That?,pop,TRWSYHO128F4282346,Twista,I'm A Winner (Amended Album Version),hip hop,9967.0
raw dot product,3,TRMBGMX128F92FD769,Mariah Carey,Did I Do That?,pop,TRGLNKG128F9307689,Eminem,My Darling,hip hop,8848.0
raw dot product,1,TRWMZQL128F9306DCB,Mariah Carey,I'll Be There,pop,TRFUJVJ128F426F2A2,Lauryn Hill,Interlude 5,r&b/soul,7134.0
raw dot product,2,TRWMZQL128F9306DCB,Mariah Carey,I'll Be There,pop,TRWSYHO128F4282346,Twista,I'm A Winner (Amended Album Version),hip hop,6537.0
raw dot product,3,TRWMZQL128F9306DCB,Mariah Carey,I'll Be There,pop,TRDPGXU128F9339C2A,Beastie Boys,B-Boy Bouillabaisse: A.W.O.L. (2009 Digital Remaster),hip hop,6522.0
raw dot product,1,TRRIZDV128F92C1F17,Natasha Bedingfield,I Think They're Thinking - Interlude,pop,TRDPGXU128F9339C2A,Beastie Boys,B-Boy Bouillabaisse: A.W.O.L. (2009 Digital Remaster),hip hop,1039.0
raw dot product,2,TRRIZDV128F92C1F17,Natasha Bedingfield,I Think They're Thinking - Interlude,pop,TRFUJVJ128F426F2A2,Lauryn Hill,Interlude 5,r&b/soul,1025.0
raw dot product,3,TRRIZDV128F92C1F17,Natasha Bedingfield,I Think They're Thinking - Interlude,pop,TRBEBJO128C719646B,Nelly,Splurge,hip hop,989.0
raw dot product,1,TREXAZN128F425A825,Natasha Bedingfield,Silent Movie,pop,TRFUJVJ128F426F2A2,Lauryn Hill,Interlude 5,r&b/soul,4849.0
raw dot product,2,TREXAZN128F425A825,Natasha Bedingfield,Silent Movie,pop,TRWSYHO128F4282346,Twista,I'm A Winner (Amended Album Version),hip hop,3575.0
raw dot product,3,TREXAZN128F425A825,Natasha Bedingfield,Silent Movie,pop,TRUGLTC128F4227B93,Danity Kane,Hold Me Down (Album Version),r&b/soul,3340.0
raw dot product,1,TRFYGMB128F425A7A2,Natasha Bedingfield,Stumble,pop,TRFUJVJ128F426F2A2,Lauryn Hill,Interlude 5,r&b/soul,8293.0
raw dot product,2,TRFYGMB128F425A7A2,Natasha Bedingfield,Stumble,pop,TRWSYHO128F4282346,Twista,I'm A Winner (Amended Album Version),hip hop,7445.0
raw dot product,3,TRFYGMB128F425A7A2,Natasha Bedingfield,Stumble,pop,TREBGAA128E078FC52,Erykah Badu,I Want You,r&b/soul,6090.0
raw dot product,1,TRSRDVR128F92E6CF4,Enrique Iglesias,Heroe,pop,TRWSYHO128F4282346,Twista,I'm A Winner (Amended Album Version),hip hop,5891.0
raw dot product,2,TRSRDVR128F92E6CF4,Enrique Iglesias,Heroe,pop,TRFUJVJ128F426F2A2,Lauryn Hill,Interlude 5,r&b/soul,5886.0
raw dot product,3,TRSRDVR128F92E6CF4,Enrique Iglesias,Heroe,pop,TREBGAA128E078FC52,Erykah Badu,I Want You,r&b/soul,4997.0
raw dot product,1,TRNHATG128F428BC8A,Enrique Iglesias,Little Girl,pop,TRWSYHO128F4282346,Twista,I'm A Winner (Amended Album Version),hip hop,5753.0
raw dot product,2,TRNHATG128F428BC8A,Enrique Iglesias,Little Girl,pop,TRFUJVJ128F426F2A2,Lauryn Hill,Interlude 5,r&b/soul,5725.0
raw dot product,3,TRNHATG128F428BC8A,Enrique Iglesias,Little Girl,pop,TREBGAA128E078FC52,Erykah Badu,I Want You,r&b/soul,4868.0
raw dot product,1,TREMCSO128F4215877,Enrique Iglesias,Ruleta Rusa,pop,TRTHNFG12903D0CE54,Violadores del Verso,Dale tiempo al rumor,hip hop,2382.0
raw dot product,2,TREMCSO128F4215877,Enrique Iglesias,Ruleta Rusa,pop,TRRKWPY12903CAAC5D,Johnny Prez,Te Vuelvo Loca,reggae,2139.0
raw dot product,3,TREMCSO128F4215877,Enrique Iglesias,Ruleta Rusa,pop,TRWAGNG128F4286598,Tego Calderon,Al Natural (Amended Version),latin,2070.0
raw dot product,1,TRMMVPU128F145EC99,Enrique Iglesias,Contigo,pop,TRTHNFG12903D0CE54,Violadores del Verso,Dale tiempo al rumor,hip hop,3252.0
raw dot product,2,TRMMVPU128F145EC99,Enrique Iglesias,Contigo,pop,TRWAGNG128F4286598,Tego Calderon,Al Natural (Amended Version),latin,2707.0
raw dot product,3,TRMMVPU128F145EC99,Enrique Iglesias,Contigo,pop,TRIJHLY12903D0CE4D,Violadores del Verso,Cantando,hip hop,2568.0
raw dot product,1,TRFKPYW128F92F21C5,Shakira,Años Luz,pop,TRTHNFG12903D0CE54,Violadores del Verso,Dale tiempo al rumor,hip hop,2295.0
raw dot product,2,TRFKPYW128F92F21C5,Shakira,Años Luz,pop,TRIJHLY12903D0CE4D,Violadores del Verso,Cantando,hip hop,1947.0
raw dot product,3,TRFKPYW128F92F21C5,Shakira,Años Luz,pop,TRTJLTW12903CFF1E9,Los Van Van,El Negro Está Cocinando,latin,1893.0
raw dot product,1,TRCUKHR128F92DF656,Sara Bareilles,Love Song,pop,TRFUJVJ128F426F2A2,Lauryn Hill,Interlude 5,r&b/soul,9640.0
raw dot product,2,TRCUKHR128F92DF656,Sara Bareilles,Love Song,pop,TRWSYHO128F4282346,Twista,I'm A Winner (Amended Album Version),hip hop,9321.0
raw dot product,3,TRCUKHR128F92DF656,Sara Bareilles,Love Song,pop,TRGLNKG128F9307689,Eminem,My Darling,hip hop,7152.0
raw dot product,1,TRDLWAP128F428F6B9,Christina Aguilera,Candyman,pop,TRFUJVJ128F426F2A2,Lauryn Hill,Interlude 5,r&b/soul,2374.0
raw dot product,2,TRDLWAP128F428F6B9,Christina Aguilera,Candyman,pop,TRDPGXU128F9339C2A,Beastie Boys,B-Boy Bouillabaisse: A.W.O.L. (2009 Digital Remaster),hip hop,2114.0
raw dot product,3,TRDLWAP128F428F6B9,Christina Aguilera,Candyman,pop,TRTLIKK128E07862DA,Ja Rule,One of Us,hip hop,2024.0
raw dot product,1,TRPEWXU12903CE6EA2,Selena Gomez & The Scene,Tell Me Something I Don't Know,pop,TRFUJVJ128F426F2A2,Lauryn Hill,Interlude 5,r&b/soul,11672.0
raw dot product,2,TRPEWXU12903CE6EA2,Selena Gomez & The Scene,Tell Me Something I Don't Know,pop,TROIJDA128F9341E70,R. Kelly,I Mean (I Don't Mean It),r&b/soul,10461.0
raw dot product,3,TRPEWXU12903CE6EA2,Selena Gomez & The Scene,Tell Me Something I Don't Know,pop,TRDPGXU128F9339C2A,Beastie Boys,B-Boy Bouillabaisse: A.W.O.L. (2009 Digital Remaster),hip hop,9474.0
raw dot product,1,TRAYJOF128F92F9EEA,Kelly Clarkson,Cry,pop,TRFUJVJ128F426F2A2,Lauryn Hill,Interlude 5,r&b/soul,9255.0
raw dot product,2,TRAYJOF128F92F9EEA,Kelly Clarkson,Cry,pop,TRWSYHO128F4282346,Twista,I'm A Winner (Amended Album Version),hip hop,8700.0
raw dot product,3,TRAYJOF128F92F9EEA,Kelly Clarkson,Cry,pop,TRDPGXU128F9339C2A,Beastie Boys,B-Boy Bouillabaisse: A.W.O.L. (2009 Digital Remaster),hip hop,7576.0
raw dot product,1,TRARKBB128F92E9468,Céline Dion,Zora sourit,pop,TRFUJVJ128F426F2A2,Lauryn Hill,Interlude 5,r&b/soul,983.0
raw dot product,2,TRARKBB128F92E9468,Céline Dion,Zora sourit,pop,TRYCBLK12903CE6A0E,Twiztid,She Ain't Afraid,hip hop,770.0
raw dot product,3,TRARKBB128F92E9468,Céline Dion,Zora sourit,pop,TRIAELA128F149EEE6,Sniper,Panam All Star,hip hop,764.0
raw dot product,1,TRFBXJZ128F92D25C0,Newsboys,Dance,pop,TRFUJVJ128F426F2A2,Lauryn Hill,Interlude 5,r&b/soul,2566.0
raw dot product,2,TRFBXJZ128F92D25C0,Newsboys,Dance,pop,TRDPGXU128F9339C2A,Beastie Boys,B-Boy Bouillabaisse: A.W.O.L. (2009 Digital Remaster),hip hop,2058.0
raw dot product,3,TRFBXJZ128F92D25C0,Newsboys,Dance,pop,TRWSYHO128F4282346,Twista,I'm A Winner (Amended Album Version),hip hop,2056.0
raw dot product,1,TRICXDK128F92CBC3C,Céline Dion,Partout Je Vois,pop,TRFUJVJ128F426F2A2,Lauryn Hill,Interlude 5,r&b/soul,5411.0
raw dot product,2,TRICXDK128F92CBC3C,Céline Dion,Partout Je Vois,pop,TRWSYHO128F4282346,Twista,I'm A Winner (Amended Album Version),hip hop,5291.0
raw dot product,3,TRICXDK128F92CBC3C,Céline Dion,Partout Je Vois,pop,TRDPGXU128F9339C2A,Beastie Boys,B-Boy Bouillabaisse: A.W.O.L. (2009 Digital Remaster),hip hop,4549.0
raw dot product,1,TRZNHJN128F4293FC2,Kelly Clarkson,Anytime,pop,TRFUJVJ128F426F2A2,Lauryn Hill,Interlude 5,r&b/soul,8741.0
raw dot product,2,TRZNHJN128F4293FC2,Kelly Clarkson,Anytime,pop,TRWSYHO128F4282346,Twista,I'm A Winner (Amended Album Version),hip hop,7814.0
raw dot product,3,TRZNHJN128F4293FC2,Kelly Clarkson,Anytime,pop,TRGLNKG128F9307689,Eminem,My Darling,hip hop,6174.0
raw dot product,1,TRPKKZG128F92E495A,Edward Sharpe & The Magnetic Zeros,Simplest Love,pop,TRUEPSG128F149639E,Stevie Wonder,All Day Sucker,r&b/soul,665.0
raw dot product,2,TRPKKZG128F92E495A,Edward Sharpe & The Magnetic Zeros,Simplest Love,pop,TRXHMID128F42BA902,Brick & Lace,Love Is Wicked,r&b/soul,547.0
raw dot product,3,TRPKKZG128F92E495A,Edward Sharpe & The Magnetic Zeros,Simplest Love,pop,TROYGVY128E0788A36,Dilated Peoples,Love And War,hip hop,456.0
raw dot product,1,TRVPPSC128F92EC9C2,Colbie Caillat,Midnight Bottle,pop,TRFUJVJ128F426F2A2,Lauryn Hill,Interlude 5,r&b/soul,3451.0
raw dot product,2,TRVPPSC128F92EC9C2,Colbie Caillat,Midnight Bottle,pop,TRWSYHO128F4282346,Twista,I'm A Winner (Amended Album Version),hip hop,3062.0
raw dot product,3,TRVPPSC128F92EC9C2,Colbie Caillat,Midnight Bottle,pop,TRDPGXU128F9339C2A,Beastie Boys,B-Boy Bouillabaisse: A.W.O.L. (2009 Digital Remaster),hip hop,2885.0
raw dot product,1,TRCJADX128F428D3E0,Britney Spears,Let Me Be,pop,TRFUJVJ128F426F2A2,Lauryn Hill,Interlude 5,r&b/soul,11300.0
raw dot product,2,TRCJADX128F428D3E0,Britney Spears,Let Me Be,pop,TRWSYHO128F4282346,Twista,I'm A Winner (Amended Album Version),hip hop,8604.0
raw dot product,3,TRCJADX128F428D3E0,Britney Spears,Let Me Be,pop,TRDPGXU128F9339C2A,Beastie Boys,B-Boy Bouillabaisse: A.W.O.L. (2009 Digital Remaster),hip hop,8578.0
raw dot product,1,TRKJKJV128F425E247,Annie Lennox,Big Sky,pop,TRFUJVJ128F426F2A2,Lauryn Hill,Interlude 5,r&b/soul,3223.0
raw dot product,2,TRKJKJV128F425E247,Annie Lennox,Big Sky,pop,TRWSYHO128F4282346,Twista,I'm A Winner (Amended Album Version),hip hop,3098.0
raw dot product,3,TRKJKJV128F425E247,Annie Lennox,Big Sky,pop,TRDPGXU128F9339C2A,Beastie Boys,B-Boy Bouillabaisse: A.W.O.L. (2009 Digital Remaster),hip hop,2489.0
raw dot product,1,TRXMQNH128F4287D61,Whitney Houston,Thinking About You,pop,TRFUJVJ128F426F2A2,Lauryn Hill,Interlude 5,r&b/soul,10860.0
raw dot product,2,TRXMQNH128F4287D61,Whitney Houston,Thinking About You,pop,TRWSYHO128F4282346,Twista,I'm A Winner (Amended Album Version),hip hop,10022.0
raw dot product,3,TRXMQNH128F4287D61,Whitney Houston,Thinking About You,pop,TREBGAA128E078FC52,Erykah Badu,I Want You,r&b/soul,9587.0
raw dot product,1,TRXXPYK128F14805B7,Phil Collins,A Groovy Kind Of Love (Live),pop,TRFUJVJ128F426F2A2,Lauryn Hill,Interlude 5,r&b/soul,3709.0
raw dot product,2,TRXXPYK128F14805B7,Phil Collins,A Groovy Kind Of Love (Live),pop,TRWSYHO128F4282346,Twista,I'm A Winner (Amended Album Version),hip hop,3303.0
raw dot product,3,TRXXPYK128F14805B7,Phil Collins,A Groovy Kind Of Love (Live),pop,TREBGAA128E078FC52,Erykah Badu,I Want You,r&b/soul,2926.0
raw dot product,1,TRGQFUZ128F92ED646,Beyoncé,That's Why You're Beautiful,pop,TRFUJVJ128F426F2A2,Lauryn Hill,Interlude 5,r&b/soul,3180.0
raw dot product,2,TRGQFUZ128F92ED646,Beyoncé,That's Why You're Beautiful,pop,TRQAWKR128F425EEC3,Michael Jackson,Man In The Mirror,pop,2376.0
raw dot product,3,TRGQFUZ128F92ED646,Beyoncé,That's Why You're Beautiful,pop,TRDPGXU128F9339C2A,Beastie Boys,B-Boy Bouillabaisse: A.W.O.L. (2009 Digital Remaster),hip hop,2150.0
raw dot product,1,TRPAJJF128F428D18A,Whitney Houston,Step By Step,pop,TRANAPL128F42BA7D6,Young Jeezy,By The Way,hip hop,5075.0
raw dot product,2,TRPAJJF128F428D18A,Whitney Houston,Step By Step,pop,TRFUJVJ128F426F2A2,Lauryn Hill,Interlude 5,r&b/soul,4369.0
raw dot product,3,TRPAJJF128F428D18A,Whitney Houston,Step By Step,pop,TRDPGXU128F9339C2A,Beastie Boys,B-Boy Bouillabaisse: A.W.O.L. (2009 Digital Remaster),hip hop,4154.0
raw dot product,1,TRLPDIB128F42289CC,Britney Spears,Piece Of Me (Main Version),pop,TRFUJVJ128F426F2A2,Lauryn Hill,Interlude 5,r&b/soul,8660.0
raw dot product,2,TRLPDIB128F42289CC,Britney Spears,Piece Of Me (Main Version),pop,TRWSYHO128F4282346,Twista,I'm A Winner (Amended Album Version),hip hop,7165.0
raw dot product,3,TRLPDIB128F42289CC,Britney Spears,Piece Of Me (Main Version),pop,TRUGLTC128F4227B93,Danity Kane,Hold Me Down (Album Version),r&b/soul,6896.0
raw dot product,1,TRJTTMZ128F930924B,Britney Spears,Can't Make You Love Me,pop,TRFUJVJ128F426F2A2,Lauryn Hill,Interlude 5,r&b/soul,12190.0
raw dot product,2,TRJTTMZ128F930924B,Britney Spears,Can't Make You Love Me,pop,TRWSYHO128F4282346,Twista,I'm A Winner (Amended Album Version),hip hop,11738.0
raw dot product,3,TRJTTMZ128F930924B,Britney Spears,Can't Make You Love Me,pop,TRDPGXU128F9339C2A,Beastie Boys,B-Boy Bouillabaisse: A.W.O.L. (2009 Digital Remaster),hip hop,9832.0
raw dot product,1,TRKGGHK128F42999EF,Britney Spears,Girl In The Mirror,pop,TRFUJVJ128F426F2A2,Lauryn Hill,Interlude 5,r&b/soul,4724.0
raw dot product,2,TRKGGHK128F42999EF,Britney Spears,Girl In The Mirror,pop,TRDPGXU128F9339C2A,Beastie Boys,B-Boy Bouillabaisse: A.W.O.L. (2009 Digital Remaster),hip hop,4639.0
raw dot product,3,TRKGGHK128F42999EF,Britney Spears,Girl In The Mirror,pop,TRWSYHO128F4282346,Twista,I'm A Winner (Amended Album Version),hip hop,3963.0
raw dot product,1,TRLTYLK128F92FE6FF,Britney Spears,Radar,pop,TRFUJVJ128F426F2A2,Lauryn Hill,Interlude 5,r&b/soul,13754.0
raw dot product,2,TRLTYLK128F92FE6FF,Britney Spears,Radar,pop,TRWSYHO128F4282346,Twista,I'm A Winner (Amended Album Version),hip hop,12861.0
raw dot product,3,TRLTYLK128F92FE6FF,Britney Spears,Radar,pop,TRDPGXU128F9339C2A,Beastie Boys,B-Boy Bouillabaisse: A.W.O.L. (2009 Digital Remaster),hip hop,11876.0
raw dot product,1,TRNEGIP128F4296261,Britney Spears,When Your Eyes Say It,pop,TRFUJVJ128F426F2A2,Lauryn Hill,Interlude 5,r&b/soul,9339.0
raw dot product,2,TRNEGIP128F4296261,Britney Spears,When Your Eyes Say It,pop,TRWSYHO128F4282346,Twista,I'm A Winner (Amended Album Version),hip hop,7408.0
raw dot product,3,TRNEGIP128F4296261,Britney Spears,When Your Eyes Say It,pop,TRDPGXU128F9339C2A,Beastie Boys,B-Boy Bouillabaisse: A.W.O.L. (2009 Digital Remaster),hip hop,6578.0
raw dot product,1,TRUWOUE128F14867BF,Depeche Mode,Precious (Live In Milan),pop,TRFUJVJ128F426F2A2,Lauryn Hill,Interlude 5,r&b/soul,2123.0
raw dot product,2,TRUWOUE128F14867BF,Depeche Mode,Precious (Live In Milan),pop,TRDPGXU128F9339C2A,Beastie Boys,B-Boy Bouillabaisse: A.W.O.L. (2009 Digital Remaster),hip hop,1578.0
raw dot product,3,TRUWOUE128F14867BF,Depeche Mode,Precious (Live In Milan),pop,TRWSYHO128F4282346,Twista,I'm A Winner (Amended Album Version),hip hop,1533.0
raw dot product,1,TRFJKWU12903CC37B1,Crystal Castles,Insectica,punk,TRWSYHO128F4282346,Twista,I'm A Winner (Amended Album Version),hip hop,1492.0
raw dot product,2,TRFJKWU12903CC37B1,Crystal Castles,Insectica,punk,TRFUJVJ128F426F2A2,Lauryn Hill,Interlude 5,r&b/soul,1490.0
raw dot product,3,TRFJKWU12903CC37B1,Crystal Castles,Insectica,punk,TRGLNKG128F9307689,Eminem,My Darling,hip hop,1447.0
raw dot product,1,TRVEUUV128F428AB29,Motion City Soundtrack,Cambridge (Album Version),punk,TRFUJVJ128F426F2A2,Lauryn Hill,Interlude 5,r&b/soul,1348.0
raw dot product,2,TRVEUUV128F428AB29,Motion City Soundtrack,Cambridge (Album Version),punk,TRDPGXU128F9339C2A,Beastie Boys,B-Boy Bouillabaisse: A.W.O.L. (2009 Digital Remaster),hip hop,1270.0
raw dot product,3,TRVEUUV128F428AB29,Motion City Soundtrack,Cambridge (Album Version),punk,TRFLWJZ128F425C9E4,The Pharcyde,Otha Fish,hip hop,1039.0
raw dot product,1,TRMZJSE12903D00E60,Motion City Soundtrack,Disappear,punk,TRWSYHO128F4282346,Twista,I'm A Winner (Amended Album Version),hip hop,5905.0
raw dot product,2,TRMZJSE12903D00E60,Motion City Soundtrack,Disappear,punk,TRFUJVJ128F426F2A2,Lauryn Hill,Interlude 5,r&b/soul,5816.0
raw dot product,3,TRMZJSE12903D00E60,Motion City Soundtrack,Disappear,punk,TREBGAA128E078FC52,Erykah Badu,I Want You,r&b/soul,4893.0
raw dot product,1,TRIGZIY128F42348C1,Motion City Soundtrack,Fell in Love Without You (Cd),punk,TRFUJVJ128F426F2A2,Lauryn Hill,Interlude 5,r&b/soul,2793.0
raw dot product,2,TRIGZIY128F42348C1,Motion City Soundtrack,Fell in Love Without You (Cd),punk,TRDPGXU128F9339C2A,Beastie Boys,B-Boy Bouillabaisse: A.W.O.L. (2009 Digital Remaster),hip hop,2047.0
raw dot product,3,TRIGZIY128F42348C1,Motion City Soundtrack,Fell in Love Without You (Cd),punk,TRFLWJZ128F425C9E4,The Pharcyde,Otha Fish,hip hop,2012.0
raw dot product,1,TRZGUYI128F42368DF,Motion City Soundtrack,Point Of Extinction (Cd),punk,TRFUJVJ128F426F2A2,Lauryn Hill,Interlude 5,r&b/soul,5177.0
raw dot product,2,TRZGUYI128F42368DF,Motion City Soundtrack,Point Of Extinction (Cd),punk,TRWSYHO128F4282346,Twista,I'm A Winner (Amended Album Version),hip hop,4914.0
raw dot product,3,TRZGUYI128F42368DF,Motion City Soundtrack,Point Of Extinction (Cd),punk,TRDPGXU128F9339C2A,Beastie Boys,B-Boy Bouillabaisse: A.W.O.L. (2009 Digital Remaster),hip hop,4544.0
raw dot product,1,TRJQRJO12903D00E65,Motion City Soundtrack,Stand Too Close,punk,TRFUJVJ128F426F2A2,Lauryn Hill,Interlude 5,r&b/soul,3802.0
raw dot product,2,TRJQRJO12903D00E65,Motion City Soundtrack,Stand Too Close,punk,TRWSYHO128F4282346,Twista,I'm A Winner (Amended Album Version),hip hop,3555.0
raw dot product,3,TRJQRJO12903D00E65,Motion City Soundtrack,Stand Too Close,punk,TRDPGXU128F9339C2A,Beastie Boys,B-Boy Bouillabaisse: A.W.O.L. (2009 Digital Remaster),hip hop,2908.0
raw dot product,1,TRQMNKZ12903D00E5B,Motion City Soundtrack,Worker Bee,punk,TRDPGXU128F9339C2A,Beastie Boys,B-Boy Bouillabaisse: A.W.O.L. (2009 Digital Remaster),hip hop,1452.0
raw dot product,2,TRQMNKZ12903D00E5B,Motion City Soundtrack,Worker Bee,punk,TRCHZXW128E079288A,Eminem,8 Mile,hip hop,1366.0
raw dot product,3,TRQMNKZ12903D00E5B,Motion City Soundtrack,Worker Bee,punk,TRFUJVJ128F426F2A2,Lauryn Hill,Interlude 5,r&b/soul,1352.0
raw dot product,1,TRMZSJY128F4255BE9,Interpol,Mind Over Time,punk,TRFUJVJ128F426F2A2,Lauryn Hill,Interlude 5,r&b/soul,1378.0
raw dot product,2,TRMZSJY128F4255BE9,Interpol,Mind Over Time,punk,TRDPGXU128F9339C2A,Beastie Boys,B-Boy Bouillabaisse: A.W.O.L. (2009 Digital Remaster),hip hop,1213.0
raw dot product,3,TRMZSJY128F4255BE9,Interpol,Mind Over Time,punk,TRXHFMI128F429B2F2,Rufio,Over It (Acoustic),punk,1111.0
raw dot product,1,TRVQHEV128F4259AB2,The Clash,I Fought The Law,punk,TRFUJVJ128F426F2A2,Lauryn Hill,Interlude 5,r&b/soul,4325.0
raw dot product,2,TRVQHEV128F4259AB2,The Clash,I Fought The Law,punk,TRDPGXU128F9339C2A,Beastie Boys,B-Boy Bouillabaisse: A.W.O.L. (2009 Digital Remaster),hip hop,4261.0
raw dot product,3,TRVQHEV128F4259AB2,The Clash,I Fought The Law,punk,TRCHZXW128E079288A,Eminem,8 Mile,hip hop,3736.0
raw dot product,1,TRVMLEW128F425A82D,The Clash,The Magnificent Seven,punk,TRFUJVJ128F426F2A2,Lauryn Hill,Interlude 5,r&b/soul,7461.0
raw dot product,2,TRVMLEW128F425A82D,The Clash,The Magnificent Seven,punk,TRWSYHO128F4282346,Twista,I'm A Winner (Amended Album Version),hip hop,5484.0
raw dot product,3,TRVMLEW128F425A82D,The Clash,The Magnificent Seven,punk,TRQAWKR128F425EEC3,Michael Jackson,Man In The Mirror,pop,4925.0
raw dot product,1,TRWVZBZ128F1462E08,Yellowcard,Believe,punk,TRFUJVJ128F426F2A2,Lauryn Hill,Interlude 5,r&b/soul,4526.0
raw dot product,2,TRWVZBZ128F1462E08,Yellowcard,Believe,punk,TRDPGXU128F9339C2A,Beastie Boys,B-Boy Bouillabaisse: A.W.O.L. (2009 Digital Remaster),hip hop,3248.0
raw dot product,3,TRWVZBZ128F1462E08,Yellowcard,Believe,punk,TRWSYHO128F4282346,Twista,I'm A Winner (Amended Album Version),hip hop,2679.0
raw dot product,1,TRQYGUV128F1462E01,Yellowcard,Empty Apartment,punk,TRFUJVJ128F426F2A2,Lauryn Hill,Interlude 5,r&b/soul,5963.0
raw dot product,2,TRQYGUV128F1462E01,Yellowcard,Empty Apartment,punk,TRWSYHO128F4282346,Twista,I'm A Winner (Amended Album Version),hip hop,4647.0
raw dot product,3,TRQYGUV128F1462E01,Yellowcard,Empty Apartment,punk,TRUGLTC128F4227B93,Danity Kane,Hold Me Down (Album Version),r&b/soul,3760.0
raw dot product,1,TRBKLDM128F427D0DA,Rise Against,But Tonight We Dance,punk,TRFUJVJ128F426F2A2,Lauryn Hill,Interlude 5,r&b/soul,4386.0
raw dot product,2,TRBKLDM128F427D0DA,Rise Against,But Tonight We Dance,punk,TRDPGXU128F9339C2A,Beastie Boys,B-Boy Bouillabaisse: A.W.O.L. (2009 Digital Remaster),hip hop,3217.0
raw dot product,3,TRBKLDM128F427D0DA,Rise Against,But Tonight We Dance,punk,TRWSYHO128F4282346,Twista,I'm A Winner (Amended Album Version),hip hop,2976.0
raw dot product,1,TRKSDBX128F9345DC9,Rise Against,Faint Resemblance,punk,TRFUJVJ128F426F2A2,Lauryn Hill,Interlude 5,r&b/soul,3517.0
raw dot product,2,TRKSDBX128F9345DC9,Rise Against,Faint Resemblance,punk,TRDPGXU128F9339C2A,Beastie Boys,B-Boy Bouillabaisse: A.W.O.L. (2009 Digital Remaster),hip hop,2586.0
raw dot product,3,TRKSDBX128F9345DC9,Rise Against,Faint Resemblance,punk,TREBGAA128E078FC52,Erykah Badu,I Want You,r&b/soul,2339.0
raw dot product,1,TRMGOLR128F933A7DB,Rise Against,Survive,punk,TRFUJVJ128F426F2A2,Lauryn Hill,Interlude 5,r&b/soul,4185.0
raw dot product,2,TRMGOLR128F933A7DB,Rise Against,Survive,punk,TRKRVKD128F9327008,Hollywood Undead,Undead,hip hop,2796.0
raw dot product,3,TRMGOLR128F933A7DB,Rise Against,Survive,punk,TRFSCLD12903CD213F,The Prodigy,We Gonna Rock,electronic,2718.0
raw dot product,1,TRFNVPY128F92D2626,Rise Against,The Dirt Whispered,punk,TRDPGXU128F9339C2A,Beastie Boys,B-Boy Bouillabaisse: A.W.O.L. (2009 Digital Remaster),hip hop,3252.0
raw dot product,2,TRFNVPY128F92D2626,Rise Against,The Dirt Whispered,punk,TRFUJVJ128F426F2A2,Lauryn Hill,Interlude 5,r&b/soul,3062.0
raw dot product,3,TRFNVPY128F92D2626,Rise Against,The Dirt Whispered,punk,TRCHZXW128E079288A,Eminem,8 Mile,hip hop,2899.0
raw dot product,1,TRPSYVF128F428A446,The Offspring,Get It Right (Album Version),punk,TRFUJVJ128F426F2A2,Lauryn Hill,Interlude 5,r&b/soul,3935.0
raw dot product,2,TRPSYVF128F428A446,The Offspring,Get It Right (Album Version),punk,TRDPGXU128F9339C2A,Beastie Boys,B-Boy Bouillabaisse: A.W.O.L. (2009 Digital Remaster),hip hop,3449.0
raw dot product,3,TRPSYVF128F428A446,The Offspring,Get It Right (Album Version),punk,TRWSYHO128F4282346,Twista,I'm A Winner (Amended Album Version),hip hop,3367.0
raw dot product,1,TROGTUS128F932D6CB,The Offspring,Want You Bad,punk,TRFUJVJ128F426F2A2,Lauryn Hill,Interlude 5,r&b/soul,4813.0
raw dot product,2,TROGTUS128F932D6CB,The Offspring,Want You Bad,punk,TRWSYHO128F4282346,Twista,I'm A Winner (Amended Album Version),hip hop,4510.0
raw dot product,3,TROGTUS128F932D6CB,The Offspring,Want You Bad,punk,TREBGAA128E078FC52,Erykah Badu,I Want You,r&b/soul,3978.0
raw dot product,1,TRZVPFY128F92E19DF,The Offspring,Staring At The Sun,punk,TRFUJVJ128F426F2A2,Lauryn Hill,Interlude 5,r&b/soul,6817.0
raw dot product,2,TRZVPFY128F92E19DF,The Offspring,Staring At The Sun,punk,TRWSYHO128F4282346,Twista,I'm A Winner (Amended Album Version),hip hop,6499.0
raw dot product,3,TRZVPFY128F92E19DF,The Offspring,Staring At The Sun,punk,TRDPGXU128F9339C2A,Beastie Boys,B-Boy Bouillabaisse: A.W.O.L. (2009 Digital Remaster),hip hop,5836.0
raw dot product,1,TRGAEVY128F428BEF6,Bad Religion,Operation Rescue,punk,TRFUJVJ128F426F2A2,Lauryn Hill,Interlude 5,r&b/soul,2094.0
raw dot product,2,TRGAEVY128F428BEF6,Bad Religion,Operation Rescue,punk,TRDPGXU128F9339C2A,Beastie Boys,B-Boy Bouillabaisse: A.W.O.L. (2009 Digital Remaster),hip hop,1450.0
raw dot product,3,TRGAEVY128F428BEF6,Bad Religion,Operation Rescue,punk,TRGLNKG128F9307689,Eminem,My Darling,hip hop,1214.0
raw dot product,1,TRPTWJT128F422F239,Silverstein,When Broken Is Easily Fixed (Album Version),punk,TRFUJVJ128F426F2A2,Lauryn Hill,Interlude 5,r&b/soul,3968.0
raw dot product,2,TRPTWJT128F422F239,Silverstein,When Broken Is Easily Fixed (Album Version),punk,TRUGLTC128F4227B93,Danity Kane,Hold Me Down (Album Version),r&b/soul,3347.0
raw dot product,3,TRPTWJT128F422F239,Silverstein,When Broken Is Easily Fixed (Album Version),punk,TRVLIZK128F428845E,Five,That's What You Told Me,pop,3061.0
raw dot product,1,TRPYGVQ128E078EFE9,The Cure,Want,punk,TRFUJVJ128F426F2A2,Lauryn Hill,Interlude 5,r&b/soul,5579.0
raw dot product,2,TRPYGVQ128E078EFE9,The Cure,Want,punk,TRWSYHO128F4282346,Twista,I'm A Winner (Amended Album Version),hip hop,4571.0
raw dot product,3,TRPYGVQ128E078EFE9,The Cure,Want,punk,TREBGAA128E078FC52,Erykah Badu,I Want You,r&b/soul,4071.0
raw dot product,1,TRJNMGP128F92E0427,Hey Monday,Josey,punk,TRFUJVJ128F426F2A2,Lauryn Hill,Interlude 5,r&b/soul,3317.0
raw dot product,2,TRJNMGP128F92E0427,Hey Monday,Josey,punk,TRDPGXU128F9339C2A,Beastie Boys,B-Boy Bouillabaisse: A.W.O.L. (2009 Digital Remaster),hip hop,2241.0
raw dot product,3,TRJNMGP128F92E0427,Hey Monday,Josey,punk,TRBVPVV128F425F14F,Daft Punk,Touch It / Technologic,electronic,2104.0
raw dot product,1,TRVWMAR128F425A2DA,The Clash,1-2 Crush On You,punk,TRWSYHO128F4282346,Twista,I'm A Winner (Amended Album Version),hip hop,7262.0
raw dot product,2,TRVWMAR128F425A2DA,The Clash,1-2 Crush On You,punk,TRFUJVJ128F426F2A2,Lauryn Hill,Interlude 5,r&b/soul,7112.0
raw dot product,3,TRVWMAR128F425A2DA,The Clash,1-2 Crush On You,punk,TREBGAA128E078FC52,Erykah Badu,I Want You,r&b/soul,6549.0
raw dot product,1,TRCKZBM128F425A2DD,The Clash,Brand New Cadillac,punk,TRFUJVJ128F426F2A2,Lauryn Hill,Interlude 5,r&b/soul,1562.0
raw dot product,2,TRCKZBM128F425A2DD,The Clash,Brand New Cadillac,punk,TRYCBLK12903CE6A0E,Twiztid,She Ain't Afraid,hip hop,1429.0
raw dot product,3,TRCKZBM128F425A2DD,The Clash,Brand New Cadillac,punk,TRYOUMI128E078F4DE,K-Ci & JoJo,Baby Come Back,blues,1412.0
raw dot product,1,TRCFCHA128F4259A75,The Clash,Cool Confusion,punk,TRFUJVJ128F426F2A2,Lauryn Hill,Interlude 5,r&b/soul,2022.0
raw dot product,2,TRCFCHA128F4259A75,The Clash,Cool Confusion,punk,TRDPGXU128F9339C2A,Beastie Boys,B-Boy Bouillabaisse: A.W.O.L. (2009 Digital Remaster),hip hop,1901.0
raw dot product,3,TRCFCHA128F4259A75,The Clash,Cool Confusion,punk,TRFLWJZ128F425C9E4,The Pharcyde,Otha Fish,hip hop,1723.0
raw dot product,1,TRYSJKQ128F4259A73,The Clash,First Night Back In London,punk,TRFUJVJ128F426F2A2,Lauryn Hill,Interlude 5,r&b/soul,1438.0
raw dot product,2,TRYSJKQ128F4259A73,The Clash,First Night Back In London,punk,TRDPGXU128F9339C2A,Beastie Boys,B-Boy Bouillabaisse: A.W.O.L. (2009 Digital Remaster),hip hop,1407.0
raw dot product,3,TRYSJKQ128F4259A73,The Clash,First Night Back In London,punk,TRWSYHO128F4282346,Twista,I'm A Winner (Amended Album Version),hip hop,1226.0
raw dot product,1,TRAQKVC128F425E65C,The Clash,Inoculated City,punk,TRFUJVJ128F426F2A2,Lauryn Hill,Interlude 5,r&b/soul,1291.0
raw dot product,2,TRAQKVC128F425E65C,The Clash,Inoculated City,punk,TRTLIKK128E07862DA,Ja Rule,One of Us,hip hop,937.0
raw dot product,3,TRAQKVC128F425E65C,The Clash,Inoculated City,punk,TRDPGXU128F9339C2A,Beastie Boys,B-Boy Bouillabaisse: A.W.O.L. (2009 Digital Remaster),hip hop,894.0
raw dot product,1,TRUASIU128F425A1D7,The Clash,Lost In The Supermarket,punk,TRDPGXU128F9339C2A,Beastie Boys,B-Boy Bouillabaisse: A.W.O.L. (2009 Digital Remaster),hip hop,6301.0
raw dot product,2,TRUASIU128F425A1D7,The Clash,Lost In The Supermarket,punk,TRCHZXW128E079288A,Eminem,8 Mile,hip hop,6162.0
raw dot product,3,TRUASIU128F425A1D7,The Clash,Lost In The Supermarket,punk,TRKLJAG128F42B31CF,Mario Vazquez,Everytime I...,r&b/soul,5834.0
raw dot product,1,TROLGMC128F4259BB8,The Clash,Overpowered By Funk,punk,TRFUJVJ128F426F2A2,Lauryn Hill,Interlude 5,r&b/soul,3126.0
raw dot product,2,TROLGMC128F4259BB8,The Clash,Overpowered By Funk,punk,TRDPGXU128F9339C2A,Beastie Boys,B-Boy Bouillabaisse: A.W.O.L. (2009 Digital Remaster),hip hop,2672.0
raw dot product,3,TROLGMC128F4259BB8,The Clash,Overpowered By Funk,punk,TRWSYHO128F4282346,Twista,I'm A Winner (Amended Album Version),hip hop,2560.0
raw dot product,1,TRMQMTC128F428A516,Bad Religion,Automatic Man (Album Version),punk,TRFUJVJ128F426F2A2,Lauryn Hill,Interlude 5,r&b/soul,1916.0
raw dot product,2,TRMQMTC128F428A516,Bad Religion,Automatic Man (Album Version),punk,TRDPGXU128F9339C2A,Beastie Boys,B-Boy Bouillabaisse: A.W.O.L. (2009 Digital Remaster),hip hop,1374.0
raw dot product,3,TRMQMTC128F428A516,Bad Religion,Automatic Man (Album Version),punk,TRQAWKR128F425EEC3,Michael Jackson,Man In The Mirror,pop,1296.0
raw dot product,1,TRQENBA128F426093C,Bad Religion,Chimaera (Album Version),punk,TRFUJVJ128F426F2A2,Lauryn Hill,Interlude 5,r&b/soul,5138.0
raw dot product,2,TRQENBA128F426093C,Bad Religion,Chimaera (Album Version),punk,TRWSYHO128F4282346,Twista,I'm A Winner (Amended Album Version),hip hop,3017.0
raw dot product,3,TRQENBA128F426093C,Bad Religion,Chimaera (Album Version),punk,TRGLNKG128F9307689,Eminem,My Darling,hip hop,2935.0
raw dot product,1,TRJCXHB128F428AC5B,Bad Religion,Damned to Be Free (Album Version),punk,TRFUJVJ128F426F2A2,Lauryn Hill,Interlude 5,r&b/soul,1601.0
raw dot product,2,TRJCXHB128F428AC5B,Bad Religion,Damned to Be Free (Album Version),punk,TRDPGXU128F9339C2A,Beastie Boys,B-Boy Bouillabaisse: A.W.O.L. (2009 Digital Remaster),hip hop,1506.0
raw dot product,3,TRJCXHB128F428AC5B,Bad Religion,Damned to Be Free (Album Version),punk,TRGUCIR128F933D817,Vanilla Ice,Ice Is Workin' It,hip hop,1458.0
raw dot product,1,TRHWAPL128F428BEEE,Bad Religion,Get Off,punk,TRFUJVJ128F426F2A2,Lauryn Hill,Interlude 5,r&b/soul,3021.0
raw dot product,2,TRHWAPL128F428BEEE,Bad Religion,Get Off,punk,TRDPGXU128F9339C2A,Beastie Boys,B-Boy Bouillabaisse: A.W.O.L. (2009 Digital Remaster),hip hop,2859.0
raw dot product,3,TRHWAPL128F428BEEE,Bad Religion,Get Off,punk,TRCHZXW128E079288A,Eminem,8 Mile,hip hop,2636.0
raw dot product,1,TRHYIAH128F14825EC,Funeral For A Friend,Juneau,punk,TRDPGXU128F9339C2A,Beastie Boys,B-Boy Bouillabaisse: A.W.O.L. (2009 Digital Remaster),hip hop,3078.0
raw dot product,2,TRHYIAH128F14825EC,Funeral For A Friend,Juneau,punk,TRFUJVJ128F426F2A2,Lauryn Hill,Interlude 5,r&b/soul,2904.0
raw dot product,3,TRHYIAH128F14825EC,Funeral For A Friend,Juneau,punk,TRHNOMB12903CB2544,Life Without Buildings,New Town,rock,2783.0
raw dot product,1,TRWMODL128F92E7E2A,Wire,Another The letter,punk,TRFLWJZ128F425C9E4,The Pharcyde,Otha Fish,hip hop,756.0
raw dot product,2,TRWMODL128F92E7E2A,Wire,Another The letter,punk,TRQAWKR128F425EEC3,Michael Jackson,Man In The Mirror,pop,664.0
raw dot product,3,TRWMODL128F92E7E2A,Wire,Another The letter,punk,TRFUJVJ128F426F2A2,Lauryn Hill,Interlude 5,r&b/soul,629.0
raw dot product,1,TRABGYE128E078278A,Wire,Strange,punk,TRFGJLT128F1491125,Public Enemy,Go Cat Go,hip hop,982.0
raw dot product,2,TRABGYE128E078278A,Wire,Strange,punk,TRDPGXU128F9339C2A,Beastie Boys,B-Boy Bouillabaisse: A.W.O.L. (2009 Digital Remaster),hip hop,882.0
raw dot product,3,TRABGYE128E078278A,Wire,Strange,punk,TRFUJVJ128F426F2A2,Lauryn Hill,Interlude 5,r&b/soul,831.0
raw dot product,1,TRBAQPR128F92F4AB0,The Wonder Years,Dude_ What Is a Land Pirate?,punk,TRFUJVJ128F426F2A2,Lauryn Hill,Interlude 5,r&b/soul,4562.0
raw dot product,2,TRBAQPR128F92F4AB0,The Wonder Years,Dude_ What Is a Land Pirate?,punk,TRDPGXU128F9339C2A,Beastie Boys,B-Boy Bouillabaisse: A.W.O.L. (2009 Digital Remaster),hip hop,3111.0
raw dot product,3,TRBAQPR128F92F4AB0,The Wonder Years,Dude_ What Is a Land Pirate?,punk,TREBGAA128E078FC52,Erykah Badu,I Want You,r&b/soul,2973.0
raw dot product,1,TRVOTRF128F148AE44,Dashboard Confessional,Again I Go Unnoticed,punk,TRFUJVJ128F426F2A2,Lauryn Hill,Interlude 5,r&b/soul,2719.0
raw dot product,2,TRVOTRF128F148AE44,Dashboard Confessional,Again I Go Unnoticed,punk,TRDPGXU128F9339C2A,Beastie Boys,B-Boy Bouillabaisse: A.W.O.L. (2009 Digital Remaster),hip hop,2153.0
raw dot product,3,TRVOTRF128F148AE44,Dashboard Confessional,Again I Go Unnoticed,punk,TRGLNKG128F9307689,Eminem,My Darling,hip hop,1924.0
raw dot product,1,TRRERUT128F1477144,Dashboard Confessional,Carry This Picture,punk,TRFUJVJ128F426F2A2,Lauryn Hill,Interlude 5,r&b/soul,2326.0
raw dot product,2,TRRERUT128F1477144,Dashboard Confessional,Carry This Picture,punk,TRDPGXU128F9339C2A,Beastie Boys,B-Boy Bouillabaisse: A.W.O.L. (2009 Digital Remaster),hip hop,2230.0
raw dot product,3,TRRERUT128F1477144,Dashboard Confessional,Carry This Picture,punk,TRCHZXW128E079288A,Eminem,8 Mile,hip hop,1875.0
raw dot product,1,TRHGTHE128F428B4C3,Usher,U R The One,r&b/soul,TRFUJVJ128F426F2A2,Lauryn Hill,Interlude 5,r&b/soul,6934.0
raw dot product,2,TRHGTHE128F428B4C3,Usher,U R The One,r&b/soul,TRWSYHO128F4282346,Twista,I'm A Winner (Amended Album Version),hip hop,6320.0
raw dot product,3,TRHGTHE128F428B4C3,Usher,U R The One,r&b/soul,TRDPGXU128F9339C2A,Beastie Boys,B-Boy Bouillabaisse: A.W.O.L. (2009 Digital Remaster),hip hop,5203.0
raw dot product,1,TREIEOO128F42B0099,Chris Brown,Ain't No Way (You Won't Love Me),r&b/soul,TRFUJVJ128F426F2A2,Lauryn Hill,Interlude 5,r&b/soul,13073.0
raw dot product,2,TREIEOO128F42B0099,Chris Brown,Ain't No Way (You Won't Love Me),r&b/soul,TRWSYHO128F4282346,Twista,I'm A Winner (Amended Album Version),hip hop,11783.0
raw dot product,3,TREIEOO128F42B0099,Chris Brown,Ain't No Way (You Won't Love Me),r&b/soul,TRUGLTC128F4227B93,Danity Kane,Hold Me Down (Album Version),r&b/soul,10158.0
raw dot product,1,TRRZSBO128F428BE44,Usher,Nice & Slow,r&b/soul,TRFUJVJ128F426F2A2,Lauryn Hill,Interlude 5,r&b/soul,9962.0
raw dot product,2,TRRZSBO128F428BE44,Usher,Nice & Slow,r&b/soul,TRWSYHO128F4282346,Twista,I'm A Winner (Amended Album Version),hip hop,7977.0
raw dot product,3,TRRZSBO128F428BE44,Usher,Nice & Slow,r&b/soul,TREBGAA128E078FC52,Erykah Badu,I Want You,r&b/soul,7691.0
raw dot product,1,TRMZSRG128F428BE3F,Usher,Roni,r&b/soul,TRFUJVJ128F426F2A2,Lauryn Hill,Interlude 5,r&b/soul,7646.0
raw dot product,2,TRMZSRG128F428BE3F,Usher,Roni,r&b/soul,TRWSYHO128F4282346,Twista,I'm A Winner (Amended Album Version),hip hop,6034.0
raw dot product,3,TRMZSRG128F428BE3F,Usher,Roni,r&b/soul,TRDPGXU128F9339C2A,Beastie Boys,B-Boy Bouillabaisse: A.W.O.L. (2009 Digital Remaster),hip hop,5794.0
raw dot product,1,TRENECR128F92DAC48,Chris Brown,Damage,r&b/soul,TRFUJVJ128F426F2A2,Lauryn Hill,Interlude 5,r&b/soul,9634.0
raw dot product,2,TRENECR128F92DAC48,Chris Brown,Damage,r&b/soul,TRWSYHO128F4282346,Twista,I'm A Winner (Amended Album Version),hip hop,7770.0
raw dot product,3,TRENECR128F92DAC48,Chris Brown,Damage,r&b/soul,TRDPGXU128F9339C2A,Beastie Boys,B-Boy Bouillabaisse: A.W.O.L. (2009 Digital Remaster),hip hop,7549.0
raw dot product,1,TRIAONH128F9340E62,Chris Brown,Gotta Be Ur Man,r&b/soul,TRFUJVJ128F426F2A2,Lauryn Hill,Interlude 5,r&b/soul,10876.0
raw dot product,2,TRIAONH128F9340E62,Chris Brown,Gotta Be Ur Man,r&b/soul,TRWSYHO128F4282346,Twista,I'm A Winner (Amended Album Version),hip hop,10688.0
raw dot product,3,TRIAONH128F9340E62,Chris Brown,Gotta Be Ur Man,r&b/soul,TRDPGXU128F9339C2A,Beastie Boys,B-Boy Bouillabaisse: A.W.O.L. (2009 Digital Remaster),hip hop,9690.0
raw dot product,1,TRFBNCQ128F9302AD9,Akon,Birthmark,r&b/soul,TRFUJVJ128F426F2A2,Lauryn Hill,Interlude 5,r&b/soul,6947.0
raw dot product,2,TRFBNCQ128F9302AD9,Akon,Birthmark,r&b/soul,TRGLNKG128F9307689,Eminem,My Darling,hip hop,6664.0
raw dot product,3,TRFBNCQ128F9302AD9,Akon,Birthmark,r&b/soul,TRLCWTH128F92C7F82,Marques Houston,Cancel (Album Version),r&b/soul,6474.0
raw dot product,1,TRPZAPZ128F9341D3E,R. Kelly,Don't You Say No,r&b/soul,TRFUJVJ128F426F2A2,Lauryn Hill,Interlude 5,r&b/soul,12606.0
raw dot product,2,TRPZAPZ128F9341D3E,R. Kelly,Don't You Say No,r&b/soul,TRWSYHO128F4282346,Twista,I'm A Winner (Amended Album Version),hip hop,10587.0
raw dot product,3,TRPZAPZ128F9341D3E,R. Kelly,Don't You Say No,r&b/soul,TREBGAA128E078FC52,Erykah Badu,I Want You,r&b/soul,10461.0
raw dot product,1,TRGHYGG12903CAC100,R. Kelly,Kickin' It With Your Girlfriend,r&b/soul,TRFUJVJ128F426F2A2,Lauryn Hill,Interlude 5,r&b/soul,14094.0
raw dot product,2,TRGHYGG12903CAC100,R. Kelly,Kickin' It With Your Girlfriend,r&b/soul,TRDPGXU128F9339C2A,Beastie Boys,B-Boy Bouillabaisse: A.W.O.L. (2009 Digital Remaster),hip hop,11069.0
raw dot product,3,TRGHYGG12903CAC100,R. Kelly,Kickin' It With Your Girlfriend,r&b/soul,TRWSYHO128F4282346,Twista,I'm A Winner (Amended Album Version),hip hop,10183.0
raw dot product,1,TRNEYNN128F92C21F7,R. Kelly,Rise Up,r&b/soul,TRFUJVJ128F426F2A2,Lauryn Hill,Interlude 5,r&b/soul,10890.0
raw dot product,2,TRNEYNN128F92C21F7,R. Kelly,Rise Up,r&b/soul,TRWSYHO128F4282346,Twista,I'm A Winner (Amended Album Version),hip hop,7320.0
raw dot product,3,TRNEYNN128F92C21F7,R. Kelly,Rise Up,r&b/soul,TRGLNKG128F9307689,Eminem,My Darling,hip hop,6627.0
raw dot product,1,TRRSRXG128E07888AF,Mariah Carey,Joy Ride,r&b/soul,TRFUJVJ128F426F2A2,Lauryn Hill,Interlude 5,r&b/soul,5978.0
raw dot product,2,TRRSRXG128E07888AF,Mariah Carey,Joy Ride,r&b/soul,TRDPGXU128F9339C2A,Beastie Boys,B-Boy Bouillabaisse: A.W.O.L. (2009 Digital Remaster),hip hop,3913.0
raw dot product,3,TRRSRXG128E07888AF,Mariah Carey,Joy Ride,r&b/soul,TREBGAA128E078FC52,Erykah Badu,I Want You,r&b/soul,3615.0
raw dot product,1,TRONPIZ128F1454219,Mariah Carey,Sprung,r&b/soul,TRFUJVJ128F426F2A2,Lauryn Hill,Interlude 5,r&b/soul,7470.0
raw dot product,2,TRONPIZ128F1454219,Mariah Carey,Sprung,r&b/soul,TRWSYHO128F4282346,Twista,I'm A Winner (Amended Album Version),hip hop,6233.0
raw dot product,3,TRONPIZ128F1454219,Mariah Carey,Sprung,r&b/soul,TREBGAA128E078FC52,Erykah Badu,I Want You,r&b/soul,5537.0
raw dot product,1,TRJKYAO128F427420D,Luther Vandross,Never Too Much,r&b/soul,TRFUJVJ128F426F2A2,Lauryn Hill,Interlude 5,r&b/soul,5725.0
raw dot product,2,TRJKYAO128F427420D,Luther Vandross,Never Too Much,r&b/soul,TRDPGXU128F9339C2A,Beastie Boys,B-Boy Bouillabaisse: A.W.O.L. (2009 Digital Remaster),hip hop,4898.0
raw dot product,3,TRJKYAO128F427420D,Luther Vandross,Never Too Much,r&b/soul,TRWSYHO128F4282346,Twista,I'm A Winner (Amended Album Version),hip hop,4695.0
raw dot product,1,TRYGRKO128F9343244,R. Kelly,Chocolate Factory,r&b/soul,TRFUJVJ128F426F2A2,Lauryn Hill,Interlude 5,r&b/soul,3809.0
raw dot product,2,TRYGRKO128F9343244,R. Kelly,Chocolate Factory,r&b/soul,TRDPGXU128F9339C2A,Beastie Boys,B-Boy Bouillabaisse: A.W.O.L. (2009 Digital Remaster),hip hop,3532.0
raw dot product,3,TRYGRKO128F9343244,R. Kelly,Chocolate Factory,r&b/soul,TRGLNKG128F9307689,Eminem,My Darling,hip hop,2817.0
raw dot product,1,TROIJDA128F9341E70,R. Kelly,I Mean (I Don't Mean It),r&b/soul,TREBGAA128E078FC52,Erykah Badu,I Want You,r&b/soul,15433.0
raw dot product,2,TROIJDA128F9341E70,R. Kelly,I Mean (I Don't Mean It),r&b/soul,TRFUJVJ128F426F2A2,Lauryn Hill,Interlude 5,r&b/soul,15352.0
raw dot product,3,TROIJDA128F9341E70,R. Kelly,I Mean (I Don't Mean It),r&b/soul,TRWSYHO128F4282346,Twista,I'm A Winner (Amended Album Version),hip hop,14738.0
raw dot product,1,TRXTJGV12903CAC0F8,R. Kelly,In The Kitchen,r&b/soul,TRFUJVJ128F426F2A2,Lauryn Hill,Interlude 5,r&b/soul,6246.0
raw dot product,2,TRXTJGV12903CAC0F8,R. Kelly,In The Kitchen,r&b/soul,TRWSYHO128F4282346,Twista,I'm A Winner (Amended Album Version),hip hop,5069.0
raw dot product,3,TRXTJGV12903CAC0F8,R. Kelly,In The Kitchen,r&b/soul,TRDPGXU128F9339C2A,Beastie Boys,B-Boy Bouillabaisse: A.W.O.L. (2009 Digital Remaster),hip hop,4548.0
raw dot product,1,TRTWRQD12903CA9E3B,Alicia Keys,Distance And Time,r&b/soul,TRFUJVJ128F426F2A2,Lauryn Hill,Interlude 5,r&b/soul,7585.0
raw dot product,2,TRTWRQD12903CA9E3B,Alicia Keys,Distance And Time,r&b/soul,TRWSYHO128F4282346,Twista,I'm A Winner (Amended Album Version),hip hop,6058.0
raw dot product,3,TRTWRQD12903CA9E3B,Alicia Keys,Distance And Time,r&b/soul,TREBGAA128E078FC52,Erykah Badu,I Want You,r&b/soul,5574.0
raw dot product,1,TRWPMRK12903CCDA98,Alicia Keys,Lover Man,r&b/soul,TRFUJVJ128F426F2A2,Lauryn Hill,Interlude 5,r&b/soul,3217.0
raw dot product,2,TRWPMRK12903CCDA98,Alicia Keys,Lover Man,r&b/soul,TRDPGXU128F9339C2A,Beastie Boys,B-Boy Bouillabaisse: A.W.O.L. (2009 Digital Remaster),hip hop,2711.0
raw dot product,3,TRWPMRK12903CCDA98,Alicia Keys,Lover Man,r&b/soul,TRQAWKR128F425EEC3,Michael Jackson,Man In The Mirror,pop,2666.0
raw dot product,1,TRMTTBA128F429A7EC,Alicia Keys,Nobody Not Really (Interlude),r&b/soul,TRDPGXU128F9339C2A,Beastie Boys,B-Boy Bouillabaisse: A.W.O.L. (2009 Digital Remaster),hip hop,1334.0
raw dot product,2,TRMTTBA128F429A7EC,Alicia Keys,Nobody Not Really (Interlude),r&b/soul,TRCHZXW128E079288A,Eminem,8 Mile,hip hop,1294.0
raw dot product,3,TRMTTBA128F429A7EC,Alicia Keys,Nobody Not Really (Interlude),r&b/soul,TRBEBJO128C719646B,Nelly,Splurge,hip hop,1197.0
raw dot product,1,TRWCVWH128F4284EE5,Alicia Keys,Piano & I,r&b/soul,TRFUJVJ128F426F2A2,Lauryn Hill,Interlude 5,r&b/soul,2512.0
raw dot product,2,TRWCVWH128F4284EE5,Alicia Keys,Piano & I,r&b/soul,TREBGAA128E078FC52,Erykah Badu,I Want You,r&b/soul,1823.0
raw dot product,3,TRWCVWH128F4284EE5,Alicia Keys,Piano & I,r&b/soul,TRWSYHO128F4282346,Twista,I'm A Winner (Amended Album Version),hip hop,1817.0
raw dot product,1,TRQQLZD128F425E9BC,Alicia Keys,Tell You Something (Nana's Reprise),r&b/soul,TROIJDA128F9341E70,R. Kelly,I Mean (I Don't Mean It),r&b/soul,10886.0
raw dot product,2,TRQQLZD128F425E9BC,Alicia Keys,Tell You Something (Nana's Reprise),r&b/soul,TRFUJVJ128F426F2A2,Lauryn Hill,Interlude 5,r&b/soul,10599.0
raw dot product,3,TRQQLZD128F425E9BC,Alicia Keys,Tell You Something (Nana's Reprise),r&b/soul,TRWSYHO128F4282346,Twista,I'm A Winner (Amended Album Version),hip hop,10137.0
raw dot product,1,TREAJBV12903CCDA96,Alicia Keys,Try Sleeping With A Broken Heart,r&b/soul,TRFUJVJ128F426F2A2,Lauryn Hill,Interlude 5,r&b/soul,6576.0
raw dot product,2,TREAJBV12903CCDA96,Alicia Keys,Try Sleeping With A Broken Heart,r&b/soul,TRWSYHO128F4282346,Twista,I'm A Winner (Amended Album Version),hip hop,6558.0
raw dot product,3,TREAJBV12903CCDA96,Alicia Keys,Try Sleeping With A Broken Heart,r&b/soul,TRUGLTC128F4227B93,Danity Kane,Hold Me Down (Album Version),r&b/soul,5179.0
raw dot product,1,TRDFWVZ128F4284EF0,Alicia Keys,Why Do I Feel So Sad,r&b/soul,TRFUJVJ128F426F2A2,Lauryn Hill,Interlude 5,r&b/soul,4790.0
raw dot product,2,TRDFWVZ128F4284EF0,Alicia Keys,Why Do I Feel So Sad,r&b/soul,TRDPGXU128F9339C2A,Beastie Boys,B-Boy Bouillabaisse: A.W.O.L. (2009 Digital Remaster),hip hop,3914.0
raw dot product,3,TRDFWVZ128F4284EF0,Alicia Keys,Why Do I Feel So Sad,r&b/soul,TROIJDA128F9341E70,R. Kelly,I Mean (I Don't Mean It),r&b/soul,3563.0
raw dot product,1,TRFRUCJ128F4284EF2,Alicia Keys,Lovin U,r&b/soul,TRFUJVJ128F426F2A2,Lauryn Hill,Interlude 5,r&b/soul,5212.0
raw dot product,2,TRFRUCJ128F4284EF2,Alicia Keys,Lovin U,r&b/soul,TRWSYHO128F4282346,Twista,I'm A Winner (Amended Album Version),hip hop,4441.0
raw dot product,3,TRFRUCJ128F4284EF2,Alicia Keys,Lovin U,r&b/soul,TREBGAA128E078FC52,Erykah Badu,I Want You,r&b/soul,3631.0
raw dot product,1,TRXONIT128F9355F39,Jeremih,My Ride,r&b/soul,TRDPGXU128F9339C2A,Beastie Boys,B-Boy Bouillabaisse: A.W.O.L. (2009 Digital Remaster),hip hop,9603.0
raw dot product,2,TRXONIT128F9355F39,Jeremih,My Ride,r&b/soul,TRFUJVJ128F426F2A2,Lauryn Hill,Interlude 5,r&b/soul,8911.0
raw dot product,3,TRXONIT128F9355F39,Jeremih,My Ride,r&b/soul,TRRSNPA128F148C45E,The Roots,Mellow My Man,hip hop,8571.0
raw dot product,1,TRURHNH128F9355F33,Jeremih,Starting All Over,r&b/soul,TRFUJVJ128F426F2A2,Lauryn Hill,Interlude 5,r&b/soul,4309.0
raw dot product,2,TRURHNH128F9355F33,Jeremih,Starting All Over,r&b/soul,TRCHZXW128E079288A,Eminem,8 Mile,hip hop,3490.0
raw dot product,3,TRURHNH128F9355F33,Jeremih,Starting All Over,r&b/soul,TRDPGXU128F9339C2A,Beastie Boys,B-Boy Bouillabaisse: A.W.O.L. (2009 Digital Remaster),hip hop,3463.0
raw dot product,1,TRBVOUE128F92F4B3E,Duffy,Oh Boy,r&b/soul,TRDPGXU128F9339C2A,Beastie Boys,B-Boy Bouillabaisse: A.W.O.L. (2009 Digital Remaster),hip hop,2633.0
raw dot product,2,TRBVOUE128F92F4B3E,Duffy,Oh Boy,r&b/soul,TRFUJVJ128F426F2A2,Lauryn Hill,Interlude 5,r&b/soul,2569.0
raw dot product,3,TRBVOUE128F92F4B3E,Duffy,Oh Boy,r&b/soul,TRWSYHO128F4282346,Twista,I'm A Winner (Amended Album Version),hip hop,2391.0
raw dot product,1,TRTAKII128F92E4449,Jay Sean,Maybe,r&b/soul,TRFUJVJ128F426F2A2,Lauryn Hill,Interlude 5,r&b/soul,6853.0
raw dot product,2,TRTAKII128F92E4449,Jay Sean,Maybe,r&b/soul,TRWSYHO128F4282346,Twista,I'm A Winner (Amended Album Version),hip hop,5753.0
raw dot product,3,TRTAKII128F92E4449,Jay Sean,Maybe,r&b/soul,TRDPGXU128F9339C2A,Beastie Boys,B-Boy Bouillabaisse: A.W.O.L. (2009 Digital Remaster),hip hop,5463.0
raw dot product,1,TRSHMDQ128F422C1D6,Jay Sean,Stuck In the Middle,r&b/soul,TRFUJVJ128F426F2A2,Lauryn Hill,Interlude 5,r&b/soul,12543.0
raw dot product,2,TRSHMDQ128F422C1D6,Jay Sean,Stuck In the Middle,r&b/soul,TRWSYHO128F4282346,Twista,I'm A Winner (Amended Album Version),hip hop,9064.0
raw dot product,3,TRSHMDQ128F422C1D6,Jay Sean,Stuck In the Middle,r&b/soul,TRDPGXU128F9339C2A,Beastie Boys,B-Boy Bouillabaisse: A.W.O.L. (2009 Digital Remaster),hip hop,7895.0
raw dot product,1,TRENMSO128F42AF485,Fantasia,Bump What Your Friends Say,r&b/soul,TRFUJVJ128F426F2A2,Lauryn Hill,Interlude 5,r&b/soul,6506.0
raw dot product,2,TRENMSO128F42AF485,Fantasia,Bump What Your Friends Say,r&b/soul,TRWSYHO128F4282346,Twista,I'm A Winner (Amended Album Version),hip hop,5421.0
raw dot product,3,TRENMSO128F42AF485,Fantasia,Bump What Your Friends Say,r&b/soul,TRGLNKG128F9307689,Eminem,My Darling,hip hop,4687.0
raw dot product,1,TRTSASI12903CC26E8,Ray Charles,Smack Dab In The Middle,r&b/soul,TRFUJVJ128F426F2A2,Lauryn Hill,Interlude 5,r&b/soul,2713.0
raw dot product,2,TRTSASI12903CC26E8,Ray Charles,Smack Dab In The Middle,r&b/soul,TRDPGXU128F9339C2A,Beastie Boys,B-Boy Bouillabaisse: A.W.O.L. (2009 Digital Remaster),hip hop,2404.0
raw dot product,3,TRTSASI12903CC26E8,Ray Charles,Smack Dab In The Middle,r&b/soul,TRWSYHO128F4282346,Twista,I'm A Winner (Amended Album Version),hip hop,1728.0
raw dot product,1,TRNZNSR128F429F04B,Ray Charles,Don't You Know,r&b/soul,TRFUJVJ128F426F2A2,Lauryn Hill,Interlude 5,r&b/soul,3485.0
raw dot product,2,TRNZNSR128F429F04B,Ray Charles,Don't You Know,r&b/soul,TRWSYHO128F4282346,Twista,I'm A Winner (Amended Album Version),hip hop,3029.0
raw dot product,3,TRNZNSR128F429F04B,Ray Charles,Don't You Know,r&b/soul,TREXCMT128F933D825,Vanilla Ice,It's A Party,hip hop,2829.0
raw dot product,1,TRWFFHM128F92F99C4,Chrisette Michele,All I Ever Think About,r&b/soul,TRFUJVJ128F426F2A2,Lauryn Hill,Interlude 5,r&b/soul,11542.0
raw dot product,2,TRWFFHM128F92F99C4,Chrisette Michele,All I Ever Think About,r&b/soul,TRWSYHO128F4282346,Twista,I'm A Winner (Amended Album Version),hip hop,9801.0
raw dot product,3,TRWFFHM128F92F99C4,Chrisette Michele,All I Ever Think About,r&b/soul,TREBGAA128E078FC52,Erykah Badu,I Want You,r&b/soul,8584.0
raw dot product,1,TRDIOJU128F931BF15,Jackson 5,(You Were Made) Especially For Me,r&b/soul,TRFUJVJ128F426F2A2,Lauryn Hill,Interlude 5,r&b/soul,4829.0
raw dot product,2,TRDIOJU128F931BF15,Jackson 5,(You Were Made) Especially For Me,r&b/soul,TRWSYHO128F4282346,Twista,I'm A Winner (Amended Album Version),hip hop,4158.0
raw dot product,3,TRDIOJU128F931BF15,Jackson 5,(You Were Made) Especially For Me,r&b/soul,TRUGLTC128F4227B93,Danity Kane,Hold Me Down (Album Version),r&b/soul,4154.0
raw dot product,1,TRGYQBU128F9342C87,Jackson 5,I Was Made To Love Her,r&b/soul,TRFUJVJ128F426F2A2,Lauryn Hill,Interlude 5,r&b/soul,4024.0
raw dot product,2,TRGYQBU128F9342C87,Jackson 5,I Was Made To Love Her,r&b/soul,TRDPGXU128F9339C2A,Beastie Boys,B-Boy Bouillabaisse: A.W.O.L. (2009 Digital Remaster),hip hop,3548.0
raw dot product,3,TRGYQBU128F9342C87,Jackson 5,I Was Made To Love Her,r&b/soul,TRCHZXW128E079288A,Eminem,8 Mile,hip hop,3165.0
raw dot product,1,TRVBSAC128F42B6438,Jackson 5,Bridge Over Troubled Water,r&b/soul,TRWSYHO128F4282346,Twista,I'm A Winner (Amended Album Version),hip hop,2693.0
raw dot product,2,TRVBSAC128F42B6438,Jackson 5,Bridge Over Troubled Water,r&b/soul,TRFUJVJ128F426F2A2,Lauryn Hill,Interlude 5,r&b/soul,2692.0
raw dot product,3,TRVBSAC128F42B6438,Jackson 5,Bridge Over Troubled Water,r&b/soul,TRDPGXU128F9339C2A,Beastie Boys,B-Boy Bouillabaisse: A.W.O.L. (2009 Digital Remaster),hip hop,2554.0
raw dot product,1,TRHTGXF128F931BEE7,Jackson 5,Goin' Back To Indiana,r&b/soul,TRCHZXW128E079288A,Eminem,8 Mile,hip hop,4576.0
raw dot product,2,TRHTGXF128F931BEE7,Jackson 5,Goin' Back To Indiana,r&b/soul,TRDPGXU128F9339C2A,Beastie Boys,B-Boy Bouillabaisse: A.W.O.L. (2009 Digital Remaster),hip hop,4515.0
raw dot product,3,TRHTGXF128F931BEE7,Jackson 5,Goin' Back To Indiana,r&b/soul,TRKLJAG128F42B31CF,Mario Vazquez,Everytime I...,r&b/soul,4045.0
raw dot product,1,TRULIIL128F4228AC8,Jackson 5,Lookin' Through The Windows,r&b/soul,TRFUJVJ128F426F2A2,Lauryn Hill,Interlude 5,r&b/soul,2486.0
raw dot product,2,TRULIIL128F4228AC8,Jackson 5,Lookin' Through The Windows,r&b/soul,TRHNOMB12903CB2544,Life Without Buildings,New Town,rock,2307.0
raw dot product,3,TRULIIL128F4228AC8,Jackson 5,Lookin' Through The Windows,r&b/soul,TRWSYHO128F4282346,Twista,I'm A Winner (Amended Album Version),hip hop,2080.0
raw dot product,1,TRTKNDU128EF3517DF,Jackson 5,You've Changed,r&b/soul,TRFUJVJ128F426F2A2,Lauryn Hill,Interlude 5,r&b/soul,5733.0
raw dot product,2,TRTKNDU128EF3517DF,Jackson 5,You've Changed,r&b/soul,TRWSYHO128F4282346,Twista,I'm A Winner (Amended Album Version),hip hop,4991.0
raw dot product,3,TRTKNDU128EF3517DF,Jackson 5,You've Changed,r&b/soul,TRQAWKR128F425EEC3,Michael Jackson,Man In The Mirror,pop,4910.0
raw dot product,1,TRQBNNZ128F92D4F35,Jazmine Sullivan,Switch!,r&b/soul,TRFUJVJ128F426F2A2,Lauryn Hill,Interlude 5,r&b/soul,7500.0
raw dot product,2,TRQBNNZ128F92D4F35,Jazmine Sullivan,Switch!,r&b/soul,TRDPGXU128F9339C2A,Beastie Boys,B-Boy Bouillabaisse: A.W.O.L. (2009 Digital Remaster),hip hop,6752.0
raw dot product,3,TRQBNNZ128F92D4F35,Jazmine Sullivan,Switch!,r&b/soul,TRWSYHO128F4282346,Twista,I'm A Winner (Amended Album Version),hip hop,6002.0
raw dot product,1,TRTYGWW128E0794FA2,The Police,One World (Not Three),reggae,TRTLIKK128E07862DA,Ja Rule,One of Us,hip hop,4884.0
raw dot product,2,TRTYGWW128E0794FA2,The Police,One World (Not Three),reggae,TRLINLH128F9346400,Black Eyed Peas,One Tribe,hip hop,4671.0
raw dot product,3,TRTYGWW128E0794FA2,The Police,One World (Not Three),reggae,TRFUJVJ128F426F2A2,Lauryn Hill,Interlude 5,r&b/soul,2866.0
raw dot product,1,TRKHTKI128F92EA339,Matisyahu,Close My Eyes,reggae,TRFUJVJ128F426F2A2,Lauryn Hill,Interlude 5,r&b/soul,12297.0
raw dot product,2,TRKHTKI128F92EA339,Matisyahu,Close My Eyes,reggae,TRDPGXU128F9339C2A,Beastie Boys,B-Boy Bouillabaisse: A.W.O.L. (2009 Digital Remaster),hip hop,9562.0
raw dot product,3,TRKHTKI128F92EA339,Matisyahu,Close My Eyes,reggae,TRWSYHO128F4282346,Twista,I'm A Winner (Amended Album Version),hip hop,8267.0
raw dot product,1,TRACTLX128F42A51F6,Matisyahu,Exaltation,reggae,TRFUJVJ128F426F2A2,Lauryn Hill,Interlude 5,r&b/soul,2779.0
raw dot product,2,TRACTLX128F42A51F6,Matisyahu,Exaltation,reggae,TRDPGXU128F9339C2A,Beastie Boys,B-Boy Bouillabaisse: A.W.O.L. (2009 Digital Remaster),hip hop,2489.0
raw dot product,3,TRACTLX128F42A51F6,Matisyahu,Exaltation,reggae,TRFLWJZ128F425C9E4,The Pharcyde,Otha Fish,hip hop,1976.0
raw dot product,1,TRHQAPS128F42A51F4,Matisyahu,Fire and Heights,reggae,TRFUJVJ128F426F2A2,Lauryn Hill,Interlude 5,r&b/soul,11299.0
raw dot product,2,TRHQAPS128F42A51F4,Matisyahu,Fire and Heights,reggae,TRDPGXU128F9339C2A,Beastie Boys,B-Boy Bouillabaisse: A.W.O.L. (2009 Digital Remaster),hip hop,8616.0
raw dot product,3,TRHQAPS128F42A51F4,Matisyahu,Fire and Heights,reggae,TRWSYHO128F4282346,Twista,I'm A Winner (Amended Album Version),hip hop,8327.0
raw dot product,1,TRWMHCZ128F42AE295,Matisyahu,Jerusalem,reggae,TRFUJVJ128F426F2A2,Lauryn Hill,Interlude 5,r&b/soul,7300.0
raw dot product,2,TRWMHCZ128F42AE295,Matisyahu,Jerusalem,reggae,TRWSYHO128F4282346,Twista,I'm A Winner (Amended Album Version),hip hop,6014.0
raw dot product,3,TRWMHCZ128F42AE295,Matisyahu,Jerusalem,reggae,TRDPGXU128F9339C2A,Beastie Boys,B-Boy Bouillabaisse: A.W.O.L. (2009 Digital Remaster),hip hop,5989.0
raw dot product,1,TRMMTKA128F42A51E7,Matisyahu,Warrior,reggae,TRFUJVJ128F426F2A2,Lauryn Hill,Interlude 5,r&b/soul,3969.0
raw dot product,2,TRMMTKA128F42A51E7,Matisyahu,Warrior,reggae,TRDPGXU128F9339C2A,Beastie Boys,B-Boy Bouillabaisse: A.W.O.L. (2009 Digital Remaster),hip hop,2558.0
raw dot product,3,TRMMTKA128F42A51E7,Matisyahu,Warrior,reggae,TRWSYHO128F4282346,Twista,I'm A Winner (Amended Album Version),hip hop,2487.0
raw dot product,1,TRPPHPV128F92F0750,Sublime,Don't Push,reggae,TRFUJVJ128F426F2A2,Lauryn Hill,Interlude 5,r&b/soul,8052.0
raw dot product,2,TRPPHPV128F92F0750,Sublime,Don't Push,reggae,TRDPGXU128F9339C2A,Beastie Boys,B-Boy Bouillabaisse: A.W.O.L. (2009 Digital Remaster),hip hop,6833.0
raw dot product,3,TRPPHPV128F92F0750,Sublime,Don't Push,reggae,TRWSYHO128F4282346,Twista,I'm A Winner (Amended Album Version),hip hop,6016.0
raw dot product,1,TRZDKCU128F1456899,Sublime,Pawn Shop,reggae,TRFUJVJ128F426F2A2,Lauryn Hill,Interlude 5,r&b/soul,2012.0
raw dot product,2,TRZDKCU128F1456899,Sublime,Pawn Shop,reggae,TRGUCIR128F933D817,Vanilla Ice,Ice Is Workin' It,hip hop,1897.0
raw dot product,3,TRZDKCU128F1456899,Sublime,Pawn Shop,reggae,TRDPGXU128F9339C2A,Beastie Boys,B-Boy Bouillabaisse: A.W.O.L. (2009 Digital Remaster),hip hop,1739.0
raw dot product,1,TRQCFKA128F148A0D5,Michael Franti & Spearhead,See you in the Light,reggae,TRFUJVJ128F426F2A2,Lauryn Hill,Interlude 5,r&b/soul,6730.0
raw dot product,2,TRQCFKA128F148A0D5,Michael Franti & Spearhead,See you in the Light,reggae,TRDPGXU128F9339C2A,Beastie Boys,B-Boy Bouillabaisse: A.W.O.L. (2009 Digital Remaster),hip hop,6249.0
raw dot product,3,TRQCFKA128F148A0D5,Michael Franti & Spearhead,See you in the Light,reggae,TRWSYHO128F4282346,Twista,I'm A Winner (Amended Album Version),hip hop,6026.0
raw dot product,1,TRPPATZ128F428BA6E,Michael Franti & Spearhead,Sweet Little Lies,reggae,TRFUJVJ128F426F2A2,Lauryn Hill,Interlude 5,r&b/soul,4315.0
raw dot product,2,TRPPATZ128F428BA6E,Michael Franti & Spearhead,Sweet Little Lies,reggae,TRUGLTC128F4227B93,Danity Kane,Hold Me Down (Album Version),r&b/soul,4271.0
raw dot product,3,TRPPATZ128F428BA6E,Michael Franti & Spearhead,Sweet Little Lies,reggae,TRVLIZK128F428845E,Five,That's What You Told Me,pop,4170.0
raw dot product,1,TRMVVWQ128F422BB64,McFly,The Way You Make Me Feel,reggae,TRFUJVJ128F426F2A2,Lauryn Hill,Interlude 5,r&b/soul,4823.0
raw dot product,2,TRMVVWQ128F422BB64,McFly,The Way You Make Me Feel,reggae,TRWSYHO128F4282346,Twista,I'm A Winner (Amended Album Version),hip hop,4702.0
raw dot product,3,TRMVVWQ128F422BB64,McFly,The Way You Make Me Feel,reggae,TREBGAA128E078FC52,Erykah Badu,I Want You,r&b/soul,4143.0
raw dot product,1,TRRATGY12903D138DB,Daddy Yankee,Grito Mundial,reggae,TRZZQIP128F92EFEAD,Abba,Move On,pop,2498.0
raw dot product,2,TRRATGY12903D138DB,Daddy Yankee,Grito Mundial,reggae,TRDOJIR128F42840C0,Horace Andy,Horse With No Name,reggae,2336.0
raw dot product,3,TRRATGY12903D138DB,Daddy Yankee,Grito Mundial,reggae,TRTHNFG12903D0CE54,Violadores del Verso,Dale tiempo al rumor,hip hop,2324.0
raw dot product,1,TRPSKLI128F425E42C,tobyMac,Get This Party Started: Ghost Remix,reggae,TREXCMT128F933D825,Vanilla Ice,It's A Party,hip hop,3509.0
raw dot product,2,TRPSKLI128F425E42C,tobyMac,Get This Party Started: Ghost Remix,reggae,TRFUJVJ128F426F2A2,Lauryn Hill,Interlude 5,r&b/soul,3469.0
raw dot product,3,TRPSKLI128F425E42C,tobyMac,Get This Party Started: Ghost Remix,reggae,TRDPGXU128F9339C2A,Beastie Boys,B-Boy Bouillabaisse: A.W.O.L. (2009 Digital Remaster),hip hop,3403.0
raw dot product,1,TRWQMVZ128E078F1F7,Bob Marley & The Wailers,Africa Unite,reggae,TRFUJVJ128F426F2A2,Lauryn Hill,Interlude 5,r&b/soul,2306.0
raw dot product,2,TRWQMVZ128E078F1F7,Bob Marley & The Wailers,Africa Unite,reggae,TRBVPVV128F425F14F,Daft Punk,Touch It / Technologic,electronic,1770.0
raw dot product,3,TRWQMVZ128E078F1F7,Bob Marley & The Wailers,Africa Unite,reggae,TRGUCIR128F933D817,Vanilla Ice,Ice Is Workin' It,hip hop,1766.0
raw dot product,1,TRHDTPQ128F147733A,Bob Marley & The Wailers,Could You Be Loved,reggae,TRFUJVJ128F426F2A2,Lauryn Hill,Interlude 5,r&b/soul,8724.0
raw dot product,2,TRHDTPQ128F147733A,Bob Marley & The Wailers,Could You Be Loved,reggae,TRWSYHO128F4282346,Twista,I'm A Winner (Amended Album Version),hip hop,6834.0
raw dot product,3,TRHDTPQ128F147733A,Bob Marley & The Wailers,Could You Be Loved,reggae,TRQAWKR128F425EEC3,Michael Jackson,Man In The Mirror,pop,5406.0
raw dot product,1,TRUVZTN128F424B846,Bob Marley,No Water,reggae,TRFUJVJ128F426F2A2,Lauryn Hill,Interlude 5,r&b/soul,1905.0
raw dot product,2,TRUVZTN128F424B846,Bob Marley,No Water,reggae,TRWSYHO128F4282346,Twista,I'm A Winner (Amended Album Version),hip hop,1729.0
raw dot product,3,TRUVZTN128F424B846,Bob Marley,No Water,reggae,TRDPGXU128F9339C2A,Beastie Boys,B-Boy Bouillabaisse: A.W.O.L. (2009 Digital Remaster),hip hop,1711.0
raw dot product,1,TRGPDHJ128F14527D5,Bob Marley & The Wailers,One Love / People Get Ready,reggae,TRLINLH128F9346400,Black Eyed Peas,One Tribe,hip hop,2810.0
raw dot product,2,TRGPDHJ128F14527D5,Bob Marley & The Wailers,One Love / People Get Ready,reggae,TRFUJVJ128F426F2A2,Lauryn Hill,Interlude 5,r&b/soul,2710.0
raw dot product,3,TRGPDHJ128F14527D5,Bob Marley & The Wailers,One Love / People Get Ready,reggae,TRTLIKK128E07862DA,Ja Rule,One of Us,hip hop,2318.0
raw dot product,1,TRHKHHL128F4251E2A,Bob Marley,Try Me,reggae,TRUGLTC128F4227B93,Danity Kane,Hold Me Down (Album Version),r&b/soul,4652.0
raw dot product,2,TRHKHHL128F4251E2A,Bob Marley,Try Me,reggae,TRVLIZK128F428845E,Five,That's What You Told Me,pop,4357.0
raw dot product,3,TRHKHHL128F4251E2A,Bob Marley,Try Me,reggae,TRFUJVJ128F426F2A2,Lauryn Hill,Interlude 5,r&b/soul,3318.0
raw dot product,1,TRAMTEH128F930D496,Bob Marley & The Wailers,Baby We've Got A Date (Rock It Baby),reggae,TRBVPVV128F425F14F,Daft Punk,Touch It / Technologic,electronic,4353.0
raw dot product,2,TRAMTEH128F930D496,Bob Marley & The Wailers,Baby We've Got A Date (Rock It Baby),reggae,TRGUCIR128F933D817,Vanilla Ice,Ice Is Workin' It,hip hop,3983.0
raw dot product,3,TRAMTEH128F930D496,Bob Marley & The Wailers,Baby We've Got A Date (Rock It Baby),reggae,TRFSCLD12903CD213F,The Prodigy,We Gonna Rock,electronic,3978.0
raw dot product,1,TRCGRJV128F1477322,Bob Marley & The Wailers,Johnny Was,reggae,TRFUJVJ128F426F2A2,Lauryn Hill,Interlude 5,r&b/soul,2088.0
raw dot product,2,TRCGRJV128F1477322,Bob Marley & The Wailers,Johnny Was,reggae,TRDPGXU128F9339C2A,Beastie Boys,B-Boy Bouillabaisse: A.W.O.L. (2009 Digital Remaster),hip hop,1679.0
raw dot product,3,TRCGRJV128F1477322,Bob Marley & The Wailers,Johnny Was,reggae,TRQAWKR128F425EEC3,Michael Jackson,Man In The Mirror,pop,1600.0
raw dot product,1,TRRVJJF128F9309F02,Bob Marley,Riding High,reggae,TRFUJVJ128F426F2A2,Lauryn Hill,Interlude 5,r&b/soul,4582.0
raw dot product,2,TRRVJJF128F9309F02,Bob Marley,Riding High,reggae,TRWSYHO128F4282346,Twista,I'm A Winner (Amended Album Version),hip hop,4519.0
raw dot product,3,TRRVJJF128F9309F02,Bob Marley,Riding High,reggae,TRDPGXU128F9339C2A,Beastie Boys,B-Boy Bouillabaisse: A.W.O.L. (2009 Digital Remaster),hip hop,3630.0
raw dot product,1,TRDXHIR128F930E030,Bob Marley,Soul Shakedown,reggae,TRFUJVJ128F426F2A2,Lauryn Hill,Interlude 5,r&b/soul,2678.0
raw dot product,2,TRDXHIR128F930E030,Bob Marley,Soul Shakedown,reggae,TRUGLTC128F4227B93,Danity Kane,Hold Me Down (Album Version),r&b/soul,2272.0
raw dot product,3,TRDXHIR128F930E030,Bob Marley,Soul Shakedown,reggae,TRGLNKG128F9307689,Eminem,My Darling,hip hop,2077.0
raw dot product,1,TRDTEUX12903CB4AD7,Bob Marley & The Wailers,Trenchtown Rock,reggae,TRFUJVJ128F426F2A2,Lauryn Hill,Interlude 5,r&b/soul,6045.0
raw dot product,2,TRDTEUX12903CB4AD7,Bob Marley & The Wailers,Trenchtown Rock,reggae,TRWSYHO128F4282346,Twista,I'm A Winner (Amended Album Version),hip hop,4927.0
raw dot product,3,TRDTEUX12903CB4AD7,Bob Marley & The Wailers,Trenchtown Rock,reggae,TREBGAA128E078FC52,Erykah Badu,I Want You,r&b/soul,4284.0
raw dot product,1,TRVTZTY128E0781E22,Massive Attack,Eternal Feedback (Sly),reggae,TRFUJVJ128F426F2A2,Lauryn Hill,Interlude 5,r&b/soul,2040.0
raw dot product,2,TRVTZTY128E0781E22,Massive Attack,Eternal Feedback (Sly),reggae,TRCHZXW128E079288A,Eminem,8 Mile,hip hop,1918.0
raw dot product,3,TRVTZTY128E0781E22,Massive Attack,Eternal Feedback (Sly),reggae,TRDPGXU128F9339C2A,Beastie Boys,B-Boy Bouillabaisse: A.W.O.L. (2009 Digital Remaster),hip hop,1910.0
raw dot product,1,TRORKSH128F9320C21,Bob Marley & The Wailers,Black Progress,reggae,TRFUJVJ128F426F2A2,Lauryn Hill,Interlude 5,r&b/soul,2085.0
raw dot product,2,TRORKSH128F9320C21,Bob Marley & The Wailers,Black Progress,reggae,TRDPGXU128F9339C2A,Beastie Boys,B-Boy Bouillabaisse: A.W.O.L. (2009 Digital Remaster),hip hop,1651.0
raw dot product,3,TRORKSH128F9320C21,Bob Marley & The Wailers,Black Progress,reggae,TRWSYHO128F4282346,Twista,I'm A Winner (Amended Album Version),hip hop,1446.0
raw dot product,1,TRGEMSN128E07944A8,Bob Marley & The Wailers,Reggae On Broadway,reggae,TREXCMT128F933D825,Vanilla Ice,It's A Party,hip hop,5402.0
raw dot product,2,TRGEMSN128E07944A8,Bob Marley & The Wailers,Reggae On Broadway,reggae,TRDPGXU128F9339C2A,Beastie Boys,B-Boy Bouillabaisse: A.W.O.L. (2009 Digital Remaster),hip hop,4712.0
raw dot product,3,TRGEMSN128E07944A8,Bob Marley & The Wailers,Reggae On Broadway,reggae,TRFUJVJ128F426F2A2,Lauryn Hill,Interlude 5,r&b/soul,4479.0
raw dot product,1,TRQMVYN128F4250E38,Bob Marley,Rebels Hop,reggae,TRFUJVJ128F426F2A2,Lauryn Hill,Interlude 5,r&b/soul,1908.0
raw dot product,2,TRQMVYN128F4250E38,Bob Marley,Rebels Hop,reggae,TRWSYHO128F4282346,Twista,I'm A Winner (Amended Album Version),hip hop,1729.0
raw dot product,3,TRQMVYN128F4250E38,Bob Marley,Rebels Hop,reggae,TRDPGXU128F9339C2A,Beastie Boys,B-Boy Bouillabaisse: A.W.O.L. (2009 Digital Remaster),hip hop,1718.0
raw dot product,1,TRDJCNG128F9339544,Bob Marley,Stop The Train,reggae,TRXHFMI128F429B2F2,Rufio,Over It (Acoustic),punk,3033.0
raw dot product,2,TRDJCNG128F9339544,Bob Marley,Stop The Train,reggae,TRCHZXW128E079288A,Eminem,8 Mile,hip hop,3023.0
raw dot product,3,TRDJCNG128F9339544,Bob Marley,Stop The Train,reggae,TRDPGXU128F9339C2A,Beastie Boys,B-Boy Bouillabaisse: A.W.O.L. (2009 Digital Remaster),hip hop,2830.0
raw dot product,1,TRVSWGN12903CB4A44,Bob Marley & The Wailers,This Train,reggae,TRRSNPA128F148C45E,The Roots,Mellow My Man,hip hop,922.0
raw dot product,2,TRVSWGN12903CB4A44,Bob Marley & The Wailers,This Train,reggae,TROLEFX128E078BD4F,C-Block,My Life,hip hop,772.0
raw dot product,3,TRVSWGN12903CB4A44,Bob Marley & The Wailers,This Train,reggae,TRFUJVJ128F426F2A2,Lauryn Hill,Interlude 5,r&b/soul,704.0
raw dot product,1,TRNJPBY128F92F621A,N-Dubz,Defeat You,reggae,TRWSYHO128F4282346,Twista,I'm A Winner (Amended Album Version),hip hop,6490.0
raw dot product,2,TRNJPBY128F92F621A,N-Dubz,Defeat You,reggae,TRDPGXU128F9339C2A,Beastie Boys,B-Boy Bouillabaisse: A.W.O.L. (2009 Digital Remaster),hip hop,5913.0
raw dot product,3,TRNJPBY128F92F621A,N-Dubz,Defeat You,reggae,TREBGAA128E078FC52,Erykah Badu,I Want You,r&b/soul,5877.0
raw dot product,1,TRINMBD128F92F6211,N-Dubz,Don't Get Nine,reggae,TRFUJVJ128F426F2A2,Lauryn Hill,Interlude 5,r&b/soul,13592.0
raw dot product,2,TRINMBD128F92F6211,N-Dubz,Don't Get Nine,reggae,TRWSYHO128F4282346,Twista,I'm A Winner (Amended Album Version),hip hop,12944.0
raw dot product,3,TRINMBD128F92F6211,N-Dubz,Don't Get Nine,reggae,TRDPGXU128F9339C2A,Beastie Boys,B-Boy Bouillabaisse: A.W.O.L. (2009 Digital Remaster),hip hop,10955.0
raw dot product,1,TRRKBRB128EF35E2DA,N-Dubz,Feva Las Vegas,reggae,TRFUJVJ128F426F2A2,Lauryn Hill,Interlude 5,r&b/soul,7573.0
raw dot product,2,TRRKBRB128EF35E2DA,N-Dubz,Feva Las Vegas,reggae,TRDPGXU128F9339C2A,Beastie Boys,B-Boy Bouillabaisse: A.W.O.L. (2009 Digital Remaster),hip hop,6842.0
raw dot product,3,TRRKBRB128EF35E2DA,N-Dubz,Feva Las Vegas,reggae,TRCHZXW128E079288A,Eminem,8 Mile,hip hop,6239.0
raw dot product,1,TRYPJXU128F92F621C,N-Dubz,Secrets,reggae,TRFUJVJ128F426F2A2,Lauryn Hill,Interlude 5,r&b/soul,6656.0
raw dot product,2,TRYPJXU128F92F621C,N-Dubz,Secrets,reggae,TRDPGXU128F9339C2A,Beastie Boys,B-Boy Bouillabaisse: A.W.O.L. (2009 Digital Remaster),hip hop,6212.0
raw dot product,3,TRYPJXU128F92F621C,N-Dubz,Secrets,reggae,TRWSYHO128F4282346,Twista,I'm A Winner (Amended Album Version),hip hop,5848.0
raw dot product,1,TRGNBCC128F92F6218,N-Dubz,Work Work,reggae,TRFUJVJ128F426F2A2,Lauryn Hill,Interlude 5,r&b/soul,11505.0
raw dot product,2,TRGNBCC128F92F6218,N-Dubz,Work Work,reggae,TRWSYHO128F4282346,Twista,I'm A Winner (Amended Album Version),hip hop,10897.0
raw dot product,3,TRGNBCC128F92F6218,N-Dubz,Work Work,reggae,TRDPGXU128F9339C2A,Beastie Boys,B-Boy Bouillabaisse: A.W.O.L. (2009 Digital Remaster),hip hop,9802.0
raw dot product,1,TRDNAVT128F428A246,Dropkick Murphys,Good Rats (Live),reggae,TRFUJVJ128F426F2A2,Lauryn Hill,Interlude 5,r&b/soul,2195.0
raw dot product,2,TRDNAVT128F428A246,Dropkick Murphys,Good Rats (Live),reggae,TRQAWKR128F425EEC3,Michael Jackson,Man In The Mirror,pop,1431.0
raw dot product,3,TRDNAVT128F428A246,Dropkick Murphys,Good Rats (Live),reggae,TRDPGXU128F9339C2A,Beastie Boys,B-Boy Bouillabaisse: A.W.O.L. (2009 Digital Remaster),hip hop,1338.0
raw dot product,1,TRRHCOS128F4248193,Tito El Bambino,Sol_ Playa Y Arena,reggae,TRTHNFG12903D0CE54,Violadores del Verso,Dale tiempo al rumor,hip hop,2235.0
raw dot product,2,TRRHCOS128F4248193,Tito El Bambino,Sol_ Playa Y Arena,reggae,TRZZQIP128F92EFEAD,Abba,Move On,pop,2188.0
raw dot product,3,TRRHCOS128F4248193,Tito El Bambino,Sol_ Playa Y Arena,reggae,TRDOJIR128F42840C0,Horace Andy,Horse With No Name,reggae,2053.0
raw dot product,1,TRFGOUF128F9348838,UB40,I Don't Want To See You Cry,reggae,TRFUJVJ128F426F2A2,Lauryn Hill,Interlude 5,r&b/soul,3817.0
raw dot product,2,TRFGOUF128F9348838,UB40,I Don't Want To See You Cry,reggae,TRGLNKG128F9307689,Eminem,My Darling,hip hop,3186.0
raw dot product,3,TRFGOUF128F9348838,UB40,I Don't Want To See You Cry,reggae,TRDPGXU128F9339C2A,Beastie Boys,B-Boy Bouillabaisse: A.W.O.L. (2009 Digital Remaster),hip hop,3168.0
raw dot product,1,TRQLICG12903CBFAFD,UB40,Come Back Darling,reggae,TRFUJVJ128F426F2A2,Lauryn Hill,Interlude 5,r&b/soul,2963.0
raw dot product,2,TRQLICG12903CBFAFD,UB40,Come Back Darling,reggae,TRWSYHO128F4282346,Twista,I'm A Winner (Amended Album Version),hip hop,2877.0
raw dot product,3,TRQLICG12903CBFAFD,UB40,Come Back Darling,reggae,TRGLNKG128F9307689,Eminem,My Darling,hip hop,2360.0
raw dot product,1,TREKDZI128F146A972,UB40,Here I Am (Come And Take Me),reggae,TRFUJVJ128F426F2A2,Lauryn Hill,Interlude 5,r&b/soul,5488.0
raw dot product,2,TREKDZI128F146A972,UB40,Here I Am (Come And Take Me),reggae,TRUGLTC128F4227B93,Danity Kane,Hold Me Down (Album Version),r&b/soul,4568.0
raw dot product,3,TREKDZI128F146A972,UB40,Here I Am (Come And Take Me),reggae,TRVLIZK128F428845E,Five,That's What You Told Me,pop,4255.0
raw dot product,1,TRJDXEG128E07820DB,UB40,Light My Fire,reggae,TRFUJVJ128F426F2A2,Lauryn Hill,Interlude 5,r&b/soul,2535.0
raw dot product,2,TRJDXEG128E07820DB,UB40,Light My Fire,reggae,TREXCMT128F933D825,Vanilla Ice,It's A Party,hip hop,2189.0
raw dot product,3,TRJDXEG128E07820DB,UB40,Light My Fire,reggae,TRLTYLK128F92FE6FF,Britney Spears,Radar,pop,2163.0
raw dot product,1,TRKHYKB128E0789D42,Coldplay,Til Kingdom Come,rock,TRFUJVJ128F426F2A2,Lauryn Hill,Interlude 5,r&b/soul,4973.0
raw dot product,2,TRKHYKB128E0789D42,Coldplay,Til Kingdom Come,rock,TRWSYHO128F4282346,Twista,I'm A Winner (Amended Album Version),hip hop,3977.0
raw dot product,3,TRKHYKB128E0789D42,Coldplay,Til Kingdom Come,rock,TRDPGXU128F9339C2A,Beastie Boys,B-Boy Bouillabaisse: A.W.O.L. (2009 Digital Remaster),hip hop,3941.0
raw dot product,1,TRDVELE128F932810A,Bruce Springsteen,Brothers Under The Bridges ('83),rock,TRFUJVJ128F426F2A2,Lauryn Hill,Interlude 5,r&b/soul,2450.0
raw dot product,2,TRDVELE128F932810A,Bruce Springsteen,Brothers Under The Bridges ('83),rock,TRDPGXU128F9339C2A,Beastie Boys,B-Boy Bouillabaisse: A.W.O.L. (2009 Digital Remaster),hip hop,2066.0
raw dot product,3,TRDVELE128F932810A,Bruce Springsteen,Brothers Under The Bridges ('83),rock,TRFLWJZ128F425C9E4,The Pharcyde,Otha Fish,hip hop,1452.0
raw dot product,1,TRCONIY128F932A7DA,Bruce Springsteen,The Big Payback,rock,TRFUJVJ128F426F2A2,Lauryn Hill,Interlude 5,r&b/soul,5271.0
raw dot product,2,TRCONIY128F932A7DA,Bruce Springsteen,The Big Payback,rock,TRDPGXU128F9339C2A,Beastie Boys,B-Boy Bouillabaisse: A.W.O.L. (2009 Digital Remaster),hip hop,4785.0
raw dot product,3,TRCONIY128F932A7DA,Bruce Springsteen,The Big Payback,rock,TRWSYHO128F4282346,Twista,I'm A Winner (Amended Album Version),hip hop,3872.0
raw dot product,1,TRWULBB128F42670A3,Bruce Springsteen,The Ties That Bind,rock,TRFUJVJ128F426F2A2,Lauryn Hill,Interlude 5,r&b/soul,4341.0
raw dot product,2,TRWULBB128F42670A3,Bruce Springsteen,The Ties That Bind,rock,TRWSYHO128F4282346,Twista,I'm A Winner (Amended Album Version),hip hop,3105.0
raw dot product,3,TRWULBB128F42670A3,Bruce Springsteen,The Ties That Bind,rock,TRGLNKG128F9307689,Eminem,My Darling,hip hop,2922.0
raw dot product,1,TROQFYY128F429DBA0,The Killers,Sam's Town,rock,TRFUJVJ128F426F2A2,Lauryn Hill,Interlude 5,r&b/soul,4587.0
raw dot product,2,TROQFYY128F429DBA0,The Killers,Sam's Town,rock,TRDPGXU128F9339C2A,Beastie Boys,B-Boy Bouillabaisse: A.W.O.L. (2009 Digital Remaster),hip hop,4306.0
raw dot product,3,TROQFYY128F429DBA0,The Killers,Sam's Town,rock,TRCHZXW128E079288A,Eminem,8 Mile,hip hop,3493.0
raw dot product,1,TRHFADH128F92E2BE3,Muse,Pink Ego Box,rock,TRFUJVJ128F426F2A2,Lauryn Hill,Interlude 5,r&b/soul,2509.0
raw dot product,2,TRHFADH128F92E2BE3,Muse,Pink Ego Box,rock,TRWSYHO128F4282346,Twista,I'm A Winner (Amended Album Version),hip hop,2423.0
raw dot product,3,TRHFADH128F92E2BE3,Muse,Pink Ego Box,rock,TRDPGXU128F9339C2A,Beastie Boys,B-Boy Bouillabaisse: A.W.O.L. (2009 Digital Remaster),hip hop,2104.0
raw dot product,1,TROAQBZ128F9326213,OneRepublic,Secrets,rock,TRDPGXU128F9339C2A,Beastie Boys,B-Boy Bouillabaisse: A.W.O.L. (2009 Digital Remaster),hip hop,4649.0
raw dot product,2,TROAQBZ128F9326213,OneRepublic,Secrets,rock,TRFUJVJ128F426F2A2,Lauryn Hill,Interlude 5,r&b/soul,4646.0
raw dot product,3,TROAQBZ128F9326213,OneRepublic,Secrets,rock,TRCHZXW128E079288A,Eminem,8 Mile,hip hop,4144.0
raw dot product,1,TRVZCTL128E078F0BE,Bon Jovi,Come Back,rock,TRFUJVJ128F426F2A2,Lauryn Hill,Interlude 5,r&b/soul,5431.0
raw dot product,2,TRVZCTL128E078F0BE,Bon Jovi,Come Back,rock,TRHGZOJ128F14A2ED0,The Simpsons,Do The Bartman,hip hop,4639.0
raw dot product,3,TRVZCTL128E078F0BE,Bon Jovi,Come Back,rock,TRGLNKG128F9307689,Eminem,My Darling,hip hop,4343.0
raw dot product,1,TRAERPT128F931103E,The Rolling Stones,Time Is On My Side,rock,TRFUJVJ128F426F2A2,Lauryn Hill,Interlude 5,r&b/soul,5512.0
raw dot product,2,TRAERPT128F931103E,The Rolling Stones,Time Is On My Side,rock,TRDPGXU128F9339C2A,Beastie Boys,B-Boy Bouillabaisse: A.W.O.L. (2009 Digital Remaster),hip hop,4177.0
raw dot product,3,TRAERPT128F931103E,The Rolling Stones,Time Is On My Side,rock,TRWSYHO128F4282346,Twista,I'm A Winner (Amended Album Version),hip hop,4150.0
raw dot product,1,TRQXTQT128E0781DA7,The Rolling Stones,Fight (1994 Digital Remaster),rock,TRWSYHO128F4282346,Twista,I'm A Winner (Amended Album Version),hip hop,2633.0
raw dot product,2,TRQXTQT128E0781DA7,The Rolling Stones,Fight (1994 Digital Remaster),rock,TRDPGXU128F9339C2A,Beastie Boys,B-Boy Bouillabaisse: A.W.O.L. (2009 Digital Remaster),hip hop,2473.0
raw dot product,3,TRQXTQT128E0781DA7,The Rolling Stones,Fight (1994 Digital Remaster),rock,TRFUJVJ128F426F2A2,Lauryn Hill,Interlude 5,r&b/soul,2374.0
raw dot product,1,TRAUYZG12903CDA4E9,Bon Jovi,This Ain't A Love Song,rock,TRFUJVJ128F426F2A2,Lauryn Hill,Interlude 5,r&b/soul,7508.0
raw dot product,2,TRAUYZG12903CDA4E9,Bon Jovi,This Ain't A Love Song,rock,TRDPGXU128F9339C2A,Beastie Boys,B-Boy Bouillabaisse: A.W.O.L. (2009 Digital Remaster),hip hop,6756.0
raw dot product,3,TRAUYZG12903CDA4E9,Bon Jovi,This Ain't A Love Song,rock,TRWSYHO128F4282346,Twista,I'm A Winner (Amended Album Version),hip hop,6284.0
raw dot product,1,TRGESLP12903CE31C8,Bon Jovi,Superman Tonight,rock,TRFUJVJ128F426F2A2,Lauryn Hill,Interlude 5,r&b/soul,6716.0
raw dot product,2,TRGESLP12903CE31C8,Bon Jovi,Superman Tonight,rock,TRWSYHO128F4282346,Twista,I'm A Winner (Amended Album Version),hip hop,6492.0
raw dot product,3,TRGESLP12903CE31C8,Bon Jovi,Superman Tonight,rock,TRGLNKG128F9307689,Eminem,My Darling,hip hop,4885.0
raw dot product,1,TRPAYRK128E0792986,Guns N' Roses,Bad Obsession,rock,TRFUJVJ128F426F2A2,Lauryn Hill,Interlude 5,r&b/soul,4959.0
raw dot product,2,TRPAYRK128E0792986,Guns N' Roses,Bad Obsession,rock,TRGUCIR128F933D817,Vanilla Ice,Ice Is Workin' It,hip hop,4298.0
raw dot product,3,TRPAYRK128E0792986,Guns N' Roses,Bad Obsession,rock,TRBVPVV128F425F14F,Daft Punk,Touch It / Technologic,electronic,4243.0
raw dot product,1,TRKMXIA128F4299423,Elvis Presley,Anything That's Part Of You,rock,TRFUJVJ128F426F2A2,Lauryn Hill,Interlude 5,r&b/soul,2391.0
raw dot product,2,TRKMXIA128F4299423,Elvis Presley,Anything That's Part Of You,rock,TRWSYHO128F4282346,Twista,I'm A Winner (Amended Album Version),hip hop,2099.0
raw dot product,3,TRKMXIA128F4299423,Elvis Presley,Anything That's Part Of You,rock,TREBGAA128E078FC52,Erykah Badu,I Want You,r&b/soul,1814.0
raw dot product,1,TRTQRHY128F4241AFD,Flyleaf,So I Thought,rock,TRFUJVJ128F426F2A2,Lauryn Hill,Interlude 5,r&b/soul,5229.0
raw dot product,2,TRTQRHY128F4241AFD,Flyleaf,So I Thought,rock,TRDPGXU128F9339C2A,Beastie Boys,B-Boy Bouillabaisse: A.W.O.L. (2009 Digital Remaster),hip hop,4046.0
raw dot product,3,TRTQRHY128F4241AFD,Flyleaf,So I Thought,rock,TRBEBJO128C719646B,Nelly,Splurge,hip hop,3444.0
raw dot product,1,TRXIEYZ128E078891B,The Smashing Pumpkins,You're All I've Got Tonight,rock,TRFUJVJ128F426F2A2,Lauryn Hill,Interlude 5,r&b/soul,4719.0
raw dot product,2,TRXIEYZ128E078891B,The Smashing Pumpkins,You're All I've Got Tonight,rock,TRWSYHO128F4282346,Twista,I'm A Winner (Amended Album Version),hip hop,4640.0
raw dot product,3,TRXIEYZ128E078891B,The Smashing Pumpkins,You're All I've Got Tonight,rock,TREBGAA128E078FC52,Erykah Badu,I Want You,r&b/soul,4321.0
raw dot product,1,TRTGMIX128EF35E2B9,Snow Patrol,Signal Fire,rock,TRFUJVJ128F426F2A2,Lauryn Hill,Interlude 5,r&b/soul,4296.0
raw dot product,2,TRTGMIX128EF35E2B9,Snow Patrol,Signal Fire,rock,TRUGLTC128F4227B93,Danity Kane,Hold Me Down (Album Version),r&b/soul,3898.0
raw dot product,3,TRTGMIX128EF35E2B9,Snow Patrol,Signal Fire,rock,TRWSYHO128F4282346,Twista,I'm A Winner (Amended Album Version),hip hop,3534.0
raw dot product,1,TRHPKWO128F92E01D5,Snow Patrol,The Lightning Strike,rock,TRFUJVJ128F426F2A2,Lauryn Hill,Interlude 5,r&b/soul,9419.0
raw dot product,2,TRHPKWO128F92E01D5,Snow Patrol,The Lightning Strike,rock,TRDPGXU128F9339C2A,Beastie Boys,B-Boy Bouillabaisse: A.W.O.L. (2009 Digital Remaster),hip hop,6572.0
raw dot product,3,TRHPKWO128F92E01D5,Snow Patrol,The Lightning Strike,rock,TRWSYHO128F4282346,Twista,I'm A Winner (Amended Album Version),hip hop,6061.0
raw dot product,1,TRDMUWU128E078EDDB,Nirvana,Dumb,rock,TRCHZXW128E079288A,Eminem,8 Mile,hip hop,5761.0
raw dot product,2,TRDMUWU128E078EDDB,Nirvana,Dumb,rock,TRKLJAG128F42B31CF,Mario Vazquez,Everytime I...,r&b/soul,5532.0
raw dot product,3,TRDMUWU128E078EDDB,Nirvana,Dumb,rock,TRXHFMI128F429B2F2,Rufio,Over It (Acoustic),punk,5293.0
raw dot product,1,TRXEAZB128E078EDCE,Nirvana,Something In The Way,rock,TRDPGXU128F9339C2A,Beastie Boys,B-Boy Bouillabaisse: A.W.O.L. (2009 Digital Remaster),hip hop,1654.0
raw dot product,2,TRXEAZB128E078EDCE,Nirvana,Something In The Way,rock,TRFLWJZ128F425C9E4,The Pharcyde,Otha Fish,hip hop,1620.0
raw dot product,3,TRXEAZB128E078EDCE,Nirvana,Something In The Way,rock,TRFUJVJ128F426F2A2,Lauryn Hill,Interlude 5,r&b/soul,1569.0
raw dot product,1,TRLKNKC128F42BC213,Switchfoot,Oh! Gravity.,rock,TRZZQIP128F92EFEAD,Abba,Move On,pop,3476.0
raw dot product,2,TRLKNKC128F42BC213,Switchfoot,Oh! Gravity.,rock,TRDOJIR128F42840C0,Horace Andy,Horse With No Name,reggae,3220.0
raw dot product,3,TRLKNKC128F42BC213,Switchfoot,Oh! Gravity.,rock,TRBVPVV128F425F14F,Daft Punk,Touch It / Technologic,electronic,1979.0
raw dot product,1,TRVQBRZ128F423EEDC,The White Stripes,Hotel Yorba,rock,TRFUJVJ128F426F2A2,Lauryn Hill,Interlude 5,r&b/soul,3474.0
raw dot product,2,TRVQBRZ128F423EEDC,The White Stripes,Hotel Yorba,rock,TRDPGXU128F9339C2A,Beastie Boys,B-Boy Bouillabaisse: A.W.O.L. (2009 Digital Remaster),hip hop,3262.0
raw dot product,3,TRVQBRZ128F423EEDC,The White Stripes,Hotel Yorba,rock,TRWSYHO128F4282346,Twista,I'm A Winner (Amended Album Version),hip hop,2985.0
raw dot product,1,TRBNXZS12903D0A686,The White Stripes,Prickly Thorn_ But Sweetly Worn (Live),rock,TREAUAV128EF33FE50,Electrelane,Cut And Run,punk,2005.0
raw dot product,2,TRBNXZS12903D0A686,The White Stripes,Prickly Thorn_ But Sweetly Worn (Live),rock,TRSABJR128F429C84B,Tryo,Yakamonéyé,reggae,2000.0
raw dot product,3,TRBNXZS12903D0A686,The White Stripes,Prickly Thorn_ But Sweetly Worn (Live),rock,TRRHCLC128F427D727,Fonky Family,Sans Rémission,hip hop,1840.0
raw dot product,1,TRGGBKA128F428E461,The White Stripes,St. Andrew (This Battle Is In The Air),rock,TRDPGXU128F9339C2A,Beastie Boys,B-Boy Bouillabaisse: A.W.O.L. (2009 Digital Remaster),hip hop,1264.0
raw dot product,2,TRGGBKA128F428E461,The White Stripes,St. Andrew (This Battle Is In The Air),rock,TROIJDA128F9341E70,R. Kelly,I Mean (I Don't Mean It),r&b/soul,1222.0
raw dot product,3,TRGGBKA128F428E461,The White Stripes,St. Andrew (This Battle Is In The Air),rock,TRCHZXW128E079288A,Eminem,8 Mile,hip hop,1219.0
raw dot product,1,TRICQHX128F93269FC,The Decemberists,I Was Meant For the Stage,rock,TRFUJVJ128F426F2A2,Lauryn Hill,Interlude 5,r&b/soul,3248.0
raw dot product,2,TRICQHX128F93269FC,The Decemberists,I Was Meant For the Stage,rock,TRDPGXU128F9339C2A,Beastie Boys,B-Boy Bouillabaisse: A.W.O.L. (2009 Digital Remaster),hip hop,2799.0
raw dot product,3,TRICQHX128F93269FC,The Decemberists,I Was Meant For the Stage,rock,TRGLNKG128F9307689,Eminem,My Darling,hip hop,2409.0
raw dot product,1,TRAFWEV128F428D391,Cake,Alpha Beta Parking Lot,rock,TRFGJLT128F1491125,Public Enemy,Go Cat Go,hip hop,1168.0
raw dot product,2,TRAFWEV128F428D391,Cake,Alpha Beta Parking Lot,rock,TRCETEN128F42AD6D0,Bowling For Soup,Here We Go,punk,932.0
raw dot product,3,TRAFWEV128F428D391,Cake,Alpha Beta Parking Lot,rock,TRIJLHF128F9322FE4,Jill Scott,Watching ME,r&b/soul,909.0
raw dot product,1,TRJRIBM128E0788E18,The Smashing Pumpkins,An Ode To No One,rock,TRFUJVJ128F426F2A2,Lauryn Hill,Interlude 5,r&b/soul,5496.0
raw dot product,2,TRJRIBM128E0788E18,The Smashing Pumpkins,An Ode To No One,rock,TRWSYHO128F4282346,Twista,I'm A Winner (Amended Album Version),hip hop,4564.0
raw dot product,3,TRJRIBM128E0788E18,The Smashing Pumpkins,An Ode To No One,rock,TRDPGXU128F9339C2A,Beastie Boys,B-Boy Bouillabaisse: A.W.O.L. (2009 Digital Remaster),hip hop,4194.0
raw dot product,1,TRIVTJA128F92C1E80,The Fray,Over My Head (Cable Car),rock,TRDPGXU128F9339C2A,Beastie Boys,B-Boy Bouillabaisse: A.W.O.L. (2009 Digital Remaster),hip hop,5072.0
raw dot product,2,TRIVTJA128F92C1E80,The Fray,Over My Head (Cable Car),rock,TRFUJVJ128F426F2A2,Lauryn Hill,Interlude 5,r&b/soul,4981.0
raw dot product,3,TRIVTJA128F92C1E80,The Fray,Over My Head (Cable Car),rock,TRCHZXW128E079288A,Eminem,8 Mile,hip hop,3802.0
raw dot product,1,TRFLRXQ128F4280CCC,Interpol,No I In Threesome,rock,TRFUJVJ128F426F2A2,Lauryn Hill,Interlude 5,r&b/soul,3523.0
raw dot product,2,TRFLRXQ128F4280CCC,Interpol,No I In Threesome,rock,TRDPGXU128F9339C2A,Beastie Boys,B-Boy Bouillabaisse: A.W.O.L. (2009 Digital Remaster),hip hop,2279.0
raw dot product,3,TRFLRXQ128F4280CCC,Interpol,No I In Threesome,rock,TRFLWJZ128F425C9E4,The Pharcyde,Otha Fish,hip hop,1809.0
raw dot product,1,TRYBPGK128F4255BE3,Interpol,Pace Is The Trick,rock,TRFUJVJ128F426F2A2,Lauryn Hill,Interlude 5,r&b/soul,7670.0
raw dot product,2,TRYBPGK128F4255BE3,Interpol,Pace Is The Trick,rock,TRWSYHO128F4282346,Twista,I'm A Winner (Amended Album Version),hip hop,6745.0
raw dot product,3,TRYBPGK128F4255BE3,Interpol,Pace Is The Trick,rock,TREBGAA128E078FC52,Erykah Badu,I Want You,r&b/soul,6282.0
raw dot product,1,TRGXNCJ128F425FB1C,Pink Floyd,Embryo,rock,TRDPGXU128F9339C2A,Beastie Boys,B-Boy Bouillabaisse: A.W.O.L. (2009 Digital Remaster),hip hop,570.0
raw dot product,2,TRGXNCJ128F425FB1C,Pink Floyd,Embryo,rock,TRCHZXW128E079288A,Eminem,8 Mile,hip hop,522.0
raw dot product,3,TRGXNCJ128F425FB1C,Pink Floyd,Embryo,rock,TRRSNPA128F148C45E,The Roots,Mellow My Man,hip hop,477.0
raw dot product,1,TRFNRGN128E0791E0E,Buckcherry,Borderline,rock,TRFUJVJ128F426F2A2,Lauryn Hill,Interlude 5,r&b/soul,4443.0
raw dot product,2,TRFNRGN128E0791E0E,Buckcherry,Borderline,rock,TRWSYHO128F4282346,Twista,I'm A Winner (Amended Album Version),hip hop,3252.0
raw dot product,3,TRFNRGN128E0791E0E,Buckcherry,Borderline,rock,TRDPGXU128F9339C2A,Beastie Boys,B-Boy Bouillabaisse: A.W.O.L. (2009 Digital Remaster),hip hop,3012.0
raw dot product,1,TROLTZX128E0791C1A,Nine Inch Nails,March Of The Pigs,rock,TRFUJVJ128F426F2A2,Lauryn Hill,Interlude 5,r&b/soul,3227.0
raw dot product,2,TROLTZX128E0791C1A,Nine Inch Nails,March Of The Pigs,rock,TRBVPVV128F425F14F,Daft Punk,Touch It / Technologic,electronic,3205.0
raw dot product,3,TROLTZX128E0791C1A,Nine Inch Nails,March Of The Pigs,rock,TRGUCIR128F933D817,Vanilla Ice,Ice Is Workin' It,hip hop,3145.0
raw dot product,1,TRJZZCN128E07938C5,Nine Inch Nails,Burn,rock,TRFUJVJ128F426F2A2,Lauryn Hill,Interlude 5,r&b/soul,7001.0
raw dot product,2,TRJZZCN128E07938C5,Nine Inch Nails,Burn,rock,TRWSYHO128F4282346,Twista,I'm A Winner (Amended Album Version),hip hop,6435.0
raw dot product,3,TRJZZCN128E07938C5,Nine Inch Nails,Burn,rock,TREBGAA128E078FC52,Erykah Badu,I Want You,r&b/soul,5628.0
raw dot product,1,TRCZLLQ128E0792778,Nine Inch Nails,Something I Can Never Have,rock,TRFUJVJ128F426F2A2,Lauryn Hill,Interlude 5,r&b/soul,5843.0
raw dot product,2,TRCZLLQ128E0792778,Nine Inch Nails,Something I Can Never Have,rock,TRWSYHO128F4282346,Twista,I'm A Winner (Amended Album Version),hip hop,5555.0
raw dot product,3,TRCZLLQ128E0792778,Nine Inch Nails,Something I Can Never Have,rock,TREBGAA128E078FC52,Erykah Badu,I Want You,r&b/soul,4630.0
raw dot product,1,TRUIAKW128F428C787,Eagles,It's Your World Now,rock,TRFUJVJ128F426F2A2,Lauryn Hill,Interlude 5,r&b/soul,2221.0
raw dot product,2,TRUIAKW128F428C787,Eagles,It's Your World Now,rock,TRDPGXU128F9339C2A,Beastie Boys,B-Boy Bouillabaisse: A.W.O.L. (2009 Digital Remaster),hip hop,1948.0
raw dot product,3,TRUIAKW128F428C787,Eagles,It's Your World Now,rock,TRGUCIR128F933D817,Vanilla Ice,Ice Is Workin' It,hip hop,1874.0
raw dot product,1,TRCRHFK128F427FD8F,Bob Dylan,Something There Is About You,rock,TRFUJVJ128F426F2A2,Lauryn Hill,Interlude 5,r&b/soul,3707.0
raw dot product,2,TRCRHFK128F427FD8F,Bob Dylan,Something There Is About You,rock,TRDPGXU128F9339C2A,Beastie Boys,B-Boy Bouillabaisse: A.W.O.L. (2009 Digital Remaster),hip hop,2735.0
raw dot product,3,TRCRHFK128F427FD8F,Bob Dylan,Something There Is About You,rock,TRWSYHO128F4282346,Twista,I'm A Winner (Amended Album Version),hip hop,2468.0
raw dot product,1,TRMOUUU128F14ADE16,Hawk Nelson,From Underneath,rock,TRFUJVJ128F426F2A2,Lauryn Hill,Interlude 5,r&b/soul,5271.0
raw dot product,2,TRMOUUU128F14ADE16,Hawk Nelson,From Underneath,rock,TRWSYHO128F4282346,Twista,I'm A Winner (Amended Album Version),hip hop,4153.0
raw dot product,3,TRMOUUU128F14ADE16,Hawk Nelson,From Underneath,rock,TRDPGXU128F9339C2A,Beastie Boys,B-Boy Bouillabaisse: A.W.O.L. (2009 Digital Remaster),hip hop,3679.0
raw dot product,1,TRCURQD128F427C75B,Hawk Nelson,Turn It On,rock,TRBVPVV128F425F14F,Daft Punk,Touch It / Technologic,electronic,5163.0
raw dot product,2,TRCURQD128F427C75B,Hawk Nelson,Turn It On,rock,TRGUCIR128F933D817,Vanilla Ice,Ice Is Workin' It,hip hop,4137.0
raw dot product,3,TRCURQD128F427C75B,Hawk Nelson,Turn It On,rock,TRFUJVJ128F426F2A2,Lauryn Hill,Interlude 5,r&b/soul,3732.0
raw dot product,1,TRRKJGZ128F148128F,Hawk Nelson,Something On My Mind,rock,TRFUJVJ128F426F2A2,Lauryn Hill,Interlude 5,r&b/soul,5348.0
raw dot product,2,TRRKJGZ128F148128F,Hawk Nelson,Something On My Mind,rock,TRDPGXU128F9339C2A,Beastie Boys,B-Boy Bouillabaisse: A.W.O.L. (2009 Digital Remaster),hip hop,5240.0
raw dot product,3,TRRKJGZ128F148128F,Hawk Nelson,Something On My Mind,rock,TRCHZXW128E079288A,Eminem,8 Mile,hip hop,4451.0
covariance,1,TRVYEUW128F148C08D,Michael Jackson,All The Things You Are,blues,TRFUJVJ128F426F2A2,Lauryn Hill,Interlude 5,r&b/soul,4.138199999999999
covariance,2,TRVYEUW128F148C08D,Michael Jackson,All The Things You Are,blues,TRWSYHO128F4282346,Twista,I'm A Winner (Amended Album Version),hip hop,3.3693093750000016
covariance,3,TRVYEUW128F148C08D,Michael Jackson,All The Things You Are,blues,TRVDAHO128F92F231E,Katy Perry,Hot N Cold (Innerpartysystem Main),electronic,2.9557734375000053
covariance,1,TRCXKPC128F92FD04C,John Mayer,Vultures,blues,TROIJDA128F9341E70,R. Kelly,I Mean (I Don't Mean It),r&b/soul,3.5052687499999964
covariance,2,TRCXKPC128F92FD04C,John Mayer,Vultures,blues,TRDPGXU128F9339C2A,Beastie Boys,B-Boy Bouillabaisse: A.W.O.L. (2009 Digital Remaster),hip hop,3.4610687500000115
covariance,3,TRCXKPC128F92FD04C,John Mayer,Vultures,blues,TRCHZXW128E079288A,Eminem,8 Mile,hip hop,3.3624312499999904
covariance,1,TRMMALW128F92FD049,John Mayer,Out Of My Mind,blues,TRFUJVJ128F426F2A2,Lauryn Hill,Interlude 5,r&b/soul,5.3276499999999904
covariance,2,TRMMALW128F92FD049,John Mayer,Out Of My Mind,blues,TRWSYHO128F4282346,Twista,I'm A Winner (Amended Album Version),hip hop,4.315181250000016
covariance,3,TRMMALW128F92FD049,John Mayer,Out Of My Mind,blues,TRDPGXU128F9339C2A,Beastie Boys,B-Boy Bouillabaisse: A.W.O.L. (2009 Digital Remaster),hip hop,4.3024343750000025
covariance,1,TRJWAJC128F9327C4F,R. Kelly,Hump Bounce,blues,TRFUJVJ128F426F2A2,Lauryn Hill,Interlude 5,r&b/soul,6.364349999999968
covariance,2,TRJWAJC128F9327C4F,R. Kelly,Hump Bounce,blues,TRDPGXU128F9339C2A,Beastie Boys,B-Boy Bouillabaisse: A.W.O.L. (2009 Digital Remaster),hip hop,5.222120312500003
covariance,3,TRJWAJC128F9327C4F,R. Kelly,Hump Bounce,blues,TREBGAA128E078FC52,Erykah Badu,I Want You,r&b/soul,4.896135937500011
covariance,1,TRPEBTH128F9327C4D,R. Kelly,Intro - The Sermon,blues,TRFUJVJ128F426F2A2,Lauryn Hill,Interlude 5,r&b/soul,7.593749999999974
covariance,2,TRPEBTH128F9327C4D,R. Kelly,Intro - The Sermon,blues,TRDPGXU128F9339C2A,Beastie Boys,B-Boy Bouillabaisse: A.W.O.L. (2009 Digital Remaster),hip hop,6.3361328125000185
covariance,3,TRPEBTH128F9327C4D,R. Kelly,Intro - The Sermon,blues,TRWSYHO128F4282346,Twista,I'm A Winner (Amended Album Version),hip hop,6.057734375000042
covariance,1,TRNWHUD128F932E304,Michael Jackson,Call On Me,blues,TRFUJVJ128F426F2A2,Lauryn Hill,Interlude 5,r&b/soul,10.091549999999964
covariance,2,TRNWHUD128F932E304,Michael Jackson,Call On Me,blues,TRWSYHO128F4282346,Twista,I'm A Winner (Amended Album Version),hip hop,8.707784375000031
covariance,3,TRNWHUD128F932E304,Michael Jackson,Call On Me,blues,TREBGAA128E078FC52,Erykah Badu,I Want You,r&b/soul,8.42617343750003
covariance,1,TRFGGSX128F427A723,The Black Keys,Oceans and Streams,blues,TRFUJVJ128F426F2A2,Lauryn Hill,Interlude 5,r&b/soul,2.6109999999999904
covariance,2,TRFGGSX128F427A723,The Black Keys,Oceans and Streams,blues,TRDPGXU128F9339C2A,Beastie Boys,B-Boy Bouillabaisse: A.W.O.L. (2009 Digital Remaster),hip hop,2.518703124999987
covariance,3,TRFGGSX128F427A723,The Black Keys,Oceans and Streams,blues,TRCHZXW128E079288A,Eminem,8 Mile,hip hop,2.2087968750000124
covariance,1,TRPTCMZ128F9340B09,The Black Keys,10 A.M. Automatic,blues,TRFUJVJ128F426F2A2,Lauryn Hill,Interlude 5,r&b/soul,2.1888500000000013
covariance,2,TRPTCMZ128F9340B09,The Black Keys,10 A.M. Automatic,blues,TRWSYHO128F4282346,Twista,I'm A Winner (Amended Album Version),hip hop,2.1052249999999986
covariance,3,TRPTCMZ128F9340B09,The Black Keys,10 A.M. Automatic,blues,TRQAWKR128F425EEC3,Michael Jackson,Man In The Mirror,pop,1.8077249999999996
covariance,1,TRVKLGW12903CB4523,The Black Keys,Aeroplane Blues,blues,TROIJDA128F9341E70,R. Kelly,I Mean (I Don't Mean It),r&b/soul,1.7725562500000007
covariance,2,TRVKLGW12903CB4523,The Black Keys,Aeroplane Blues,blues,TRDPGXU128F9339C2A,Beastie Boys,B-Boy Bouillabaisse: A.W.O.L. (2009 Digital Remaster),hip hop,1.7192062499999958
covariance,3,TRVKLGW12903CB4523,The Black Keys,Aeroplane Blues,blues,TRVJCDB128F4263466,Kandi,I Wanna Know,r&b/soul,1.711325000000004
covariance,1,TRFBNZN128F9340B0E,The Black Keys,All Hands Against His Own,blues,TRFUJVJ128F426F2A2,Lauryn Hill,Interlude 5,r&b/soul,2.9533500000000092
covariance,2,TRFBNZN128F9340B0E,The Black Keys,All Hands Against His Own,blues,TRWSYHO128F4282346,Twista,I'm A Winner (Amended Album Version),hip hop,2.159959374999998
covariance,3,TRFBNZN128F9340B0E,The Black Keys,All Hands Against His Own,blues,TRGLNKG128F9307689,Eminem,My Darling,hip hop,1.6401984374999976
covariance,1,TRBYDKJ12903CA9D33,The Black Keys,Black Door,blues,TRVJCDB128F4263466,Kandi,I Wanna Know,r&b/soul,2.2830062500000103
covariance,2,TRBYDKJ12903CA9D33,The Black Keys,Black Door,blues,TRFUJVJ128F426F2A2,Lauryn Hill,Interlude 5,r&b/soul,1.7843000000000055
covariance,3,TRBYDKJ12903CA9D33,The Black Keys,Black Door,blues,TRKLJAG128F42B31CF,Mario Vazquez,Everytime I...,r&b/soul,1.4922656249999948
covariance,1,TRWJKJK128F9338FEF,The Black Keys,Busted,blues,TRFUJVJ128F426F2A2,Lauryn Hill,Interlude 5,r&b/soul,10.15995000000001
covariance,2,TRWJKJK128F9338FEF,The Black Keys,Busted,blues,TRWSYHO128F4282346,Twista,I'm A Winner (Amended Album Version),hip hop,9.619965625000038
covariance,3,TRWJKJK128F9338FEF,The Black Keys,Busted,blues,TREBGAA128E078FC52,Erykah Badu,I Want You,r&b/soul,8.046451562500035
covariance,1,TRUULBP12903CA9D23,The Black Keys,Give Your Heart Away,blues,TRQAWKR128F425EEC3,Michael Jackson,Man In The Mirror,pop,1.3273906250000014
covariance,2,TRUULBP12903CA9D23,The Black Keys,Give Your Heart Away,blues,TRFUJVJ128F426F2A2,Lauryn Hill,Interlude 5,r&b/soul,1.3232499999999943
covariance,3,TRUULBP12903CA9D23,The Black Keys,Give Your Heart Away,blues,TRWSYHO128F4282346,Twista,I'm A Winner (Amended Album Version),hip hop,1.1684843749999994
covariance,1,TRYYJHJ128F9340B19,The Black Keys,Grown So Ugly,blues,TRFUJVJ128F426F2A2,Lauryn Hill,Interlude 5,r&b/soul,2.106949999999999
covariance,2,TRYYJHJ128F9340B19,The Black Keys,Grown So Ugly,blues,TRDPGXU128F9339C2A,Beastie Boys,B-Boy Bouillabaisse: A.W.O.L. (2009 Digital Remaster),hip hop,1.6949671875000019
covariance,3,TRYYJHJ128F9340B19,The Black Keys,Grown So Ugly,blues,TRGLNKG128F9307689,Eminem,My Darling,hip hop,1.4756390624999998
covariance,1,TRHHJCL12903CB44B7,The Black Keys,Hard Row,blues,TRFUJVJ128F426F2A2,Lauryn Hill,Interlude 5,r&b/soul,2.7130500000000044
covariance,2,TRHHJCL12903CB44B7,The Black Keys,Hard Row,blues,TRWSYHO128F4282346,Twista,I'm A Winner (Amended Album Version),hip hop,2.5074093750000004
covariance,3,TRHHJCL12903CB44B7,The Black Keys,Hard Row,blues,TRQAWKR128F425EEC3,Michael Jackson,Man In The Mirror,pop,1.9263156249999969
covariance,1,TRWZXDS128F427A71B,The Black Keys,I Got Mine,blues,TRKLJAG128F42B31CF,Mario Vazquez,Everytime I...,r&b/soul,2.968750000000026
covariance,2,TRWZXDS128F427A71B,The Black Keys,I Got Mine,blues,TREBGAA128E078FC52,Erykah Badu,I Want You,r&b/soul,2.783849999999995
covariance,3,TRWZXDS128F427A71B,The Black Keys,I Got Mine,blues,TRCHZXW128E079288A,Eminem,8 Mile,hip hop,2.7293999999999867
covariance,1,TRZDLWE12903CB44DE,The Black Keys,If You See Me,blues,TRWSYHO128F4282346,Twista,I'm A Winner (Amended Album Version),hip hop,2.8879781250000076
covariance,2,TRZDLWE12903CB44DE,The Black Keys,If You See Me,blues,TRFUJVJ128F426F2A2,Lauryn Hill,Interlude 5,r&b/soul,2.634900000000003
covariance,3,TRZDLWE12903CB44DE,The Black Keys,If You See Me,blues,TREBGAA128E078FC52,Erykah Badu,I Want You,r&b/soul,2.481457812500009
covariance,1,TRNZQVO128F427A71E,The Black Keys,Lies,blues,TRFUJVJ128F426F2A2,Lauryn Hill,Interlude 5,r&b/soul,2.012149999999993
covariance,2,TRNZQVO128F427A71E,The Black Keys,Lies,blues,TRWSYHO128F4282346,Twista,I'm A Winner (Amended Album Version),hip hop,1.706634375000006
covariance,3,TRNZQVO128F427A71E,The Black Keys,Lies,blues,TRDPGXU128F9339C2A,Beastie Boys,B-Boy Bouillabaisse: A.W.O.L. (2009 Digital Remaster),hip hop,1.6899578124999974
covariance,1,TRAECHJ12903CC36DA,The Black Keys,Next Girl,blues,TRDPGXU128F9339C2A,Beastie Boys,B-Boy Bouillabaisse: A.W.O.L. (2009 Digital Remaster),hip hop,2.7602296874999985
covariance,2,TRAECHJ12903CC36DA,The Black Keys,Next Girl,blues,TRPBLTG128F933924A,Calvin Harris,The Girls,electronic,2.702012500000007
covariance,3,TRAECHJ12903CC36DA,The Black Keys,Next Girl,blues,TRCHZXW128E079288A,Eminem,8 Mile,hip hop,2.414645312499993
covariance,1,TRRVSIN128F9338FD5,The Black Keys,No Fun,blues,TRFFSMS128F428BC88,Enrique Iglesias,Miss You,latin,1.9072656249999997
covariance,2,TRRVSIN128F9338FD5,The Black Keys,No Fun,blues,TRLUGVB128F428E704,Tracey Ullman,Breakaway,pop,1.7282468750000035
covariance,3,TRRVSIN128F9338FD5,The Black Keys,No Fun,blues,TRYAWRN128F42792CB,Janis Joplin,Kozmic Blues,blues,1.4527749999999977
covariance,1,TRYMMVG128F9340B1B,The Black Keys,Stack Shot Billy,blues,TRFUJVJ128F426F2A2,Lauryn Hill,Interlude 5,r&b/soul,0.6462500000000035
covariance,2,TRYMMVG128F9340B1B,The Black Keys,Stack Shot Billy,blues,TRFLWJZ128F425C9E4,The Pharcyde,Otha Fish,hip hop,0.5716015624999988
covariance,3,TRYMMVG128F9340B1B,The Black Keys,Stack Shot Billy,blues,TRDPGXU128F9339C2A,Beastie Boys,B-Boy Bouillabaisse: A.W.O.L. (2009 Digital Remaster),hip hop,0.5332421875000005
covariance,1,TRKSEEY12903CCD312,The Black Keys,Ten Cent Pistol,blues,TRXJTJZ128F4295464,The Corrs,Queen Of Hollywood ( LP Version ),pop,1.0378781249999958
covariance,2,TRKSEEY12903CCD312,The Black Keys,Ten Cent Pistol,blues,TRYCBLK12903CE6A0E,Twiztid,She Ain't Afraid,hip hop,0.9519015624999994
covariance,3,TRKSEEY12903CCD312,The Black Keys,Ten Cent Pistol,blues,TRDPGXU128F9339C2A,Beastie Boys,B-Boy Bouillabaisse: A.W.O.L. (2009 Digital Remaster),hip hop,0.7598609375000003
covariance,1,TRFOGQC12903CA9D2E,The Black Keys,The Flame,blues,TRFUJVJ128F426F2A2,Lauryn Hill,Interlude 5,r&b/soul,2.5552499999999934
covariance,2,TRFOGQC12903CA9D2E,The Black Keys,The Flame,blues,TRWSYHO128F4282346,Twista,I'm A Winner (Amended Album Version),hip hop,1.7247031249999984
covariance,3,TRFOGQC12903CA9D2E,The Black Keys,The Flame,blues,TRUGLTC128F4227B93,Danity Kane,Hold Me Down (Album Version),r&b/soul,1.4300156249999985
covariance,1,TREVCQU12903CCD318,The Black Keys,These Days,blues,TRFUJVJ128F426F2A2,Lauryn Hill,Interlude 5,r&b/soul,2.8455999999999992
covariance,2,TREVCQU12903CCD318,The Black Keys,These Days,blues,TRDPGXU128F9339C2A,Beastie Boys,B-Boy Bouillabaisse: A.W.O.L. (2009 Digital Remaster),hip hop,2.3907140625000043
covariance,3,TREVCQU12903CCD318,The Black Keys,These Days,blues,TREBGAA128E078FC52,Erykah Badu,I Want You,r&b/soul,2.2256671875000054
covariance,1,TRFLJNE12903CB44F1,The Black Keys,When The Lights Go Out,blues,TRFUJVJ128F426F2A2,Lauryn Hill,Interlude 5,r&b/soul,2.4944499999999983
covariance,2,TRFLJNE12903CB44F1,The Black Keys,When The Lights Go Out,blues,TRWSYHO128F4282346,Twista,I'm A Winner (Amended Album Version),hip hop,2.051887499999995
covariance,3,TRFLJNE12903CB44F1,The Black Keys,When The Lights Go Out,blues,TREBGAA128E078FC52,Erykah Badu,I Want You,r&b/soul,1.7231937500000023
covariance,1,TRQNNKX12903CB44CA,The Black Keys,Have Love Will Travel,blues,TREBGAA128E078FC52,Erykah Badu,I Want You,r&b/soul,2.644489062499983
covariance,2,TRQNNKX12903CB44CA,The Black Keys,Have Love Will Travel,blues,TRFUJVJ128F426F2A2,Lauryn Hill,Interlude 5,r&b/soul,2.4181499999999985
covariance,3,TRQNNKX12903CB44CA,The Black Keys,Have Love Will Travel,blues,TRWSYHO128F4282346,Twista,I'm A Winner (Amended Album Version),hip hop,2.4140406249999793
covariance,1,TRKNKGC128F42A746A,Ray Charles,C.C. Rider,blues,TRFUJVJ128F426F2A2,Lauryn Hill,Interlude 5,r&b/soul,8.718450000000017
covariance,2,TRKNKGC128F42A746A,Ray Charles,C.C. Rider,blues,TRWSYHO128F4282346,Twista,I'm A Winner (Amended Album Version),hip hop,7.230028125000001
covariance,3,TRKNKGC128F42A746A,Ray Charles,C.C. Rider,blues,TREBGAA128E078FC52,Erykah Badu,I Want You,r&b/soul,6.409607812500008
covariance,1,TRWEHQE128F935A2D6,Ray Charles,I Got a Woman,blues,TRDPGXU128F9339C2A,Beastie Boys,B-Boy Bouillabaisse: A.W.O.L. (2009 Digital Remaster),hip hop,2.4521437500000007
covariance,2,TRWEHQE128F935A2D6,Ray Charles,I Got a Woman,blues,TRYCBLK12903CE6A0E,Twiztid,She Ain't Afraid,hip hop,2.33075625
covariance,3,TRWEHQE128F935A2D6,Ray Charles,I Got a Woman,blues,TRCHZXW128E079288A,Eminem,8 Mile,hip hop,2.2796062500000134
covariance,1,TRPMJOK128F92F317A,Ray Charles,The Sun's Gonna Shine Again,blues,TRFUJVJ128F426F2A2,Lauryn Hill,Interlude 5,r&b/soul,2.380349999999994
covariance,2,TRPMJOK128F92F317A,Ray Charles,The Sun's Gonna Shine Again,blues,TRWSYHO128F4282346,Twista,I'm A Winner (Amended Album Version),hip hop,1.6314124999999962
covariance,3,TRPMJOK128F92F317A,Ray Charles,The Sun's Gonna Shine Again,blues,TREBGAA128E078FC52,Erykah Badu,I Want You,r&b/soul,1.5974562499999956
covariance,1,TRGXECP12903CDDC43,Ray Charles,Losing Hand,blues,TRFUJVJ128F426F2A2,Lauryn Hill,Interlude 5,r&b/soul,3.7393499999999973
covariance,2,TRGXECP12903CDDC43,Ray Charles,Losing Hand,blues,TRWSYHO128F4282346,Twista,I'm A Winner (Amended Album Version),hip hop,3.5113499999999815
covariance,3,TRGXECP12903CDDC43,Ray Charles,Losing Hand,blues,TREBGAA128E078FC52,Erykah Badu,I Want You,r&b/soul,3.443049999999979
covariance,1,TREQYGT128E07859FA,Blake Shelton,Nobody But Me (Album Version),blues,TRFUJVJ128F426F2A2,Lauryn Hill,Interlude 5,r&b/soul,5.242949999999994
covariance,2,TREQYGT128E07859FA,Blake Shelton,Nobody But Me (Album Version),blues,TREBGAA128E078FC52,Erykah Badu,I Want You,r&b/soul,4.3231859375
covariance,3,TREQYGT128E07859FA,Blake Shelton,Nobody But Me (Album Version),blues,TRWSYHO128F4282346,Twista,I'm A Winner (Amended Album Version),hip hop,4.2940593749999945
covariance,1,TROFEVE12903CD8AAA,Etta James,A Sunday Kind of Love,blues,TRFUJVJ128F426F2A2,Lauryn Hill,Interlude 5,r&b/soul,2.5130000000000003
covariance,2,TROFEVE12903CD8AAA,Etta James,A Sunday Kind of Love,blues,TRDPGXU128F9339C2A,Beastie Boys,B-Boy Bouillabaisse: A.W.O.L. (2009 Digital Remaster),hip hop,2.3457187499999943
covariance,3,TROFEVE12903CD8AAA,Etta James,A Sunday Kind of Love,blues,TRCHZXW128E079288A,Eminem,8 Mile,hip hop,2.011781249999984
covariance,1,TRCFPJF128F428A872,Etta James,I Just Want To Make Love To You,blues,TRFUJVJ128F426F2A2,Lauryn Hill,Interlude 5,r&b/soul,9.362149999999994
covariance,2,TRCFPJF128F428A872,Etta James,I Just Want To Make Love To You,blues,TRWSYHO128F4282346,Twista,I'm A Winner (Amended Album Version),hip hop,8.55382187499999
covariance,3,TRCFPJF128F428A872,Etta James,I Just Want To Make Love To You,blues,TREBGAA128E078FC52,Erykah Badu,I Want You,r&b/soul,7.680317187500014
covariance,1,TRBFTHL128C7196B42,Etta James,My Dearest Darling,blues,TRWSYHO128F4282346,Twista,I'm A Winner (Amended Album Version),hip hop,1.87748750000001
covariance,2,TRBFTHL128C7196B42,Etta James,My Dearest Darling,blues,TRGLNKG128F9307689,Eminem,My Darling,hip hop,1.8404937499999965
covariance,3,TRBFTHL128C7196B42,Etta James,My Dearest Darling,blues,TRFUJVJ128F426F2A2,Lauryn Hill,Interlude 5,r&b/soul,1.8180500000000053
covariance,1,TRFEGGQ128E07898AA,Etta James,W.O.M.A.N.,blues,TRFUJVJ128F426F2A2,Lauryn Hill,Interlude 5,r&b/soul,2.5156500000000177
covariance,2,TRFEGGQ128E07898AA,Etta James,W.O.M.A.N.,blues,TREAUAV128EF33FE50,Electrelane,Cut And Run,punk,2.2835562499999957
covariance,3,TRFEGGQ128E07898AA,Etta James,W.O.M.A.N.,blues,TRWSYHO128F4282346,Twista,I'm A Winner (Amended Album Version),hip hop,1.996618750000004
covariance,1,TRDDDDX128E0793212,Eric Clapton,Alberta,blues,TRFUJVJ128F426F2A2,Lauryn Hill,Interlude 5,r&b/soul,1.8701499999999995
covariance,2,TRDDDDX128E0793212,Eric Clapton,Alberta,blues,TRWSYHO128F4282346,Twista,I'm A Winner (Amended Album Version),hip hop,1.7917437499999997
covariance,3,TRDDDDX128E0793212,Eric Clapton,Alberta,blues,TRGLNKG128F9307689,Eminem,My Darling,hip hop,1.4458093749999994
covariance,1,TRWBAGY128F93034BF,Eric Clapton,Before You Accuse Me (Take A Look At Yourself),blues,TRFUJVJ128F426F2A2,Lauryn Hill,Interlude 5,r&b/soul,1.5679499999999984
covariance,2,TRWBAGY128F93034BF,Eric Clapton,Before You Accuse Me (Take A Look At Yourself),blues,TRGLNKG128F9307689,Eminem,My Darling,hip hop,1.5048499999999976
covariance,3,TRWBAGY128F93034BF,Eric Clapton,Before You Accuse Me (Take A Look At Yourself),blues,TRWSYHO128F4282346,Twista,I'm A Winner (Amended Album Version),hip hop,1.4544499999999974
covariance,1,TRLWIBC128E0792E2C,Eric Clapton,Early In The Morning,blues,TRFUJVJ128F426F2A2,Lauryn Hill,Interlude 5,r&b/soul,3.035349999999986
covariance,2,TRLWIBC128E0792E2C,Eric Clapton,Early In The Morning,blues,TRDPGXU128F9339C2A,Beastie Boys,B-Boy Bouillabaisse: A.W.O.L. (2009 Digital Remaster),hip hop,2.333596874999997
covariance,3,TRLWIBC128E0792E2C,Eric Clapton,Early In The Morning,blues,TRUGLTC128F4227B93,Danity Kane,Hold Me Down (Album Version),r&b/soul,2.0478812500000037
covariance,1,TRAZQIG128F146372E,Eric Clapton,Floating Bridge,blues,TRFUJVJ128F426F2A2,Lauryn Hill,Interlude 5,r&b/soul,2.667649999999995
covariance,2,TRAZQIG128F146372E,Eric Clapton,Floating Bridge,blues,TRDPGXU128F9339C2A,Beastie Boys,B-Boy Bouillabaisse: A.W.O.L. (2009 Digital Remaster),hip hop,2.5542703125000084
covariance,3,TRAZQIG128F146372E,Eric Clapton,Floating Bridge,blues,TRCHZXW128E079288A,Eminem,8 Mile,hip hop,2.1008546875000147
covariance,1,TRQUJCP128F4238206,Eric Clapton,Kind Hearted Woman Blues (Album Version),blues,TRFUJVJ128F426F2A2,Lauryn Hill,Interlude 5,r&b/soul,2.002000000000004
covariance,2,TRQUJCP128F4238206,Eric Clapton,Kind Hearted Woman Blues (Album Version),blues,TRDPGXU128F9339C2A,Beastie Boys,B-Boy Bouillabaisse: A.W.O.L. (2009 Digital Remaster),hip hop,1.927171874999994
covariance,3,TRQUJCP128F4238206,Eric Clapton,Kind Hearted Woman Blues (Album Version),blues,TREBGAA128E078FC52,Erykah Badu,I Want You,r&b/soul,1.8482656250000045
covariance,1,TRIDJMD128E078B984,Michael Bublé,That's All (Album Version),classical,TRFUJVJ128F426F2A2,Lauryn Hill,Interlude 5,r&b/soul,5.025449999999978
covariance,2,TRIDJMD128E078B984,Michael Bublé,That's All (Album Version),classical,TRWSYHO128F4282346,Twista,I'm A Winner (Amended Album Version),hip hop,3.498043750000002
covariance,3,TRIDJMD128E078B984,Michael Bublé,That's All (Album Version),classical,TRQAWKR128F425EEC3,Michael Jackson,Man In The Mirror,pop,3.258356250000005
covariance,1,TRYRCXF128F424183D,Josh Groban,America (Revised Live Version),classical,TRFUJVJ128F426F2A2,Lauryn Hill,Interlude 5,r&b/soul,2.6072499999999934
covariance,2,TRYRCXF128F424183D,Josh Groban,America (Revised Live Version),classical,TRDPGXU128F9339C2A,Beastie Boys,B-Boy Bouillabaisse: A.W.O.L. (2009 Digital Remaster),hip hop,2.5499531249999956
covariance,3,TRYRCXF128F424183D,Josh Groban,America (Revised Live Version),classical,TRCHZXW128E079288A,Eminem,8 Mile,hip hop,2.15629687500001
covariance,1,TRDQLTF128E0787809,Josh Groban,Broken Vow (Album Version),classical,TRFUJVJ128F426F2A2,Lauryn Hill,Interlude 5,r&b/soul,5.659299999999984
covariance,2,TRDQLTF128E0787809,Josh Groban,Broken Vow (Album Version),classical,TRWSYHO128F4282346,Twista,I'm A Winner (Amended Album Version),hip hop,4.86717499999997
covariance,3,TRDQLTF128E0787809,Josh Groban,Broken Vow (Album Version),classical,TREBGAA128E078FC52,Erykah Badu,I Want You,r&b/soul,4.709462499999959
covariance,1,TRUAAEQ128F423C52D,Josh Groban,Gira Con Me Questa Notte (Album Version),classical,TRZZQIP128F92EFEAD,Abba,Move On,pop,1.7031515625000102
covariance,2,TRUAAEQ128F423C52D,Josh Groban,Gira Con Me Questa Notte (Album Version),classical,TRDOJIR128F42840C0,Horace Andy,Horse With No Name,reggae,1.6012249999999997
covariance,3,TRUAAEQ128F423C52D,Josh Groban,Gira Con Me Questa Notte (Album Version),classical,TRKKUWM128F92E4E1C,Gemelli Diversi,Istruzioni Per L'(Ill)uso,hip hop,1.4025109375000056
covariance,1,TRYGDNA128E078780C,Josh Groban,Hymne A L'Amour (Album Version),classical,TRSABJR128F429C84B,Tryo,Yakamonéyé,reggae,1.103387500000002
covariance,2,TRYGDNA128E078780C,Josh Groban,Hymne A L'Amour (Album Version),classical,TRMLZFP128F932290C,Fonky Family,L'Amour Du Risque,hip hop,1.0994999999999968
covariance,3,TRYGDNA128E078780C,Josh Groban,Hymne A L'Amour (Album Version),classical,TRIAELA128F149EEE6,Sniper,Panam All Star,hip hop,1.0704499999999997
covariance,1,TRDFTPP128F427550C,Josh Groban,It Came Upon A Midnight Clear (Album Version),classical,TRTCOWO128F930C444,The Streets,Weak Become Heroes,hip hop,1.3568515625000013
covariance,2,TRDFTPP128F427550C,Josh Groban,It Came Upon A Midnight Clear (Album Version),classical,TRXXGET128F4259B88,Travis,Sing,pop,1.1557031250000014
covariance,3,TRDFTPP128F427550C,Josh Groban,It Came Upon A Midnight Clear (Album Version),classical,TRRZNYJ128F42B8819,Jenny Lewis,Sing A Song,country,1.0453359374999989
covariance,1,TRRBWRX128F423C535,Josh Groban,Let Me Fall (From Cirque du Soleil) (Album Version),classical,TRCHZXW128E079288A,Eminem,8 Mile,hip hop,2.537789062500018
covariance,2,TRRBWRX128F423C535,Josh Groban,Let Me Fall (From Cirque du Soleil) (Album Version),classical,TRKLJAG128F42B31CF,Mario Vazquez,Everytime I...,r&b/soul,2.530078124999989
covariance,3,TRRBWRX128F423C535,Josh Groban,Let Me Fall (From Cirque du Soleil) (Album Version),classical,TRDPGXU128F9339C2A,Beastie Boys,B-Boy Bouillabaisse: A.W.O.L. (2009 Digital Remaster),hip hop,2.455335937499993
covariance,1,TRJSTLV128F4241832,Josh Groban,Mi Mancherai (Il Postino) (Revised Live Version),classical,TRPUUSG128E07953B7,Shaggy,Luv Me Up,reggae,0.776387499999996
covariance,2,TRJSTLV128F4241832,Josh Groban,Mi Mancherai (Il Postino) (Revised Live Version),classical,TRRVXQX128F429A0C4,Fabrizio De Andrè,Sinan Capudan Pascià,folk,0.604718749999997
covariance,3,TRJSTLV128F4241832,Josh Groban,Mi Mancherai (Il Postino) (Revised Live Version),classical,TRYECON128F423ABA0,Jowell & Randy,Te Ando Buscando,reggae,0.5738078124999971
covariance,1,TRBRHPE128E0787803,Josh Groban,My Confession (Album Version),classical,TRDPGXU128F9339C2A,Beastie Boys,B-Boy Bouillabaisse: A.W.O.L. (2009 Digital Remaster),hip hop,4.433587500000037
covariance,2,TRBRHPE128E0787803,Josh Groban,My Confession (Album Version),classical,TRKLJAG128F42B31CF,Mario Vazquez,Everytime I...,r&b/soul,4.161874999999993
covariance,3,TRBRHPE128E0787803,Josh Groban,My Confession (Album Version),classical,TRCHZXW128E079288A,Eminem,8 Mile,hip hop,4.147912499999979
covariance,1,TRLJSTZ128F4241831,Josh Groban,Oceano (Revised Live Version),classical,TRZRTPI12903D0954A,Flaminio Maphia,Quelli Che,hip hop,0.9359468750000045
covariance,2,TRLJSTZ128F4241831,Josh Groban,Oceano (Revised Live Version),classical,TRRVXQX128F429A0C4,Fabrizio De Andrè,Sinan Capudan Pascià,folk,0.7636562499999988
covariance,3,TRLJSTZ128F4241831,Josh Groban,Oceano (Revised Live Version),classical,TRKKUWM128F92E4E1C,Gemelli Diversi,Istruzioni Per L'(Ill)uso,hip hop,0.7064890624999987
covariance,1,TRGURIJ128E078780B,Josh Groban,Remember When It Rained (Album Version),classical,TRFUJVJ128F426F2A2,Lauryn Hill,Interlude 5,r&b/soul,1.7881999999999971
covariance,2,TRGURIJ128E078780B,Josh Groban,Remember When It Rained (Album Version),classical,TRQAWKR128F425EEC3,Michael Jackson,Man In The Mirror,pop,1.628762499999998
covariance,3,TRGURIJ128E078780B,Josh Groban,Remember When It Rained (Album Version),classical,TRDPGXU128F9339C2A,Beastie Boys,B-Boy Bouillabaisse: A.W.O.L. (2009 Digital Remaster),hip hop,1.5893812500000093
covariance,1,TRYKKOX128F4241839,Josh Groban,Remember When It Rained (Revised Live Version),classical,TRFUJVJ128F426F2A2,Lauryn Hill,Interlude 5,r&b/soul,1.7881999999999971
covariance,2,TRYKKOX128F4241839,Josh Groban,Remember When It Rained (Revised Live Version),classical,TRQAWKR128F425EEC3,Michael Jackson,Man In The Mirror,pop,1.628762499999998
covariance,3,TRYKKOX128F4241839,Josh Groban,Remember When It Rained (Revised Live Version),classical,TRDPGXU128F9339C2A,Beastie Boys,B-Boy Bouillabaisse: A.W.O.L. (2009 Digital Remaster),hip hop,1.5893812500000093
covariance,1,TRUVBEG128F92F0B48,Josh Groban,Smile,classical,TRFUJVJ128F426F2A2,Lauryn Hill,Interlude 5,r&b/soul,3.068399999999999
covariance,2,TRUVBEG128F92F0B48,Josh Groban,Smile,classical,TRWSYHO128F4282346,Twista,I'm A Winner (Amended Album Version),hip hop,2.6090562500000014
covariance,3,TRUVBEG128F92F0B48,Josh Groban,Smile,classical,TRLDRYJ128F930BBB4,Pain of Salvation,Spitfall,metal,2.0829124999999977
covariance,1,TRJBNZG128EF35A1AA,Josh Groban,Solo Por Ti (Album Version),classical,TRZZQIP128F92EFEAD,Abba,Move On,pop,1.7095984375000108
covariance,2,TRJBNZG128EF35A1AA,Josh Groban,Solo Por Ti (Album Version),classical,TRDOJIR128F42840C0,Horace Andy,Horse With No Name,reggae,1.621775000000015
covariance,3,TRJBNZG128EF35A1AA,Josh Groban,Solo Por Ti (Album Version),classical,TRTHNFG12903D0CE54,Violadores del Verso,Dale tiempo al rumor,hip hop,0.9396703124999979
covariance,1,TRPJAPP128EF35A1AC,Josh Groban,Un Giorno Per Noi (Album Version),classical,TRRVXQX128F429A0C4,Fabrizio De Andrè,Sinan Capudan Pascià,folk,0.4479687500000018
covariance,2,TRPJAPP128EF35A1AC,Josh Groban,Un Giorno Per Noi (Album Version),classical,TRZZQIP128F92EFEAD,Abba,Move On,pop,0.4438828124999968
covariance,3,TRPJAPP128EF35A1AC,Josh Groban,Un Giorno Per Noi (Album Version),classical,TRFLWJZ128F425C9E4,The Pharcyde,Otha Fish,hip hop,0.43066406250000383
covariance,1,TRUDTXB128F423C537,Josh Groban,Vincent (Starry_ Starry Night) (Album Version),classical,TRFUJVJ128F426F2A2,Lauryn Hill,Interlude 5,r&b/soul,5.3451500000000065
covariance,2,TRUDTXB128F423C537,Josh Groban,Vincent (Starry_ Starry Night) (Album Version),classical,TRDPGXU128F9339C2A,Beastie Boys,B-Boy Bouillabaisse: A.W.O.L. (2009 Digital Remaster),hip hop,3.2880984374999844
covariance,3,TRUDTXB128F423C537,Josh Groban,Vincent (Starry_ Starry Night) (Album Version),classical,TRGLNKG128F9307689,Eminem,My Darling,hip hop,3.247332812499991
covariance,1,TRMVVDP128E0787806,Josh Groban,When You Say You Love Me (Album Version),classical,TRFUJVJ128F426F2A2,Lauryn Hill,Interlude 5,r&b/soul,8.377500000000005
covariance,2,TRMVVDP128E0787806,Josh Groban,When You Say You Love Me (Album Version),classical,TRWSYHO128F4282346,Twista,I'm A Winner (Amended Album Version),hip hop,7.381718750000012
covariance,3,TRMVVDP128E0787806,Josh Groban,When You Say You Love Me (Album Version),classical,TREBGAA128E078FC52,Erykah Badu,I Want You,r&b/soul,5.69617187499998
covariance,1,TRIEQWR128E078780D,Josh Groban,You Raise Me Up (Album Version),classical,TRWSYHO128F4282346,Twista,I'm A Winner (Amended Album Version),hip hop,5.378409375000017
covariance,2,TRIEQWR128E078780D,Josh Groban,You Raise Me Up (Album Version),classical,TRFUJVJ128F426F2A2,Lauryn Hill,Interlude 5,r&b/soul,5.246550000000009
covariance,3,TRIEQWR128E078780D,Josh Groban,You Raise Me Up (Album Version),classical,TRDPGXU128F9339C2A,Beastie Boys,B-Boy Bouillabaisse: A.W.O.L. (2009 Digital Remaster),hip hop,4.611470312499995
covariance,1,TRBEYYM128F1493C56,Josh Groban,Believe (Album Version),classical,TRFUJVJ128F426F2A2,Lauryn Hill,Interlude 5,r&b/soul,3.034100000000004
covariance,2,TRBEYYM128F1493C56,Josh Groban,Believe (Album Version),classical,TRWSYHO128F4282346,Twista,I'm A Winner (Amended Album Version),hip hop,2.3550062499999997
covariance,3,TRBEYYM128F1493C56,Josh Groban,Believe (Album Version),classical,TRBKYVE128F93350D1,MIMS,Move (If You Wanna),hip hop,1.9272593750000033
covariance,1,TRPITXR128F427FA1B,Johnny Cash,Away In A Manger,classical,TRFUJVJ128F426F2A2,Lauryn Hill,Interlude 5,r&b/soul,0.8367999999999952
covariance,2,TRPITXR128F427FA1B,Johnny Cash,Away In A Manger,classical,TRDPGXU128F9339C2A,Beastie Boys,B-Boy Bouillabaisse: A.W.O.L. (2009 Digital Remaster),hip hop,0.8221812499999989
covariance,3,TRPITXR128F427FA1B,Johnny Cash,Away In A Manger,classical,TRCHZXW128E079288A,Eminem,8 Mile,hip hop,0.6330687499999994
covariance,1,TRGFMUJ128F423C52F,Josh Groban,Cinema Paradiso (Se) (Album Version),classical,TRKKUWM128F92E4E1C,Gemelli Diversi,Istruzioni Per L'(Ill)uso,hip hop,0.3756796874999991
covariance,2,TRGFMUJ128F423C52F,Josh Groban,Cinema Paradiso (Se) (Album Version),classical,TRZRTPI12903D0954A,Flaminio Maphia,Quelli Che,hip hop,0.3715156249999992
covariance,3,TRGFMUJ128F423C52F,Josh Groban,Cinema Paradiso (Se) (Album Version),classical,TRRVXQX128F429A0C4,Fabrizio De Andrè,Sinan Capudan Pascià,folk,0.36921875000000104
covariance,1,TRGVTSO12903CABC19,David Crowder*Band,All Around Me,classical,TRFUJVJ128F426F2A2,Lauryn Hill,Interlude 5,r&b/soul,6.801350000000002
covariance,2,TRGVTSO12903CABC19,David Crowder*Band,All Around Me,classical,TRWSYHO128F4282346,Twista,I'm A Winner (Amended Album Version),hip hop,6.411084374999973
covariance,3,TRGVTSO12903CABC19,David Crowder*Band,All Around Me,classical,TREBGAA128E078FC52,Erykah Badu,I Want You,r&b/soul,5.918698437500003
covariance,1,TRJGMSL128F4230A6C,The Game,Black Opera,classical,TRWSYHO128F4282346,Twista,I'm A Winner (Amended Album Version),hip hop,17.804199999999934
covariance,2,TRJGMSL128F4230A6C,The Game,Black Opera,classical,TRFUJVJ128F426F2A2,Lauryn Hill,Interlude 5,r&b/soul,17.752700000000033
covariance,3,TRJGMSL128F4230A6C,The Game,Black Opera,classical,TREBGAA128E078FC52,Erykah Badu,I Want You,r&b/soul,14.249349999999986
covariance,1,TRBGUUE128F1494FB6,David Bowie,Baal's Hymn,classical,TRFUJVJ128F426F2A2,Lauryn Hill,Interlude 5,r&b/soul,2.7029000000000085
covariance,2,TRBGUUE128F1494FB6,David Bowie,Baal's Hymn,classical,TRDPGXU128F9339C2A,Beastie Boys,B-Boy Bouillabaisse: A.W.O.L. (2009 Digital Remaster),hip hop,2.2452937500000125
covariance,3,TRBGUUE128F1494FB6,David Bowie,Baal's Hymn,classical,TRGUCIR128F933D817,Vanilla Ice,Ice Is Workin' It,hip hop,2.1459499999999956
covariance,1,TREPYPE128F92EB38C,Il Divo,Adagio,classical,TRKKUWM128F92E4E1C,Gemelli Diversi,Istruzioni Per L'(Ill)uso,hip hop,0.6595906250000041
covariance,2,TREPYPE128F92EB38C,Il Divo,Adagio,classical,TRZRTPI12903D0954A,Flaminio Maphia,Quelli Che,hip hop,0.5926187500000004
covariance,3,TREPYPE128F92EB38C,Il Divo,Adagio,classical,TRRVXQX128F429A0C4,Fabrizio De Andrè,Sinan Capudan Pascià,folk,0.5750625000000011
covariance,1,TRGZRPJ128F92EF7E2,Il Divo,Adeste Fideles,classical,TREXCMT128F933D825,Vanilla Ice,It's A Party,hip hop,0.7956406250000014
covariance,2,TRGZRPJ128F92EF7E2,Il Divo,Adeste Fideles,classical,TRBBVNR128E078E1E4,Black Eyed Peas,Tell Your Momma Come,hip hop,0.46638281249999736
covariance,3,TRGZRPJ128F92EF7E2,Il Divo,Adeste Fideles,classical,TRKOMDL128F1499C7D,João Gilberto,Aguas De Marco,latin,0.4520937500000006
covariance,1,TRGXTYR128F42ACF5F,Il Divo,All By Myself (Solo Otra Vez),classical,TRTJLTW12903CFF1E9,Los Van Van,El Negro Está Cocinando,latin,0.7942031249999993
covariance,2,TRGXTYR128F42ACF5F,Il Divo,All By Myself (Solo Otra Vez),classical,TRSVRQN128F42722CC,Willie Colon,Gitana,latin,0.7771750000000011
covariance,3,TRGXTYR128F42ACF5F,Il Divo,All By Myself (Solo Otra Vez),classical,TRDOJIR128F42840C0,Horace Andy,Horse With No Name,reggae,0.7667999999999967
covariance,1,TRVXXVG128F933AB88,Il Divo,Amazing Grace,classical,TRFUJVJ128F426F2A2,Lauryn Hill,Interlude 5,r&b/soul,2.3056500000000146
covariance,2,TRVXXVG128F933AB88,Il Divo,Amazing Grace,classical,TRDPGXU128F9339C2A,Beastie Boys,B-Boy Bouillabaisse: A.W.O.L. (2009 Digital Remaster),hip hop,1.891590624999991
covariance,3,TRVXXVG128F933AB88,Il Divo,Amazing Grace,classical,TRBEBJO128C719646B,Nelly,Splurge,hip hop,1.5802718750000009
covariance,1,TRLFGML128F92EB391,Il Divo,Angelina,classical,TRTHNFG12903D0CE54,Violadores del Verso,Dale tiempo al rumor,hip hop,1.569953125000001
covariance,2,TRLFGML128F92EB391,Il Divo,Angelina,classical,TRIJHLY12903D0CE4D,Violadores del Verso,Cantando,hip hop,1.3083906250000004
covariance,3,TRLFGML128F92EB391,Il Divo,Angelina,classical,TRTJLTW12903CFF1E9,Los Van Van,El Negro Está Cocinando,latin,1.1399218750000022
covariance,1,TRVFSWI128F42ACE94,Il Divo,Ave Maria,classical,TRZZQIP128F92EFEAD,Abba,Move On,pop,0.5626328124999967
covariance,2,TRVFSWI128F42ACE94,Il Divo,Ave Maria,classical,TRDOJIR128F42840C0,Horace Andy,Horse With No Name,reggae,0.5223750000000014
covariance,3,TRVFSWI128F42ACE94,Il Divo,Ave Maria,classical,TRKKUWM128F92E4E1C,Gemelli Diversi,Istruzioni Per L'(Ill)uso,hip hop,0.49567968750000047
covariance,1,TRMKTUF128F42BC140,Il Divo,Caruso,classical,TRKKUWM128F92E4E1C,Gemelli Diversi,Istruzioni Per L'(Ill)uso,hip hop,0.84308125
covariance,2,TRMKTUF128F42BC140,Il Divo,Caruso,classical,TRRVXQX128F429A0C4,Fabrizio De Andrè,Sinan Capudan Pascià,folk,0.6296250000000011
covariance,3,TRMKTUF128F42BC140,Il Divo,Caruso,classical,TRZZQIP128F92EFEAD,Abba,Move On,pop,0.6005187499999949
covariance,1,TRXNYOZ128F42BC146,Il Divo,Come Primavera,classical,TRZZQIP128F92EFEAD,Abba,Move On,pop,1.9218812499999942
covariance,2,TRXNYOZ128F42BC146,Il Divo,Come Primavera,classical,TRDOJIR128F42840C0,Horace Andy,Horse With No Name,reggae,1.777200000000002
covariance,3,TRXNYOZ128F42BC146,Il Divo,Come Primavera,classical,TREKUOP12903CD2BA7,Desmond Dekker,Mother Nature,reggae,0.9399624999999913
covariance,1,TRYFLQK128F92EF7F1,Il Divo,Dentro Un Altro Si,classical,TRZRTPI12903D0954A,Flaminio Maphia,Quelli Che,hip hop,0.4279000000000013
covariance,2,TRYFLQK128F92EF7F1,Il Divo,Dentro Un Altro Si,classical,TRKKUWM128F92E4E1C,Gemelli Diversi,Istruzioni Per L'(Ill)uso,hip hop,0.4120750000000006
covariance,3,TRYFLQK128F92EF7F1,Il Divo,Dentro Un Altro Si,classical,TRRVXQX128F429A0C4,Fabrizio De Andrè,Sinan Capudan Pascià,folk,0.3685000000000006
covariance,1,TRRWCOL128F42AD05D,Il Divo,En Aranjuez Con Tu Amor,classical,TRTHNFG12903D0CE54,Violadores del Verso,Dale tiempo al rumor,hip hop,2.002067187499997
covariance,2,TRRWCOL128F42AD05D,Il Divo,En Aranjuez Con Tu Amor,classical,TRIJHLY12903D0CE4D,Violadores del Verso,Cantando,hip hop,1.6824734374999986
covariance,3,TRRWCOL128F42AD05D,Il Divo,En Aranjuez Con Tu Amor,classical,TRWQZXS128F92DB731,Victor Manuelle,Lloré Lloré,latin,1.5213656250000003
covariance,1,TRVRPTI128F92EB390,Il Divo,Enamorado,classical,TRRKWPY12903CAAC5D,Johnny Prez,Te Vuelvo Loca,reggae,0.6758500000000041
covariance,2,TRVRPTI128F92EB390,Il Divo,Enamorado,classical,TRTHNFG12903D0CE54,Violadores del Verso,Dale tiempo al rumor,hip hop,0.6657250000000018
covariance,3,TRVRPTI128F92EB390,Il Divo,Enamorado,classical,TRSVRQN128F42722CC,Willie Colon,Gitana,latin,0.6304000000000035
covariance,1,TRGRNWU128F42AE46D,Il Divo,Esisti Dentro Me,classical,TRBPJQR128F9317942,Elvis Crespo,Tu Sonrisa,latin,0.6657687499999996
covariance,2,TRGRNWU128F42AE46D,Il Divo,Esisti Dentro Me,classical,TRUKWZW128F92CADC2,Daddy Yankee,Como Y Vete,reggae,0.5436625000000006
covariance,3,TRGRNWU128F42AE46D,Il Divo,Esisti Dentro Me,classical,TRABAWI128F424F105,RBD,Tu Amor (Hecho En Madrid),latin,0.5153687499999999
covariance,1,TRNXWLK128F92EC9A7,Il Divo,Everytime I Look At You,classical,TRFUJVJ128F426F2A2,Lauryn Hill,Interlude 5,r&b/soul,4.8724999999999925
covariance,2,TRNXWLK128F92EC9A7,Il Divo,Everytime I Look At You,classical,TRDPGXU128F9339C2A,Beastie Boys,B-Boy Bouillabaisse: A.W.O.L. (2009 Digital Remaster),hip hop,4.174648437500014
covariance,3,TRNXWLK128F92EC9A7,Il Divo,Everytime I Look At You,classical,TRWSYHO128F4282346,Twista,I'm A Winner (Amended Album Version),hip hop,4.16820312500002
covariance,1,TRITOVK128F92EC9A0,Il Divo,Feelings,classical,TRJCBGS128F14689B3,Dean Martin,I've Grown Accustomed To Her Face,jazz,0.9775656250000029
covariance,2,TRITOVK128F92EC9A0,Il Divo,Feelings,classical,TRBHYLK128F930160F,Us3,Can U Feel It?,jazz,0.7211984375000007
covariance,3,TRITOVK128F92EC9A0,Il Divo,Feelings,classical,TRKKUWM128F92E4E1C,Gemelli Diversi,Istruzioni Per L'(Ill)uso,hip hop,0.697785937499999
covariance,1,TRRLVOI128F92EB38D,Il Divo,Hallelujah (Aleluya),classical,TRTHNFG12903D0CE54,Violadores del Verso,Dale tiempo al rumor,hip hop,1.6167124999999973
covariance,2,TRRLVOI128F92EB38D,Il Divo,Hallelujah (Aleluya),classical,TRIJHLY12903D0CE4D,Violadores del Verso,Cantando,hip hop,1.4434625000000023
covariance,3,TRRLVOI128F92EB38D,Il Divo,Hallelujah (Aleluya),classical,TRWQZXS128F92DB731,Victor Manuelle,Lloré Lloré,latin,1.2263249999999986
covariance,1,TRHPPNF128F42ACFA9,Il Divo,Hasta Mi Final,classical,TRTHNFG12903D0CE54,Violadores del Verso,Dale tiempo al rumor,hip hop,0.7518875000000017
covariance,2,TRHPPNF128F42ACFA9,Il Divo,Hasta Mi Final,classical,TRRKWPY12903CAAC5D,Johnny Prez,Te Vuelvo Loca,reggae,0.5918250000000005
covariance,3,TRHPPNF128F42ACFA9,Il Divo,Hasta Mi Final,classical,TRIJHLY12903D0CE4D,Violadores del Verso,Cantando,hip hop,0.5796374999999997
covariance,1,TRUXYDP128F93234BD,Taylor Swift,Crazier,country,TRFUJVJ128F426F2A2,Lauryn Hill,Interlude 5,r&b/soul,6.096200000000005
covariance,2,TRUXYDP128F93234BD,Taylor Swift,Crazier,country,TRWSYHO128F4282346,Twista,I'm A Winner (Amended Album Version),hip hop,5.411684375000016
covariance,3,TRUXYDP128F93234BD,Taylor Swift,Crazier,country,TRUGLTC128F4227B93,Danity Kane,Hold Me Down (Album Version),r&b/soul,4.578371875000008
covariance,1,TRKVVVK12903CB592C,Taylor Swift,Fifteen,country,TRFUJVJ128F426F2A2,Lauryn Hill,Interlude 5,r&b/soul,11.26204999999997
covariance,2,TRKVVVK12903CB592C,Taylor Swift,Fifteen,country,TRWSYHO128F4282346,Twista,I'm A Winner (Amended Album Version),hip hop,8.656643749999994
covariance,3,TRKVVVK12903CB592C,Taylor Swift,Fifteen,country,TRGLNKG128F9307689,Eminem,My Darling,hip hop,7.24413437499999
covariance,1,TRUVVME12903CBA350,Taylor Swift,Change,country,TRFUJVJ128F426F2A2,Lauryn Hill,Interlude 5,r&b/soul,4.502900000000008
covariance,2,TRUVVME12903CBA350,Taylor Swift,Change,country,TRGUCIR128F933D817,Vanilla Ice,Ice Is Workin' It,hip hop,2.8484499999999944
covariance,3,TRUVVME12903CBA350,Taylor Swift,Change,country,TRBVPVV128F425F14F,Daft Punk,Touch It / Technologic,electronic,2.8399812499999957
covariance,1,TRZGWCY12903CEF521,Toby Keith,You Can't Read My Mind,country,TRFUJVJ128F426F2A2,Lauryn Hill,Interlude 5,r&b/soul,5.690199999999984
covariance,2,TRZGWCY12903CEF521,Toby Keith,You Can't Read My Mind,country,TRWSYHO128F4282346,Twista,I'm A Winner (Amended Album Version),hip hop,4.422715625000008
covariance,3,TRZGWCY12903CEF521,Toby Keith,You Can't Read My Mind,country,TRDPGXU128F9339C2A,Beastie Boys,B-Boy Bouillabaisse: A.W.O.L. (2009 Digital Remaster),hip hop,4.422217187500005
covariance,1,TRMAVQT128F4270DBF,Johnny Cash,Man In White,country,TRFUJVJ128F426F2A2,Lauryn Hill,Interlude 5,r&b/soul,7.824200000000039
covariance,2,TRMAVQT128F4270DBF,Johnny Cash,Man In White,country,TRDPGXU128F9339C2A,Beastie Boys,B-Boy Bouillabaisse: A.W.O.L. (2009 Digital Remaster),hip hop,7.369568750000021
covariance,3,TRMAVQT128F4270DBF,Johnny Cash,Man In White,country,TRCHZXW128E079288A,Eminem,8 Mile,hip hop,5.606431249999988
covariance,1,TRWVEDL128F4293EA3,Rascal Flatts,Holes,country,TRFUJVJ128F426F2A2,Lauryn Hill,Interlude 5,r&b/soul,4.697899999999991
covariance,2,TRWVEDL128F4293EA3,Rascal Flatts,Holes,country,TRDPGXU128F9339C2A,Beastie Boys,B-Boy Bouillabaisse: A.W.O.L. (2009 Digital Remaster),hip hop,3.713301562500003
covariance,3,TRWVEDL128F4293EA3,Rascal Flatts,Holes,country,TRWSYHO128F4282346,Twista,I'm A Winner (Amended Album Version),hip hop,3.4901968750000174
covariance,1,TRTVVYX128F9328DBA,Sugarland,Baby Girl,country,TRFUJVJ128F426F2A2,Lauryn Hill,Interlude 5,r&b/soul,6.588149999999985
covariance,2,TRTVVYX128F9328DBA,Sugarland,Baby Girl,country,TRDPGXU128F9339C2A,Beastie Boys,B-Boy Bouillabaisse: A.W.O.L. (2009 Digital Remaster),hip hop,6.2219812499999705
covariance,3,TRTVVYX128F9328DBA,Sugarland,Baby Girl,country,TRWSYHO128F4282346,Twista,I'm A Winner (Amended Album Version),hip hop,5.573337500000036
covariance,1,TRTGPPK128F1459DD4,Billy Currington,Growin' Up Down There,country,TRFUJVJ128F426F2A2,Lauryn Hill,Interlude 5,r&b/soul,2.6906499999999847
covariance,2,TRTGPPK128F1459DD4,Billy Currington,Growin' Up Down There,country,TRDPGXU128F9339C2A,Beastie Boys,B-Boy Bouillabaisse: A.W.O.L. (2009 Digital Remaster),hip hop,2.6498328125000024
covariance,3,TRTGPPK128F1459DD4,Billy Currington,Growin' Up Down There,country,TRWSYHO128F4282346,Twista,I'm A Winner (Amended Album Version),hip hop,2.1551343750000154
covariance,1,TRHUIRM128F426BFD5,Billy Currington,Hangin' Around,country,TRFUJVJ128F426F2A2,Lauryn Hill,Interlude 5,r&b/soul,5.884199999999992
covariance,2,TRHUIRM128F426BFD5,Billy Currington,Hangin' Around,country,TRWSYHO128F4282346,Twista,I'm A Winner (Amended Album Version),hip hop,5.42046562500002
covariance,3,TRHUIRM128F426BFD5,Billy Currington,Hangin' Around,country,TREBGAA128E078FC52,Erykah Badu,I Want You,r&b/soul,4.41170156249998
covariance,1,TRJNTQQ128F426BFD0,Billy Currington,Here I Am,country,TRFUJVJ128F426F2A2,Lauryn Hill,Interlude 5,r&b/soul,3.4768500000000016
covariance,2,TRJNTQQ128F426BFD0,Billy Currington,Here I Am,country,TRDPGXU128F9339C2A,Beastie Boys,B-Boy Bouillabaisse: A.W.O.L. (2009 Digital Remaster),hip hop,3.2013781250000046
covariance,3,TRJNTQQ128F426BFD0,Billy Currington,Here I Am,country,TRWSYHO128F4282346,Twista,I'm A Winner (Amended Album Version),hip hop,2.937443750000018
covariance,1,TRZJCNT128F426BFCC,Billy Currington,She's Got A Way With Me,country,TRFUJVJ128F426F2A2,Lauryn Hill,Interlude 5,r&b/soul,3.085750000000007
covariance,2,TRZJCNT128F426BFCC,Billy Currington,She's Got A Way With Me,country,TRDPGXU128F9339C2A,Beastie Boys,B-Boy Bouillabaisse: A.W.O.L. (2009 Digital Remaster),hip hop,2.901664062499984
covariance,3,TRZJCNT128F426BFCC,Billy Currington,She's Got A Way With Me,country,TRANAPL128F42BA7D6,Young Jeezy,By The Way,hip hop,2.8139531249999923
covariance,1,TRPZEWS128F92F585E,Billy Currington,That's How Country Boys Roll,country,TRFUJVJ128F426F2A2,Lauryn Hill,Interlude 5,r&b/soul,3.550499999999981
covariance,2,TRPZEWS128F92F585E,Billy Currington,That's How Country Boys Roll,country,TRQAWKR128F425EEC3,Michael Jackson,Man In The Mirror,pop,2.234093749999998
covariance,3,TRPZEWS128F92F585E,Billy Currington,That's How Country Boys Roll,country,TRDPGXU128F9339C2A,Beastie Boys,B-Boy Bouillabaisse: A.W.O.L. (2009 Digital Remaster),hip hop,2.182046875000005
covariance,1,TRYPBLE128F1459DD1,Billy Currington,Where The Girls Are,country,TRFUJVJ128F426F2A2,Lauryn Hill,Interlude 5,r&b/soul,4.034299999999987
covariance,2,TRYPBLE128F1459DD1,Billy Currington,Where The Girls Are,country,TRDPGXU128F9339C2A,Beastie Boys,B-Boy Bouillabaisse: A.W.O.L. (2009 Digital Remaster),hip hop,2.5873374999999914
covariance,3,TRYPBLE128F1459DD1,Billy Currington,Where The Girls Are,country,TRGLNKG128F9307689,Eminem,My Darling,hip hop,2.1634624999999943
covariance,1,TRKVITQ128F4271B31,Johnny Cash,Daddy Sang Bass,country,TRFUJVJ128F426F2A2,Lauryn Hill,Interlude 5,r&b/soul,3.1676500000000143
covariance,2,TRKVITQ128F4271B31,Johnny Cash,Daddy Sang Bass,country,TRDPGXU128F9339C2A,Beastie Boys,B-Boy Bouillabaisse: A.W.O.L. (2009 Digital Remaster),hip hop,2.8005984374999984
covariance,3,TRKVITQ128F4271B31,Johnny Cash,Daddy Sang Bass,country,TRFLWJZ128F425C9E4,The Pharcyde,Otha Fish,hip hop,2.502570312500002
covariance,1,TRGZDBB128F4270A4C,Johnny Cash,I Don't Know Where I'm Bound,country,TRCHZXW128E079288A,Eminem,8 Mile,hip hop,4.95787187500001
covariance,2,TRGZDBB128F4270A4C,Johnny Cash,I Don't Know Where I'm Bound,country,TRDPGXU128F9339C2A,Beastie Boys,B-Boy Bouillabaisse: A.W.O.L. (2009 Digital Remaster),hip hop,4.9063781250000105
covariance,3,TRGZDBB128F4270A4C,Johnny Cash,I Don't Know Where I'm Bound,country,TROIJDA128F9341E70,R. Kelly,I Mean (I Don't Mean It),r&b/soul,4.824228124999985
covariance,1,TRMBNRH12903D02C23,Johnny Cash,I Was There When It Happened,country,TRFUJVJ128F426F2A2,Lauryn Hill,Interlude 5,r&b/soul,4.736250000000016
covariance,2,TRMBNRH12903D02C23,Johnny Cash,I Was There When It Happened,country,TRDPGXU128F9339C2A,Beastie Boys,B-Boy Bouillabaisse: A.W.O.L. (2009 Digital Remaster),hip hop,4.235312499999996
covariance,3,TRMBNRH12903D02C23,Johnny Cash,I Was There When It Happened,country,TRCHZXW128E079288A,Eminem,8 Mile,hip hop,3.9984374999999677
covariance,1,TRBXYKU128F427915D,Johnny Cash,The Big Battle,country,TRFUJVJ128F426F2A2,Lauryn Hill,Interlude 5,r&b/soul,4.424800000000016
covariance,2,TRBXYKU128F427915D,Johnny Cash,The Big Battle,country,TRDPGXU128F9339C2A,Beastie Boys,B-Boy Bouillabaisse: A.W.O.L. (2009 Digital Remaster),hip hop,3.3541499999999886
covariance,3,TRBXYKU128F427915D,Johnny Cash,The Big Battle,country,TRGLNKG128F9307689,Eminem,My Darling,hip hop,2.81214999999999
covariance,1,TRFRXGD128F42717FF,Johnny Cash,A Thing Called Love,country,TRFUJVJ128F426F2A2,Lauryn Hill,Interlude 5,r&b/soul,3.2641500000000065
covariance,2,TRFRXGD128F42717FF,Johnny Cash,A Thing Called Love,country,TRQAWKR128F425EEC3,Michael Jackson,Man In The Mirror,pop,2.4891812499999983
covariance,3,TRFRXGD128F42717FF,Johnny Cash,A Thing Called Love,country,TRDPGXU128F9339C2A,Beastie Boys,B-Boy Bouillabaisse: A.W.O.L. (2009 Digital Remaster),hip hop,2.321465624999995
covariance,1,TRYIYFG128F42603CC,Johnny Cash,You Dreamer You,country,TRFUJVJ128F426F2A2,Lauryn Hill,Interlude 5,r&b/soul,5.128499999999998
covariance,2,TRYIYFG128F42603CC,Johnny Cash,You Dreamer You,country,TRWSYHO128F4282346,Twista,I'm A Winner (Amended Album Version),hip hop,4.458187500000017
covariance,3,TRYIYFG128F42603CC,Johnny Cash,You Dreamer You,country,TREBGAA128E078FC52,Erykah Badu,I Want You,r&b/soul,3.966593749999993
covariance,1,TRQHDNY128F92E3A01,Johnny Cash,I Walk The Line,country,TRFUJVJ128F426F2A2,Lauryn Hill,Interlude 5,r&b/soul,4.338850000000008
covariance,2,TRQHDNY128F92E3A01,Johnny Cash,I Walk The Line,country,TRWSYHO128F4282346,Twista,I'm A Winner (Amended Album Version),hip hop,3.946240625000022
covariance,3,TRQHDNY128F92E3A01,Johnny Cash,I Walk The Line,country,TRDPGXU128F9339C2A,Beastie Boys,B-Boy Bouillabaisse: A.W.O.L. (2009 Digital Remaster),hip hop,3.7702296874999957
covariance,1,TRGCHXM128F429CBB9,Johnny Cash,Life's Railway To Heaven,country,TRFUJVJ128F426F2A2,Lauryn Hill,Interlude 5,r&b/soul,0.6689500000000002
covariance,2,TRGCHXM128F429CBB9,Johnny Cash,Life's Railway To Heaven,country,TRFLWJZ128F425C9E4,The Pharcyde,Otha Fish,hip hop,0.5127890624999997
covariance,3,TRGCHXM128F429CBB9,Johnny Cash,Life's Railway To Heaven,country,TRQAWKR128F425EEC3,Michael Jackson,Man In The Mirror,pop,0.506934375000001
covariance,1,TRSJGNV128F92F4124,Darius Rucker,If I Had Wings,country,TRDPGXU128F9339C2A,Beastie Boys,B-Boy Bouillabaisse: A.W.O.L. (2009 Digital Remaster),hip hop,3.4447453124999985
covariance,2,TRSJGNV128F92F4124,Darius Rucker,If I Had Wings,country,TRKLJAG128F42B31CF,Mario Vazquez,Everytime I...,r&b/soul,3.3933593750000126
covariance,3,TRSJGNV128F92F4124,Darius Rucker,If I Had Wings,country,TRFUJVJ128F426F2A2,Lauryn Hill,Interlude 5,r&b/soul,3.359600000000002
covariance,1,TRHTOYT128F429FEF4,Luke Bryan,Pray About Everything,country,TREIODJ128F9337033,Mindless Self Indulgence,Never Wanted to Dance,punk,2.5325812499999962
covariance,2,TRHTOYT128F429FEF4,Luke Bryan,Pray About Everything,country,TROIJDA128F9341E70,R. Kelly,I Mean (I Don't Mean It),r&b/soul,2.3144937499999925
covariance,3,TRHTOYT128F429FEF4,Luke Bryan,Pray About Everything,country,TRFUJVJ128F426F2A2,Lauryn Hill,Interlude 5,r&b/soul,2.21760000000001
covariance,1,TRCFFVR128F145D6DF,Keith Urban,Your Everything,country,TRFUJVJ128F426F2A2,Lauryn Hill,Interlude 5,r&b/soul,7.023399999999973
covariance,2,TRCFFVR128F145D6DF,Keith Urban,Your Everything,country,TRWSYHO128F4282346,Twista,I'm A Winner (Amended Album Version),hip hop,5.349993750000007
covariance,3,TRCFFVR128F145D6DF,Keith Urban,Your Everything,country,TRDPGXU128F9339C2A,Beastie Boys,B-Boy Bouillabaisse: A.W.O.L. (2009 Digital Remaster),hip hop,5.272028125000013
covariance,1,TRQSGEL128F4242DFC,Toby Keith,A Little Too Late,country,TRFUJVJ128F426F2A2,Lauryn Hill,Interlude 5,r&b/soul,2.8221
covariance,2,TRQSGEL128F4242DFC,Toby Keith,A Little Too Late,country,TRXHFMI128F429B2F2,Rufio,Over It (Acoustic),punk,2.1711296874999904
covariance,3,TRQSGEL128F4242DFC,Toby Keith,A Little Too Late,country,TRQAWKR128F425EEC3,Michael Jackson,Man In The Mirror,pop,2.0527718749999946
covariance,1,TRAIMRN128E0791E72,Toby Keith,Who's Your Daddy?,country,TRFUJVJ128F426F2A2,Lauryn Hill,Interlude 5,r&b/soul,4.197249999999998
covariance,2,TRAIMRN128E0791E72,Toby Keith,Who's Your Daddy?,country,TRLCWTH128F92C7F82,Marques Houston,Cancel (Album Version),r&b/soul,3.760773437500003
covariance,3,TRAIMRN128E0791E72,Toby Keith,Who's Your Daddy?,country,TRGLNKG128F9307689,Eminem,My Darling,hip hop,3.758898437499999
covariance,1,TRRSVGD128F4242DDC,Toby Keith,A Woman's Touch,country,TRFUJVJ128F426F2A2,Lauryn Hill,Interlude 5,r&b/soul,1.840049999999991
covariance,2,TRRSVGD128F4242DDC,Toby Keith,A Woman's Touch,country,TRDPGXU128F9339C2A,Beastie Boys,B-Boy Bouillabaisse: A.W.O.L. (2009 Digital Remaster),hip hop,1.807439062499995
covariance,3,TRRSVGD128F4242DDC,Toby Keith,A Woman's Touch,country,TRCHZXW128E079288A,Eminem,8 Mile,hip hop,1.3634359375000011
covariance,1,TRTXHKL128F4242DD9,Toby Keith,Big Ol' Truck,country,TRDPGXU128F9339C2A,Beastie Boys,B-Boy Bouillabaisse: A.W.O.L. (2009 Digital Remaster),hip hop,3.558859374999997
covariance,2,TRTXHKL128F4242DD9,Toby Keith,Big Ol' Truck,country,TRFUJVJ128F426F2A2,Lauryn Hill,Interlude 5,r&b/soul,3.240999999999999
covariance,3,TRTXHKL128F4242DD9,Toby Keith,Big Ol' Truck,country,TRYCBLK12903CE6A0E,Twiztid,She Ain't Afraid,hip hop,3.22201562499999
covariance,1,TRADETN128F148CF19,Toby Keith,Blue Bedroom,country,TRFUJVJ128F426F2A2,Lauryn Hill,Interlude 5,r&b/soul,4.927799999999997
covariance,2,TRADETN128F148CF19,Toby Keith,Blue Bedroom,country,TRWSYHO128F4282346,Twista,I'm A Winner (Amended Album Version),hip hop,4.305987499999999
covariance,3,TRADETN128F148CF19,Toby Keith,Blue Bedroom,country,TRGLNKG128F9307689,Eminem,My Darling,hip hop,3.657868750000006
covariance,1,TRKKXKG128E0791E74,Toby Keith,It's All Good,country,TRFUJVJ128F426F2A2,Lauryn Hill,Interlude 5,r&b/soul,4.0715500000000135
covariance,2,TRKKXKG128E0791E74,Toby Keith,It's All Good,country,TRDPGXU128F9339C2A,Beastie Boys,B-Boy Bouillabaisse: A.W.O.L. (2009 Digital Remaster),hip hop,3.3452984374999897
covariance,3,TRKKXKG128E0791E74,Toby Keith,It's All Good,country,TRGUCIR128F933D817,Vanilla Ice,Ice Is Workin' It,hip hop,2.7413374999999855
covariance,1,TRSSUAV128F148D60F,Toby Keith,Sweet,country,TRFUJVJ128F426F2A2,Lauryn Hill,Interlude 5,r&b/soul,6.796599999999996
covariance,2,TRSSUAV128F148D60F,Toby Keith,Sweet,country,TRDPGXU128F9339C2A,Beastie Boys,B-Boy Bouillabaisse: A.W.O.L. (2009 Digital Remaster),hip hop,6.561331249999998
covariance,3,TRSSUAV128F148D60F,Toby Keith,Sweet,country,TRWSYHO128F4282346,Twista,I'm A Winner (Amended Album Version),hip hop,5.82328749999996
covariance,1,TRFROET128F148CF1F,Toby Keith,You Shouldn't Kiss Me Like This,country,TRFUJVJ128F426F2A2,Lauryn Hill,Interlude 5,r&b/soul,6.622349999999992
covariance,2,TRFROET128F148CF1F,Toby Keith,You Shouldn't Kiss Me Like This,country,TRWSYHO128F4282346,Twista,I'm A Winner (Amended Album Version),hip hop,4.814740625000009
covariance,3,TRFROET128F148CF1F,Toby Keith,You Shouldn't Kiss Me Like This,country,TRDPGXU128F9339C2A,Beastie Boys,B-Boy Bouillabaisse: A.W.O.L. (2009 Digital Remaster),hip hop,4.201354687499999
covariance,1,TRFHVTT12903CF7CD9,Sara Evans,A Real Fine Place To Start,country,TRFUJVJ128F426F2A2,Lauryn Hill,Interlude 5,r&b/soul,3.414650000000001
covariance,2,TRFHVTT12903CF7CD9,Sara Evans,A Real Fine Place To Start,country,TRWSYHO128F4282346,Twista,I'm A Winner (Amended Album Version),hip hop,2.8326499999999957
covariance,3,TRFHVTT12903CF7CD9,Sara Evans,A Real Fine Place To Start,country,TREBGAA128E078FC52,Erykah Badu,I Want You,r&b/soul,2.4414499999999917
covariance,1,TRXZNNF12903CA6F9B,Kenny Rogers,Endless love,country,TRFUJVJ128F426F2A2,Lauryn Hill,Interlude 5,r&b/soul,5.504499999999999
covariance,2,TRXZNNF12903CA6F9B,Kenny Rogers,Endless love,country,TRWSYHO128F4282346,Twista,I'm A Winner (Amended Album Version),hip hop,4.587000000000021
covariance,3,TRXZNNF12903CA6F9B,Kenny Rogers,Endless love,country,TREBGAA128E078FC52,Erykah Badu,I Want You,r&b/soul,4.104750000000011
covariance,1,TRTSAUB128E07859FC,Blake Shelton,Love Gets In The Way (Album Version),country,TRWSYHO128F4282346,Twista,I'm A Winner (Amended Album Version),hip hop,4.401006249999969
covariance,2,TRTSAUB128E07859FC,Blake Shelton,Love Gets In The Way (Album Version),country,TRDPGXU128F9339C2A,Beastie Boys,B-Boy Bouillabaisse: A.W.O.L. (2009 Digital Remaster),hip hop,4.349721874999999
covariance,3,TRTSAUB128E07859FC,Blake Shelton,Love Gets In The Way (Album Version),country,TRFUJVJ128F426F2A2,Lauryn Hill,Interlude 5,r&b/soul,4.261349999999984
covariance,1,TRFMGIO128F42591F0,George Strait,I'd Like To Have That One Back,country,TRFUJVJ128F426F2A2,Lauryn Hill,Interlude 5,r&b/soul,3.851949999999986
covariance,2,TRFMGIO128F42591F0,George Strait,I'd Like To Have That One Back,country,TRDPGXU128F9339C2A,Beastie Boys,B-Boy Bouillabaisse: A.W.O.L. (2009 Digital Remaster),hip hop,3.8257875000000143
covariance,3,TRFMGIO128F42591F0,George Strait,I'd Like To Have That One Back,country,TRCHZXW128E079288A,Eminem,8 Mile,hip hop,3.558962500000028
covariance,1,TRDYUVI128E078F725,George Strait,Marina Del Rey,country,TRFUJVJ128F426F2A2,Lauryn Hill,Interlude 5,r&b/soul,2.202000000000013
covariance,2,TRDYUVI128E078F725,George Strait,Marina Del Rey,country,TRDPGXU128F9339C2A,Beastie Boys,B-Boy Bouillabaisse: A.W.O.L. (2009 Digital Remaster),hip hop,1.8528359374999943
covariance,3,TRDYUVI128E078F725,George Strait,Marina Del Rey,country,TRFLWJZ128F425C9E4,The Pharcyde,Otha Fish,hip hop,1.6361328124999988
covariance,1,TRPNLLB128F14956A5,George Strait,Milk Cow Blues,country,TRFUJVJ128F426F2A2,Lauryn Hill,Interlude 5,r&b/soul,5.035300000000005
covariance,2,TRPNLLB128F14956A5,George Strait,Milk Cow Blues,country,TRWSYHO128F4282346,Twista,I'm A Winner (Amended Album Version),hip hop,4.367081250000012
covariance,3,TRPNLLB128F14956A5,George Strait,Milk Cow Blues,country,TRDPGXU128F9339C2A,Beastie Boys,B-Boy Bouillabaisse: A.W.O.L. (2009 Digital Remaster),hip hop,4.187134374999992
covariance,1,TRTDHSB128F422B90F,Josh Turner,Another Try,country,TRDPGXU128F9339C2A,Beastie Boys,B-Boy Bouillabaisse: A.W.O.L. (2009 Digital Remaster),hip hop,3.1508015625000096
covariance,2,TRTDHSB128F422B90F,Josh Turner,Another Try,country,TRCHZXW128E079288A,Eminem,8 Mile,hip hop,3.1505734375000083
covariance,3,TRTDHSB128F422B90F,Josh Turner,Another Try,country,TRKLJAG128F42B31CF,Mario Vazquez,Everytime I...,r&b/soul,3.0305468749999873
covariance,1,TREXZYC12903CA281A,Josh Turner,As Fast As I Could,country,TRFUJVJ128F426F2A2,Lauryn Hill,Interlude 5,r&b/soul,5.582599999999982
covariance,2,TREXZYC12903CA281A,Josh Turner,As Fast As I Could,country,TRDPGXU128F9339C2A,Beastie Boys,B-Boy Bouillabaisse: A.W.O.L. (2009 Digital Remaster),hip hop,5.144721874999999
covariance,3,TREXZYC12903CA281A,Josh Turner,As Fast As I Could,country,TRWSYHO128F4282346,Twista,I'm A Winner (Amended Album Version),hip hop,5.05225624999997
covariance,1,TRDXSGX128F425F173,Daft Punk,One More Time / Aerodynamic,electronic,TRFUJVJ128F426F2A2,Lauryn Hill,Interlude 5,r&b/soul,0.9649000000000026
covariance,2,TRDXSGX128F425F173,Daft Punk,One More Time / Aerodynamic,electronic,TRUGLTC128F4227B93,Danity Kane,Hold Me Down (Album Version),r&b/soul,0.7901812499999998
covariance,3,TRDXSGX128F425F173,Daft Punk,One More Time / Aerodynamic,electronic,TRLINLH128F9346400,Black Eyed Peas,One Tribe,hip hop,0.6445875000000005
covariance,1,TREAQSX128E07818CA,Daft Punk,One More Time (Romanthony's Unplugged),electronic,TRFUJVJ128F426F2A2,Lauryn Hill,Interlude 5,r&b/soul,3.8526499999999944
covariance,2,TREAQSX128E07818CA,Daft Punk,One More Time (Romanthony's Unplugged),electronic,TRWSYHO128F4282346,Twista,I'm A Winner (Amended Album Version),hip hop,2.556431249999996
covariance,3,TREAQSX128E07818CA,Daft Punk,One More Time (Romanthony's Unplugged),electronic,TRTLIKK128E07862DA,Ja Rule,One of Us,hip hop,2.488156250000004
covariance,1,TRBVPVV128F425F14F,Daft Punk,Touch It / Technologic,electronic,TRGUCIR128F933D817,Vanilla Ice,Ice Is Workin' It,hip hop,21.57066250000017
covariance,2,TRBVPVV128F425F14F,Daft Punk,Touch It / Technologic,electronic,TRYUJAX12903CF14E7,Charley Patton,Shake It And Break It,blues,15.102706249999883
covariance,3,TRBVPVV128F425F14F,Daft Punk,Touch It / Technologic,electronic,TRHTUQC128F427D30F,Meat Loaf,If It Aint Broke Break It,rock,12.055079687500111
covariance,1,TRBROFT128F92F8769,Ke$ha,Boots &  Boys,electronic,TRFUJVJ128F426F2A2,Lauryn Hill,Interlude 5,r&b/soul,8.226550000000001
covariance,2,TRBROFT128F92F8769,Ke$ha,Boots &  Boys,electronic,TRDPGXU128F9339C2A,Beastie Boys,B-Boy Bouillabaisse: A.W.O.L. (2009 Digital Remaster),hip hop,6.408540625000001
covariance,3,TRBROFT128F92F8769,Ke$ha,Boots &  Boys,electronic,TRBEBJO128C719646B,Nelly,Splurge,hip hop,5.9341218750000255
covariance,1,TRIIWCU128F92F876A,Ke$ha,Animal,electronic,TRFUJVJ128F426F2A2,Lauryn Hill,Interlude 5,r&b/soul,3.129450000000004
covariance,2,TRIIWCU128F92F876A,Ke$ha,Animal,electronic,TRDPGXU128F9339C2A,Beastie Boys,B-Boy Bouillabaisse: A.W.O.L. (2009 Digital Remaster),hip hop,2.6888734375000105
covariance,3,TRIIWCU128F92F876A,Ke$ha,Animal,electronic,TRCHZXW128E079288A,Eminem,8 Mile,hip hop,2.327751562500009
covariance,1,TRVDAHO128F92F231E,Katy Perry,Hot N Cold (Innerpartysystem Main),electronic,TRFUJVJ128F426F2A2,Lauryn Hill,Interlude 5,r&b/soul,14.67849999999998
covariance,2,TRVDAHO128F92F231E,Katy Perry,Hot N Cold (Innerpartysystem Main),electronic,TRWSYHO128F4282346,Twista,I'm A Winner (Amended Album Version),hip hop,12.692484374999994
covariance,3,TRVDAHO128F92F231E,Katy Perry,Hot N Cold (Innerpartysystem Main),electronic,TRGLNKG128F9307689,Eminem,My Darling,hip hop,10.509835937500002
covariance,1,TRUGOGT128F92F29E9,Owl City,Captains and Cruise Ships,electronic,TRFUJVJ128F426F2A2,Lauryn Hill,Interlude 5,r&b/soul,5.16074999999998
covariance,2,TRUGOGT128F92F29E9,Owl City,Captains and Cruise Ships,electronic,TRWSYHO128F4282346,Twista,I'm A Winner (Amended Album Version),hip hop,4.5930937500000155
covariance,3,TRUGOGT128F92F29E9,Owl City,Captains and Cruise Ships,electronic,TRDPGXU128F9339C2A,Beastie Boys,B-Boy Bouillabaisse: A.W.O.L. (2009 Digital Remaster),hip hop,4.431078125000002
covariance,1,TRNEITZ128F92F29EA,Owl City,Designer Skyline,electronic,TRFUJVJ128F426F2A2,Lauryn Hill,Interlude 5,r&b/soul,1.7859500000000055
covariance,2,TRNEITZ128F92F29EA,Owl City,Designer Skyline,electronic,TRDPGXU128F9339C2A,Beastie Boys,B-Boy Bouillabaisse: A.W.O.L. (2009 Digital Remaster),hip hop,1.3514203125000064
covariance,3,TRNEITZ128F92F29EA,Owl City,Designer Skyline,electronic,TRBEBJO128C719646B,Nelly,Splurge,hip hop,0.9676359375000017
covariance,1,TRMIHFS128F92F2A01,Owl City,Early Birdie,electronic,TRFUJVJ128F426F2A2,Lauryn Hill,Interlude 5,r&b/soul,1.7679000000000014
covariance,2,TRMIHFS128F92F2A01,Owl City,Early Birdie,electronic,TRDPGXU128F9339C2A,Beastie Boys,B-Boy Bouillabaisse: A.W.O.L. (2009 Digital Remaster),hip hop,1.670723437500003
covariance,3,TRMIHFS128F92F2A01,Owl City,Early Birdie,electronic,TRWSYHO128F4282346,Twista,I'm A Winner (Amended Album Version),hip hop,1.412853125000005
covariance,1,TRDEVZQ128F931BAED,Owl City,Meteor Shower,electronic,TREBGAA128E078FC52,Erykah Badu,I Want You,r&b/soul,1.3827343750000056
covariance,2,TRDEVZQ128F931BAED,Owl City,Meteor Shower,electronic,TRDPGXU128F9339C2A,Beastie Boys,B-Boy Bouillabaisse: A.W.O.L. (2009 Digital Remaster),hip hop,1.353828124999996
covariance,3,TRDEVZQ128F931BAED,Owl City,Meteor Shower,electronic,TRFUJVJ128F426F2A2,Lauryn Hill,Interlude 5,r&b/soul,1.3387500000000023
covariance,1,TRCXWLU128F92F2A0D,Owl City,This Is The Future,electronic,TRFUJVJ128F426F2A2,Lauryn Hill,Interlude 5,r&b/soul,2.154400000000008
covariance,2,TRCXWLU128F92F2A0D,Owl City,This Is The Future,electronic,TRGLNKG128F9307689,Eminem,My Darling,hip hop,1.6073874999999995
covariance,3,TRCXWLU128F92F2A0D,Owl City,This Is The Future,electronic,TRLDRYJ128F930BBB4,Pain of Salvation,Spitfall,metal,1.462850000000003
covariance,1,TRVJTNA128F934D19D,30 Seconds To Mars,Kings and Queens (Innerpartysystem Remix Main),electronic,TRFUJVJ128F426F2A2,Lauryn Hill,Interlude 5,r&b/soul,2.2494500000000146
covariance,2,TRVJTNA128F934D19D,30 Seconds To Mars,Kings and Queens (Innerpartysystem Remix Main),electronic,TRTLIKK128E07862DA,Ja Rule,One of Us,hip hop,1.653687500000001
covariance,3,TRVJTNA128F934D19D,30 Seconds To Mars,Kings and Queens (Innerpartysystem Remix Main),electronic,TRWAMJL128F92D124B,Ladyhawke,Crazy World,electronic,1.3471500000000012
covariance,1,TRRBLPE128F9311B20,LMFAO,Bounce,electronic,TRFUJVJ128F426F2A2,Lauryn Hill,Interlude 5,r&b/soul,6.6188000000000295
covariance,2,TRRBLPE128F9311B20,LMFAO,Bounce,electronic,TRDPGXU128F9339C2A,Beastie Boys,B-Boy Bouillabaisse: A.W.O.L. (2009 Digital Remaster),hip hop,6.0382593750000275
covariance,3,TRRBLPE128F9311B20,LMFAO,Bounce,electronic,TRWSYHO128F4282346,Twista,I'm A Winner (Amended Album Version),hip hop,5.630581249999966
covariance,1,TRWQYOY128F425BD4C,Crystal Castles,Vanished,electronic,TRFUJVJ128F426F2A2,Lauryn Hill,Interlude 5,r&b/soul,4.275800000000005
covariance,2,TRWQYOY128F425BD4C,Crystal Castles,Vanished,electronic,TRDPGXU128F9339C2A,Beastie Boys,B-Boy Bouillabaisse: A.W.O.L. (2009 Digital Remaster),hip hop,3.433946874999991
covariance,3,TRWQYOY128F425BD4C,Crystal Castles,Vanished,electronic,TRGLNKG128F9307689,Eminem,My Darling,hip hop,3.1874156249999954
covariance,1,TRLLRQA128F427C709,Crystal Castles,Xxzxcuzx,electronic,TRFUJVJ128F426F2A2,Lauryn Hill,Interlude 5,r&b/soul,1.6719000000000057
covariance,2,TRLLRQA128F427C709,Crystal Castles,Xxzxcuzx,electronic,TRDPGXU128F9339C2A,Beastie Boys,B-Boy Bouillabaisse: A.W.O.L. (2009 Digital Remaster),hip hop,0.9240124999999989
covariance,3,TRLLRQA128F427C709,Crystal Castles,Xxzxcuzx,electronic,TRWSYHO128F4282346,Twista,I'm A Winner (Amended Album Version),hip hop,0.8605250000000007
covariance,1,TRDFWPG128F148D4DF,Madonna,Die Another Day [Live],electronic,TRKLJAG128F42B31CF,Mario Vazquez,Everytime I...,r&b/soul,8.235859375000041
covariance,2,TRDFWPG128F148D4DF,Madonna,Die Another Day [Live],electronic,TRCHZXW128E079288A,Eminem,8 Mile,hip hop,7.93255468749998
covariance,3,TRDFWPG128F148D4DF,Madonna,Die Another Day [Live],electronic,TRDPGXU128F9339C2A,Beastie Boys,B-Boy Bouillabaisse: A.W.O.L. (2009 Digital Remaster),hip hop,7.651820312500025
covariance,1,TRVWMWN128E0788952,The Smashing Pumpkins,Perfect (Nellee Hooper Instrumental),electronic,TRFUJVJ128F426F2A2,Lauryn Hill,Interlude 5,r&b/soul,3.2063999999999937
covariance,2,TRVWMWN128E0788952,The Smashing Pumpkins,Perfect (Nellee Hooper Instrumental),electronic,TREBGAA128E078FC52,Erykah Badu,I Want You,r&b/soul,1.955918749999994
covariance,3,TRVWMWN128E0788952,The Smashing Pumpkins,Perfect (Nellee Hooper Instrumental),electronic,TRWSYHO128F4282346,Twista,I'm A Winner (Amended Album Version),hip hop,1.936587500000004
covariance,1,TRDHPGJ128F4289C44,Kylie Minogue,Love At First Sight (The Scumfrog's Beauty And The Beast Vocal Edit),electronic,TRFUJVJ128F426F2A2,Lauryn Hill,Interlude 5,r&b/soul,5.1286999999999985
covariance,2,TRDHPGJ128F4289C44,Kylie Minogue,Love At First Sight (The Scumfrog's Beauty And The Beast Vocal Edit),electronic,TRWSYHO128F4282346,Twista,I'm A Winner (Amended Album Version),hip hop,3.630200000000008
covariance,3,TRDHPGJ128F4289C44,Kylie Minogue,Love At First Sight (The Scumfrog's Beauty And The Beast Vocal Edit),electronic,TRDPGXU128F9339C2A,Beastie Boys,B-Boy Bouillabaisse: A.W.O.L. (2009 Digital Remaster),hip hop,3.3863500000000055
covariance,1,TRFSQXF128F9311B25,LMFAO,I Am Not A Whore,electronic,TRCHZXW128E079288A,Eminem,8 Mile,hip hop,6.265168749999989
covariance,2,TRFSQXF128F9311B25,LMFAO,I Am Not A Whore,electronic,TRXHFMI128F429B2F2,Rufio,Over It (Acoustic),punk,5.887106249999985
covariance,3,TRFSQXF128F9311B25,LMFAO,I Am Not A Whore,electronic,TRKLJAG128F42B31CF,Mario Vazquez,Everytime I...,r&b/soul,5.760937499999992
covariance,1,TRXACXM12903CEC365,Cascada,Fever,electronic,TRBVPVV128F425F14F,Daft Punk,Touch It / Technologic,electronic,6.815512499999974
covariance,2,TRXACXM12903CEC365,Cascada,Fever,electronic,TRWSYHO128F4282346,Twista,I'm A Winner (Amended Album Version),hip hop,6.394774999999973
covariance,3,TRXACXM12903CEC365,Cascada,Fever,electronic,TRGUCIR128F933D817,Vanilla Ice,Ice Is Workin' It,hip hop,6.1081999999999494
covariance,1,TRWWVGC12903CB5C50,Depeche Mode,Freestate,electronic,TRLCWTH128F92C7F82,Marques Houston,Cancel (Album Version),r&b/soul,1.710481249999999
covariance,2,TRWWVGC12903CB5C50,Depeche Mode,Freestate,electronic,TRCDMRL12903CB105C,Fatboy Slim,Acid 8000,electronic,1.6740437499999998
covariance,3,TRWWVGC12903CB5C50,Depeche Mode,Freestate,electronic,TRUEPSG128F149639E,Stevie Wonder,All Day Sucker,r&b/soul,1.224475
covariance,1,TRYIJWH128F146948C,Depeche Mode,Personal Jesus,electronic,TRFUJVJ128F426F2A2,Lauryn Hill,Interlude 5,r&b/soul,3.24469999999999
covariance,2,TRYIJWH128F146948C,Depeche Mode,Personal Jesus,electronic,TRGLNKG128F9307689,Eminem,My Darling,hip hop,2.3235374999999876
covariance,3,TRYIJWH128F146948C,Depeche Mode,Personal Jesus,electronic,TRDPGXU128F9339C2A,Beastie Boys,B-Boy Bouillabaisse: A.W.O.L. (2009 Digital Remaster),hip hop,2.1884125000000036
covariance,1,TRDIAZY12903CB6532,Gorillaz,Broken,electronic,TRFUJVJ128F426F2A2,Lauryn Hill,Interlude 5,r&b/soul,1.8764000000000038
covariance,2,TRDIAZY12903CB6532,Gorillaz,Broken,electronic,TRWSYHO128F4282346,Twista,I'm A Winner (Amended Album Version),hip hop,1.4053375000000035
covariance,3,TRDIAZY12903CB6532,Gorillaz,Broken,electronic,TRDPGXU128F9339C2A,Beastie Boys,B-Boy Bouillabaisse: A.W.O.L. (2009 Digital Remaster),hip hop,1.3636062499999972
covariance,1,TRTUJAL128F423E18D,Gorillaz,Kids With Guns (Quiet Village Remix),electronic,TRBVPVV128F425F14F,Daft Punk,Touch It / Technologic,electronic,8.053109375000005
covariance,2,TRTUJAL128F423E18D,Gorillaz,Kids With Guns (Quiet Village Remix),electronic,TRGUCIR128F933D817,Vanilla Ice,Ice Is Workin' It,hip hop,6.657874999999946
covariance,3,TRTUJAL128F423E18D,Gorillaz,Kids With Guns (Quiet Village Remix),electronic,TRYUJAX12903CF14E7,Charley Patton,Shake It And Break It,blues,4.654562500000036
covariance,1,TRBTXNE12903CB6528,Gorillaz,Rhinestone Eyes,electronic,TRFUJVJ128F426F2A2,Lauryn Hill,Interlude 5,r&b/soul,2.8935999999999935
covariance,2,TRBTXNE12903CB6528,Gorillaz,Rhinestone Eyes,electronic,TRDPGXU128F9339C2A,Beastie Boys,B-Boy Bouillabaisse: A.W.O.L. (2009 Digital Remaster),hip hop,2.393776562500003
covariance,3,TRBTXNE12903CB6528,Gorillaz,Rhinestone Eyes,electronic,TRFLWJZ128F425C9E4,The Pharcyde,Otha Fish,hip hop,2.2043046875000116
covariance,1,TRKQRSQ128F92D5134,The Prodigy,Invaders Must Die,electronic,TREENUC12903CBE042,Fler,NDW 2005,hip hop,0.5137875000000001
covariance,2,TRKQRSQ128F92D5134,The Prodigy,Invaders Must Die,electronic,TRJTYVS128F9354DB0,ARRESTED DEVELOPMENT,Stand,r&b/soul,0.4798874999999994
covariance,3,TRKQRSQ128F92D5134,The Prodigy,Invaders Must Die,electronic,TRDTODK128F1458778,UB40,The Earth Dies Screaming,reggae,0.379600000000001
covariance,1,TRBFVAA128F423C356,The Prodigy,Wake Up Call (Album Version),electronic,TRFUJVJ128F426F2A2,Lauryn Hill,Interlude 5,r&b/soul,0.883850000000001
covariance,2,TRBFVAA128F423C356,The Prodigy,Wake Up Call (Album Version),electronic,TRWSYHO128F4282346,Twista,I'm A Winner (Amended Album Version),hip hop,0.7441312500000004
covariance,3,TRBFVAA128F423C356,The Prodigy,Wake Up Call (Album Version),electronic,TRHGZOJ128F14A2ED0,The Simpsons,Do The Bartman,hip hop,0.6441062499999961
covariance,1,TRFSCLD12903CD213F,The Prodigy,We Gonna Rock,electronic,TRCXMEY12903CD1FB6,Apollo 440,Stop The Rock,electronic,6.898875000000023
covariance,2,TRFSCLD12903CD213F,The Prodigy,We Gonna Rock,electronic,TRCETEN128F42AD6D0,Bowling For Soup,Here We Go,punk,6.355949999999982
covariance,3,TRFSCLD12903CD213F,The Prodigy,We Gonna Rock,electronic,TREXCMT128F933D825,Vanilla Ice,It's A Party,hip hop,5.364850000000001
covariance,1,TRZTQEP128E0792526,Nine Inch Nails,The Great Collapse,electronic,TRFUJVJ128F426F2A2,Lauryn Hill,Interlude 5,r&b/soul,1.865149999999994
covariance,2,TRZTQEP128E0792526,Nine Inch Nails,The Great Collapse,electronic,TRGUCIR128F933D817,Vanilla Ice,Ice Is Workin' It,hip hop,1.3242624999999988
covariance,3,TRZTQEP128E0792526,Nine Inch Nails,The Great Collapse,electronic,TRBVPVV128F425F14F,Daft Punk,Touch It / Technologic,electronic,1.305754687499996
covariance,1,TRLTFVP128E0782B34,Duran Duran,Electric Barbarella (Radio Edit),electronic,TRFUJVJ128F426F2A2,Lauryn Hill,Interlude 5,r&b/soul,4.690850000000015
covariance,2,TRLTFVP128E0782B34,Duran Duran,Electric Barbarella (Radio Edit),electronic,TRWSYHO128F4282346,Twista,I'm A Winner (Amended Album Version),hip hop,3.621287500000003
covariance,3,TRLTFVP128E0782B34,Duran Duran,Electric Barbarella (Radio Edit),electronic,TRDPGXU128F9339C2A,Beastie Boys,B-Boy Bouillabaisse: A.W.O.L. (2009 Digital Remaster),hip hop,3.129081250000007
covariance,1,TRFVWXW128F931A0E9,Björk,Pluto,electronic,TRCHZXW128E079288A,Eminem,8 Mile,hip hop,0.5768562500000026
covariance,2,TRFVWXW128F931A0E9,Björk,Pluto,electronic,TRFUJVJ128F426F2A2,Lauryn Hill,Interlude 5,r&b/soul,0.5168499999999986
covariance,3,TRFVWXW128F931A0E9,Björk,Pluto,electronic,TRKLJAG128F42B31CF,Mario Vazquez,Everytime I...,r&b/soul,0.48281249999999515
covariance,1,TRKQQMW128F92D54DF,Empire Of The Sun,Delta Bay,electronic,TRFLWJZ128F425C9E4,The Pharcyde,Otha Fish,hip hop,1.7289609375000068
covariance,2,TRKQQMW128F92D54DF,Empire Of The Sun,Delta Bay,electronic,TRWSYHO128F4282346,Twista,I'm A Winner (Amended Album Version),hip hop,1.543059375000003
covariance,3,TRKQQMW128F92D54DF,Empire Of The Sun,Delta Bay,electronic,TRDPGXU128F9339C2A,Beastie Boys,B-Boy Bouillabaisse: A.W.O.L. (2009 Digital Remaster),hip hop,1.5250453125000019
covariance,1,TRFYMPB128F93100C0,Empire Of The Sun,We Are The People (Shazam Remix),electronic,TRFUJVJ128F426F2A2,Lauryn Hill,Interlude 5,r&b/soul,10.146149999999972
covariance,2,TRFYMPB128F93100C0,Empire Of The Sun,We Are The People (Shazam Remix),electronic,TRWSYHO128F4282346,Twista,I'm A Winner (Amended Album Version),hip hop,8.487196875000038
covariance,3,TRFYMPB128F93100C0,Empire Of The Sun,We Are The People (Shazam Remix),electronic,TREBGAA128E078FC52,Erykah Badu,I Want You,r&b/soul,7.592629687500014
covariance,1,TRBCSDW128F424D686,The Maine,You Left Me,electronic,TRFUJVJ128F426F2A2,Lauryn Hill,Interlude 5,r&b/soul,10.692400000000006
covariance,2,TRBCSDW128F424D686,The Maine,You Left Me,electronic,TRUGLTC128F4227B93,Danity Kane,Hold Me Down (Album Version),r&b/soul,10.058853125000006
covariance,3,TRBCSDW128F424D686,The Maine,You Left Me,electronic,TRVLIZK128F428845E,Five,That's What You Told Me,pop,9.512706250000013
covariance,1,TRRXQJA128F1472A56,Hot Chip,The Warning,electronic,TRWSYHO128F4282346,Twista,I'm A Winner (Amended Album Version),hip hop,4.505087500000013
covariance,2,TRRXQJA128F1472A56,Hot Chip,The Warning,electronic,TRFUJVJ128F426F2A2,Lauryn Hill,Interlude 5,r&b/soul,4.186149999999989
covariance,3,TRRXQJA128F1472A56,Hot Chip,The Warning,electronic,TRDPGXU128F9339C2A,Beastie Boys,B-Boy Bouillabaisse: A.W.O.L. (2009 Digital Remaster),hip hop,4.030981250000007
covariance,1,TRMDYBW128F14A17E8,Enter Shikari,Keep It On Ice,electronic,TRDPGXU128F9339C2A,Beastie Boys,B-Boy Bouillabaisse: A.W.O.L. (2009 Digital Remaster),hip hop,1.6228546874999912
covariance,2,TRMDYBW128F14A17E8,Enter Shikari,Keep It On Ice,electronic,TRCDMRL12903CB105C,Fatboy Slim,Acid 8000,electronic,1.4746671875
covariance,3,TRMDYBW128F14A17E8,Enter Shikari,Keep It On Ice,electronic,TRHNOMB12903CB2544,Life Without Buildings,New Town,rock,1.4595109375000004
covariance,1,TRCNUNL128F93437CF,Enter Shikari,The Jester,electronic,TRFUJVJ128F426F2A2,Lauryn Hill,Interlude 5,r&b/soul,4.008749999999994
covariance,2,TRCNUNL128F93437CF,Enter Shikari,The Jester,electronic,TRDPGXU128F9339C2A,Beastie Boys,B-Boy Bouillabaisse: A.W.O.L. (2009 Digital Remaster),hip hop,2.9058984374999914
covariance,3,TRCNUNL128F93437CF,Enter Shikari,The Jester,electronic,TRWSYHO128F4282346,Twista,I'm A Winner (Amended Album Version),hip hop,2.635703125000019
covariance,1,TRIPJIJ128F1453AE0,Enya,Lazy Days,electronic,TRFUJVJ128F426F2A2,Lauryn Hill,Interlude 5,r&b/soul,1.402799999999999
covariance,2,TRIPJIJ128F1453AE0,Enya,Lazy Days,electronic,TRGUCIR128F933D817,Vanilla Ice,Ice Is Workin' It,hip hop,1.4004000000000076
covariance,3,TRIPJIJ128F1453AE0,Enya,Lazy Days,electronic,TRBVPVV128F425F14F,Daft Punk,Touch It / Technologic,electronic,1.3718999999999957
covariance,1,TRPLRVY128F1473EBE,Enya,Someone Said Goodbye,electronic,TRFUJVJ128F426F2A2,Lauryn Hill,Interlude 5,r&b/soul,5.114150000000004
covariance,2,TRPLRVY128F1473EBE,Enya,Someone Said Goodbye,electronic,TREBGAA128E078FC52,Erykah Badu,I Want You,r&b/soul,3.6867468750000096
covariance,3,TRPLRVY128F1473EBE,Enya,Someone Said Goodbye,electronic,TRWSYHO128F4282346,Twista,I'm A Winner (Amended Album Version),hip hop,3.4926187499999934
covariance,1,TRWPUDX128F148F907,Enya,The Magic Of The Night,electronic,TRFUJVJ128F426F2A2,Lauryn Hill,Interlude 5,r&b/soul,1.7303000000000006
covariance,2,TRWPUDX128F148F907,Enya,The Magic Of The Night,electronic,TRFLWJZ128F425C9E4,The Pharcyde,Otha Fish,hip hop,1.5213515625000094
covariance,3,TRWPUDX128F148F907,Enya,The Magic Of The Night,electronic,TRWSYHO128F4282346,Twista,I'm A Winner (Amended Album Version),hip hop,1.5085656250000021
covariance,1,TRZQTSM128F9328120,Bruce Springsteen,Gave It A Name,folk,TRFUJVJ128F426F2A2,Lauryn Hill,Interlude 5,r&b/soul,1.2161500000000036
covariance,2,TRZQTSM128F9328120,Bruce Springsteen,Gave It A Name,folk,TRGUCIR128F933D817,Vanilla Ice,Ice Is Workin' It,hip hop,1.1366375000000075
covariance,3,TRZQTSM128F9328120,Bruce Springsteen,Gave It A Name,folk,TRBVPVV128F425F14F,Daft Punk,Touch It / Technologic,electronic,1.129770312500002
covariance,1,TRNZCWJ128F427099F,Johnny Cash,The Vanishing Race,folk,TRDPGXU128F9339C2A,Beastie Boys,B-Boy Bouillabaisse: A.W.O.L. (2009 Digital Remaster),hip hop,1.9430437499999946
covariance,2,TRNZCWJ128F427099F,Johnny Cash,The Vanishing Race,folk,TRFUJVJ128F426F2A2,Lauryn Hill,Interlude 5,r&b/soul,1.8483999999999887
covariance,3,TRNZCWJ128F427099F,Johnny Cash,The Vanishing Race,folk,TRCHZXW128E079288A,Eminem,8 Mile,hip hop,1.2902062499999927
covariance,1,TRJQRAP128F9314B3F,John Mayer,All We Ever Do Is Say Goodbye,folk,TRFUJVJ128F426F2A2,Lauryn Hill,Interlude 5,r&b/soul,4.578000000000004
covariance,2,TRJQRAP128F9314B3F,John Mayer,All We Ever Do Is Say Goodbye,folk,TREBGAA128E078FC52,Erykah Badu,I Want You,r&b/soul,3.7957578125000153
covariance,3,TRJQRAP128F9314B3F,John Mayer,All We Ever Do Is Say Goodbye,folk,TRPZAPZ128F9341D3E,R. Kelly,Don't You Say No,r&b/soul,3.0388046874999977
covariance,1,TRETJUU128F426402A,John Mayer,Clarity,folk,TROIJDA128F9341E70,R. Kelly,I Mean (I Don't Mean It),r&b/soul,4.050003125000022
covariance,2,TRETJUU128F426402A,John Mayer,Clarity,folk,TRDPGXU128F9339C2A,Beastie Boys,B-Boy Bouillabaisse: A.W.O.L. (2009 Digital Remaster),hip hop,3.7490531250000116
covariance,3,TRETJUU128F426402A,John Mayer,Clarity,folk,TRFUJVJ128F426F2A2,Lauryn Hill,Interlude 5,r&b/soul,3.64520000000001
covariance,1,TRNOUUF128F4280B8D,John Mayer,Why Georgia,folk,TRCHZXW128E079288A,Eminem,8 Mile,hip hop,4.407549999999977
covariance,2,TRNOUUF128F4280B8D,John Mayer,Why Georgia,folk,TRXHFMI128F429B2F2,Rufio,Over It (Acoustic),punk,4.329050000000006
covariance,3,TRNOUUF128F4280B8D,John Mayer,Why Georgia,folk,TRDPGXU128F9339C2A,Beastie Boys,B-Boy Bouillabaisse: A.W.O.L. (2009 Digital Remaster),hip hop,4.201949999999981
covariance,1,TREKVTY128E0784BA3,Jack Johnson,Mudfootball (For Moe Lerner),folk,TRFUJVJ128F426F2A2,Lauryn Hill,Interlude 5,r&b/soul,2.5309500000000065
covariance,2,TREKVTY128E0784BA3,Jack Johnson,Mudfootball (For Moe Lerner),folk,TRDPGXU128F9339C2A,Beastie Boys,B-Boy Bouillabaisse: A.W.O.L. (2009 Digital Remaster),hip hop,1.5347406250000004
covariance,3,TREKVTY128E0784BA3,Jack Johnson,Mudfootball (For Moe Lerner),folk,TRQAWKR128F425EEC3,Michael Jackson,Man In The Mirror,pop,1.3269812500000027
covariance,1,TRYNAAP128F427EF64,Sufjan Stevens,Sister Winter,folk,TRFUJVJ128F426F2A2,Lauryn Hill,Interlude 5,r&b/soul,4.274549999999998
covariance,2,TRYNAAP128F427EF64,Sufjan Stevens,Sister Winter,folk,TRDPGXU128F9339C2A,Beastie Boys,B-Boy Bouillabaisse: A.W.O.L. (2009 Digital Remaster),hip hop,4.07129062500001
covariance,3,TRYNAAP128F427EF64,Sufjan Stevens,Sister Winter,folk,TRWSYHO128F4282346,Twista,I'm A Winner (Amended Album Version),hip hop,4.031018749999978
covariance,1,TRFMWVJ128E0791E70,Rufus Wainwright,In A Graveyard,folk,TRFUJVJ128F426F2A2,Lauryn Hill,Interlude 5,r&b/soul,0.6466499999999996
covariance,2,TRFMWVJ128E0791E70,Rufus Wainwright,In A Graveyard,folk,TRTLIKK128E07862DA,Ja Rule,One of Us,hip hop,0.6039374999999996
covariance,3,TRFMWVJ128E0791E70,Rufus Wainwright,In A Graveyard,folk,TRDPGXU128F9339C2A,Beastie Boys,B-Boy Bouillabaisse: A.W.O.L. (2009 Digital Remaster),hip hop,0.4762312500000019
covariance,1,TRLTTDC128E079380E,Rufus Wainwright,Baby,folk,TRFUJVJ128F426F2A2,Lauryn Hill,Interlude 5,r&b/soul,6.60674999999997
covariance,2,TRLTTDC128E079380E,Rufus Wainwright,Baby,folk,TRWSYHO128F4282346,Twista,I'm A Winner (Amended Album Version),hip hop,6.084328124999972
covariance,3,TRLTTDC128E079380E,Rufus Wainwright,Baby,folk,TREBGAA128E078FC52,Erykah Badu,I Want You,r&b/soul,5.835757812499966
covariance,1,TRUCWXA128F92E4944,Edward Sharpe & The Magnetic Zeros,Janglin,folk,TRFUJVJ128F426F2A2,Lauryn Hill,Interlude 5,r&b/soul,1.8638000000000046
covariance,2,TRUCWXA128F92E4944,Edward Sharpe & The Magnetic Zeros,Janglin,folk,TRFSCLD12903CD213F,The Prodigy,We Gonna Rock,electronic,1.2522249999999981
covariance,3,TRUCWXA128F92E4944,Edward Sharpe & The Magnetic Zeros,Janglin,folk,TRGLNKG128F9307689,Eminem,My Darling,hip hop,1.1724703125000027
covariance,1,TRGQBAX128F426EFCA,Bob Dylan,Ballad In Plain D,folk,TRDPGXU128F9339C2A,Beastie Boys,B-Boy Bouillabaisse: A.W.O.L. (2009 Digital Remaster),hip hop,4.83518281250003
covariance,2,TRGQBAX128F426EFCA,Bob Dylan,Ballad In Plain D,folk,TRFUJVJ128F426F2A2,Lauryn Hill,Interlude 5,r&b/soul,4.779849999999995
covariance,3,TRGQBAX128F426EFCA,Bob Dylan,Ballad In Plain D,folk,TRCHZXW128E079288A,Eminem,8 Mile,hip hop,3.9834421874999832
covariance,1,TRGSDTP128F92F76D1,Bob Dylan,One Of Us Must Know (Sooner Or Later),folk,TRFUJVJ128F426F2A2,Lauryn Hill,Interlude 5,r&b/soul,10.124949999999988
covariance,2,TRGSDTP128F92F76D1,Bob Dylan,One Of Us Must Know (Sooner Or Later),folk,TRWSYHO128F4282346,Twista,I'm A Winner (Amended Album Version),hip hop,8.106371874999963
covariance,3,TRGSDTP128F92F76D1,Bob Dylan,One Of Us Must Know (Sooner Or Later),folk,TREBGAA128E078FC52,Erykah Badu,I Want You,r&b/soul,6.842467187499985
covariance,1,TRMRMTN128F92D426F,James Taylor,It's Growing,folk,TRFUJVJ128F426F2A2,Lauryn Hill,Interlude 5,r&b/soul,6.285200000000014
covariance,2,TRMRMTN128F92D426F,James Taylor,It's Growing,folk,TRBVPVV128F425F14F,Daft Punk,Touch It / Technologic,electronic,4.981748437499967
covariance,3,TRMRMTN128F92D426F,James Taylor,It's Growing,folk,TRGUCIR128F933D817,Vanilla Ice,Ice Is Workin' It,hip hop,4.758912499999984
covariance,1,TRDFPTZ128F14B108C,James Taylor,Oh_ Susannah (LP Version),folk,TRDPGXU128F9339C2A,Beastie Boys,B-Boy Bouillabaisse: A.W.O.L. (2009 Digital Remaster),hip hop,2.8988968749999935
covariance,2,TRDFPTZ128F14B108C,James Taylor,Oh_ Susannah (LP Version),folk,TRFUJVJ128F426F2A2,Lauryn Hill,Interlude 5,r&b/soul,2.7002000000000033
covariance,3,TRDFPTZ128F14B108C,James Taylor,Oh_ Susannah (LP Version),folk,TRWSYHO128F4282346,Twista,I'm A Winner (Amended Album Version),hip hop,2.461856249999984
covariance,1,TROZEMN128F4262CCA,James Taylor,Something In The Way She Moves,folk,TRFUJVJ128F426F2A2,Lauryn Hill,Interlude 5,r&b/soul,5.286299999999995
covariance,2,TROZEMN128F4262CCA,James Taylor,Something In The Way She Moves,folk,TRDPGXU128F9339C2A,Beastie Boys,B-Boy Bouillabaisse: A.W.O.L. (2009 Digital Remaster),hip hop,4.253845312499989
covariance,3,TROZEMN128F4262CCA,James Taylor,Something In The Way She Moves,folk,TRYCBLK12903CE6A0E,Twiztid,She Ain't Afraid,hip hop,3.7147921874999987
covariance,1,TRGAZWQ12903CB0BA9,David Gray,Draw The Line,folk,TRFUJVJ128F426F2A2,Lauryn Hill,Interlude 5,r&b/soul,1.4506999999999994
covariance,2,TRGAZWQ12903CB0BA9,David Gray,Draw The Line,folk,TRDPGXU128F9339C2A,Beastie Boys,B-Boy Bouillabaisse: A.W.O.L. (2009 Digital Remaster),hip hop,1.1507093750000033
covariance,3,TRGAZWQ12903CB0BA9,David Gray,Draw The Line,folk,TRLCWTH128F92C7F82,Marques Houston,Cancel (Album Version),r&b/soul,1.122553125000001
covariance,1,TRSNACX128E078AA88,David Gray,Sail Away,folk,TREZBFM128F428508A,Fatboy Slim,The Rockafeller Skank,electronic,5.172749999999991
covariance,2,TRSNACX128E078AA88,David Gray,Sail Away,folk,TRFUJVJ128F426F2A2,Lauryn Hill,Interlude 5,r&b/soul,4.259699999999998
covariance,3,TRSNACX128E078AA88,David Gray,Sail Away,folk,TRUGLTC128F4227B93,Danity Kane,Hold Me Down (Album Version),r&b/soul,4.22351250000002
covariance,1,TRXCQOC12903CB0BBA,David Gray,Stella The Artist,folk,TRFUJVJ128F426F2A2,Lauryn Hill,Interlude 5,r&b/soul,1.7748499999999978
covariance,2,TRXCQOC12903CB0BBA,David Gray,Stella The Artist,folk,TRDPGXU128F9339C2A,Beastie Boys,B-Boy Bouillabaisse: A.W.O.L. (2009 Digital Remaster),hip hop,1.3705343749999976
covariance,3,TRXCQOC12903CB0BBA,David Gray,Stella The Artist,folk,TRYCBLK12903CE6A0E,Twiztid,She Ain't Afraid,hip hop,1.111990625000003
covariance,1,TRPGPVH128F429B2F0,Rise Against,Swing Life Away (Acoustic),folk,TRFUJVJ128F426F2A2,Lauryn Hill,Interlude 5,r&b/soul,5.133599999999996
covariance,2,TRPGPVH128F429B2F0,Rise Against,Swing Life Away (Acoustic),folk,TRDPGXU128F9339C2A,Beastie Boys,B-Boy Bouillabaisse: A.W.O.L. (2009 Digital Remaster),hip hop,4.223854687499993
covariance,3,TRPGPVH128F429B2F0,Rise Against,Swing Life Away (Acoustic),folk,TRWSYHO128F4282346,Twista,I'm A Winner (Amended Album Version),hip hop,3.9997406250000087
covariance,1,TRHLRGU128F42643FB,Bob Dylan,Billy 4,folk,TRFUJVJ128F426F2A2,Lauryn Hill,Interlude 5,r&b/soul,3.259649999999998
covariance,2,TRHLRGU128F42643FB,Bob Dylan,Billy 4,folk,TRWSYHO128F4282346,Twista,I'm A Winner (Amended Album Version),hip hop,2.7025718749999954
covariance,3,TRHLRGU128F42643FB,Bob Dylan,Billy 4,folk,TRLDRYJ128F930BBB4,Pain of Salvation,Spitfall,metal,2.424943750000003
covariance,1,TRFCCKL128F426EE8E,Bob Dylan,Stuck Inside Of Mobile With The Memphis Blues Again,folk,TRFUJVJ128F426F2A2,Lauryn Hill,Interlude 5,r&b/soul,7.9202999999999895
covariance,2,TRFCCKL128F426EE8E,Bob Dylan,Stuck Inside Of Mobile With The Memphis Blues Again,folk,TRDPGXU128F9339C2A,Beastie Boys,B-Boy Bouillabaisse: A.W.O.L. (2009 Digital Remaster),hip hop,6.113775000000015
covariance,3,TRFCCKL128F426EE8E,Bob Dylan,Stuck Inside Of Mobile With The Memphis Blues Again,folk,TRWSYHO128F4282346,Twista,I'm A Winner (Amended Album Version),hip hop,4.953800000000013
covariance,1,TRGOYOU128F93223F2,Bob Dylan,Pretty Peggy-O,folk,TRFUJVJ128F426F2A2,Lauryn Hill,Interlude 5,r&b/soul,1.5023999999999984
covariance,2,TRGOYOU128F93223F2,Bob Dylan,Pretty Peggy-O,folk,TRLCWTH128F92C7F82,Marques Houston,Cancel (Album Version),r&b/soul,1.2677546874999992
covariance,3,TRGOYOU128F93223F2,Bob Dylan,Pretty Peggy-O,folk,TRGLNKG128F9307689,Eminem,My Darling,hip hop,1.2371296875000013
covariance,1,TROMGSH128F427A408,Bob Dylan,She Belongs To Me,folk,TRYCBLK12903CE6A0E,Twiztid,She Ain't Afraid,hip hop,1.9734218750000054
covariance,2,TROMGSH128F427A408,Bob Dylan,She Belongs To Me,folk,TRAUNHR128F92DBBC1,UGK (Underground Kingz),She Luv It,hip hop,1.8754999999999973
covariance,3,TROMGSH128F427A408,Bob Dylan,She Belongs To Me,folk,TRXJTJZ128F4295464,The Corrs,Queen Of Hollywood ( LP Version ),pop,1.753343750000003
covariance,1,TRFBWEC128F42B8346,Bob Dylan,When The Deal Goes Down,folk,TRFUJVJ128F426F2A2,Lauryn Hill,Interlude 5,r&b/soul,5.171899999999989
covariance,2,TRFBWEC128F42B8346,Bob Dylan,When The Deal Goes Down,folk,TRDPGXU128F9339C2A,Beastie Boys,B-Boy Bouillabaisse: A.W.O.L. (2009 Digital Remaster),hip hop,3.8723328124999963
covariance,3,TRFBWEC128F42B8346,Bob Dylan,When The Deal Goes Down,folk,TRWSYHO128F4282346,Twista,I'm A Winner (Amended Album Version),hip hop,3.6063843750000166
covariance,1,TRDVYVJ128F426F7C0,Bob Dylan,With God On Our Side,folk,TRFUJVJ128F426F2A2,Lauryn Hill,Interlude 5,r&b/soul,4.385550000000027
covariance,2,TRDVYVJ128F426F7C0,Bob Dylan,With God On Our Side,folk,TRDPGXU128F9339C2A,Beastie Boys,B-Boy Bouillabaisse: A.W.O.L. (2009 Digital Remaster),hip hop,4.044329687499984
covariance,3,TRDVYVJ128F426F7C0,Bob Dylan,With God On Our Side,folk,TRGUCIR128F933D817,Vanilla Ice,Ice Is Workin' It,hip hop,3.2195875000000003
covariance,1,TREKVGV128E0788976,The Smashing Pumpkins,Terrapin,folk,TRFUJVJ128F426F2A2,Lauryn Hill,Interlude 5,r&b/soul,3.4774500000000006
covariance,2,TREKVGV128E0788976,The Smashing Pumpkins,Terrapin,folk,TRWSYHO128F4282346,Twista,I'm A Winner (Amended Album Version),hip hop,2.9781687500000067
covariance,3,TREKVGV128E0788976,The Smashing Pumpkins,Terrapin,folk,TREBGAA128E078FC52,Erykah Badu,I Want You,r&b/soul,2.8703968750000093
covariance,1,TRUUBKE128F426F5C0,James Taylor,On The 4th of July,folk,TRFUJVJ128F426F2A2,Lauryn Hill,Interlude 5,r&b/soul,3.494500000000014
covariance,2,TRUUBKE128F426F5C0,James Taylor,On The 4th of July,folk,TRTLIKK128E07862DA,Ja Rule,One of Us,hip hop,2.401484374999999
covariance,3,TRUUBKE128F426F5C0,James Taylor,On The 4th of July,folk,TRDPGXU128F9339C2A,Beastie Boys,B-Boy Bouillabaisse: A.W.O.L. (2009 Digital Remaster),hip hop,2.369164062500008
covariance,1,TRJZYIT128F426D5BE,James Taylor,Company Man,folk,TRFUJVJ128F426F2A2,Lauryn Hill,Interlude 5,r&b/soul,5.140200000000008
covariance,2,TRJZYIT128F426D5BE,James Taylor,Company Man,folk,TRWSYHO128F4282346,Twista,I'm A Winner (Amended Album Version),hip hop,4.190449999999997
covariance,3,TRJZYIT128F426D5BE,James Taylor,Company Man,folk,TRQAWKR128F425EEC3,Michael Jackson,Man In The Mirror,pop,3.7029500000000035
covariance,1,TRYOIZM128F14567A0,Jimmy Buffett,Ace,folk,TRFUJVJ128F426F2A2,Lauryn Hill,Interlude 5,r&b/soul,2.5783999999999994
covariance,2,TRYOIZM128F14567A0,Jimmy Buffett,Ace,folk,TRDPGXU128F9339C2A,Beastie Boys,B-Boy Bouillabaisse: A.W.O.L. (2009 Digital Remaster),hip hop,2.335778125000011
covariance,3,TRYOIZM128F14567A0,Jimmy Buffett,Ace,folk,TRQAWKR128F425EEC3,Michael Jackson,Man In The Mirror,pop,2.0978062500000054
covariance,1,TRQYFLB128E078941E,Ryan Adams,How Do You Keep Love Alive,folk,TRWSYHO128F4282346,Twista,I'm A Winner (Amended Album Version),hip hop,3.833156249999994
covariance,2,TRQYFLB128E078941E,Ryan Adams,How Do You Keep Love Alive,folk,TRFUJVJ128F426F2A2,Lauryn Hill,Interlude 5,r&b/soul,3.74675
covariance,3,TRQYFLB128E078941E,Ryan Adams,How Do You Keep Love Alive,folk,TREBGAA128E078FC52,Erykah Badu,I Want You,r&b/soul,3.1431406250000022
covariance,1,TRZUSDI128F4259806,Ryan Adams,When The Stars Go Blue,folk,TRWSYHO128F4282346,Twista,I'm A Winner (Amended Album Version),hip hop,3.242346874999998
covariance,2,TRZUSDI128F4259806,Ryan Adams,When The Stars Go Blue,folk,TRFUJVJ128F426F2A2,Lauryn Hill,Interlude 5,r&b/soul,2.6857999999999986
covariance,3,TRZUSDI128F4259806,Ryan Adams,When The Stars Go Blue,folk,TREBGAA128E078FC52,Erykah Badu,I Want You,r&b/soul,2.4334546874999914
covariance,1,TRWUFEW128F14782F3,Ray LaMontagne,Forever My Friend,folk,TRFUJVJ128F426F2A2,Lauryn Hill,Interlude 5,r&b/soul,4.659450000000007
covariance,2,TRWUFEW128F14782F3,Ray LaMontagne,Forever My Friend,folk,TRCHZXW128E079288A,Eminem,8 Mile,hip hop,3.555173437500004
covariance,3,TRWUFEW128F14782F3,Ray LaMontagne,Forever My Friend,folk,TRDPGXU128F9339C2A,Beastie Boys,B-Boy Bouillabaisse: A.W.O.L. (2009 Digital Remaster),hip hop,3.5202015625000076
covariance,1,TRPZXTD128F14856D4,Ray LaMontagne,How Come [Acoustic Mix],folk,TRFUJVJ128F426F2A2,Lauryn Hill,Interlude 5,r&b/soul,3.368400000000015
covariance,2,TRPZXTD128F14856D4,Ray LaMontagne,How Come [Acoustic Mix],folk,TRDPGXU128F9339C2A,Beastie Boys,B-Boy Bouillabaisse: A.W.O.L. (2009 Digital Remaster),hip hop,2.9294500000000134
covariance,3,TRPZXTD128F14856D4,Ray LaMontagne,How Come [Acoustic Mix],folk,TRCHZXW128E079288A,Eminem,8 Mile,hip hop,2.42880000000001
covariance,1,TRIOKOC128F4267572,Leonard Cohen,Chelsea Hotel #2,folk,TRFUJVJ128F426F2A2,Lauryn Hill,Interlude 5,r&b/soul,7.871350000000003
covariance,2,TRIOKOC128F4267572,Leonard Cohen,Chelsea Hotel #2,folk,TRWSYHO128F4282346,Twista,I'm A Winner (Amended Album Version),hip hop,6.9673343750000125
covariance,3,TRIOKOC128F4267572,Leonard Cohen,Chelsea Hotel #2,folk,TREBGAA128E078FC52,Erykah Badu,I Want You,r&b/soul,6.044948437500004
covariance,1,TREBQMO128F42828DB,We Are Scientists,Lethal Enforcer (Live From Union Chapel_ London),folk,TRFUJVJ128F426F2A2,Lauryn Hill,Interlude 5,r&b/soul,5.3778500000000165
covariance,2,TREBQMO128F42828DB,We Are Scientists,Lethal Enforcer (Live From Union Chapel_ London),folk,TRWSYHO128F4282346,Twista,I'm A Winner (Amended Album Version),hip hop,4.6047718749999715
covariance,3,TREBQMO128F42828DB,We Are Scientists,Lethal Enforcer (Live From Union Chapel_ London),folk,TRGUCIR128F933D817,Vanilla Ice,Ice Is Workin' It,hip hop,4.3703624999999935
covariance,1,TRIQKDQ128F146F504,KT Tunstall,Change,folk,TRFUJVJ128F426F2A2,Lauryn Hill,Interlude 5,r&b/soul,4.395200000000006
covariance,2,TRIQKDQ128F146F504,KT Tunstall,Change,folk,TREBGAA128E078FC52,Erykah Badu,I Want You,r&b/soul,3.7849749999999798
covariance,3,TRIQKDQ128F146F504,KT Tunstall,Change,folk,TRDPGXU128F9339C2A,Beastie Boys,B-Boy Bouillabaisse: A.W.O.L. (2009 Digital Remaster),hip hop,3.572724999999989
covariance,1,TRBFURI128F1455498,KT Tunstall,Under The Weather,folk,TRFUJVJ128F426F2A2,Lauryn Hill,Interlude 5,r&b/soul,4.363300000000013
covariance,2,TRBFURI128F1455498,KT Tunstall,Under The Weather,folk,TRWSYHO128F4282346,Twista,I'm A Winner (Amended Album Version),hip hop,3.9846906250000194
covariance,3,TRBFURI128F1455498,KT Tunstall,Under The Weather,folk,TRDPGXU128F9339C2A,Beastie Boys,B-Boy Bouillabaisse: A.W.O.L. (2009 Digital Remaster),hip hop,3.6419546874999957
covariance,1,TRVLECJ128E078235B,The Verve,So Sister,folk,TRDPGXU128F9339C2A,Beastie Boys,B-Boy Bouillabaisse: A.W.O.L. (2009 Digital Remaster),hip hop,6.051839062499969
covariance,2,TRVLECJ128E078235B,The Verve,So Sister,folk,TRFUJVJ128F426F2A2,Lauryn Hill,Interlude 5,r&b/soul,5.5490999999999815
covariance,3,TRVLECJ128E078235B,The Verve,So Sister,folk,TREBGAA128E078FC52,Erykah Badu,I Want You,r&b/soul,5.505542187499993
covariance,1,TRMLKKJ128E0798A59,Liz Phair,Lost Tonight,folk,TRFUJVJ128F426F2A2,Lauryn Hill,Interlude 5,r&b/soul,6.173549999999995
covariance,2,TRMLKKJ128E0798A59,Liz Phair,Lost Tonight,folk,TRWSYHO128F4282346,Twista,I'm A Winner (Amended Album Version),hip hop,5.1046281250000165
covariance,3,TRMLKKJ128E0798A59,Liz Phair,Lost Tonight,folk,TREBGAA128E078FC52,Erykah Badu,I Want You,r&b/soul,4.611782812499995
covariance,1,TRYBZQD12903CD1380,The Pogues,Sunnyside Of The Street,folk,TRDPGXU128F9339C2A,Beastie Boys,B-Boy Bouillabaisse: A.W.O.L. (2009 Digital Remaster),hip hop,2.894667187500007
covariance,2,TRYBZQD12903CD1380,The Pogues,Sunnyside Of The Street,folk,TRCHZXW128E079288A,Eminem,8 Mile,hip hop,2.6577078124999916
covariance,3,TRYBZQD12903CD1380,The Pogues,Sunnyside Of The Street,folk,TRFUJVJ128F426F2A2,Lauryn Hill,Interlude 5,r&b/soul,2.4533499999999866
covariance,1,TRHYZQR128F428F5C5,Kanye West,Can't Tell Me Nothing,hip hop,TRFUJVJ128F426F2A2,Lauryn Hill,Interlude 5,r&b/soul,9.82890000000001
covariance,2,TRHYZQR128F428F5C5,Kanye West,Can't Tell Me Nothing,hip hop,TRWSYHO128F4282346,Twista,I'm A Winner (Amended Album Version),hip hop,8.615493750000011
covariance,3,TRHYZQR128F428F5C5,Kanye West,Can't Tell Me Nothing,hip hop,TRZZQIP128F92EFEAD,Abba,Move On,pop,7.953221875000051
covariance,1,TRPQDHV128E07845CB,Kanye West,Graduation Day,hip hop,TRFUJVJ128F426F2A2,Lauryn Hill,Interlude 5,r&b/soul,4.590899999999993
covariance,2,TRPQDHV128E07845CB,Kanye West,Graduation Day,hip hop,TRWSYHO128F4282346,Twista,I'm A Winner (Amended Album Version),hip hop,3.7202281249999998
covariance,3,TRPQDHV128E07845CB,Kanye West,Graduation Day,hip hop,TREBGAA128E078FC52,Erykah Badu,I Want You,r&b/soul,3.4288328124999894
covariance,1,TRHAGFQ128F428B8EA,Kanye West,Wake Up Mr. West,hip hop,TRFUJVJ128F426F2A2,Lauryn Hill,Interlude 5,r&b/soul,3.281050000000004
covariance,2,TRHAGFQ128F428B8EA,Kanye West,Wake Up Mr. West,hip hop,TRWSYHO128F4282346,Twista,I'm A Winner (Amended Album Version),hip hop,3.041112500000005
covariance,3,TRHAGFQ128F428B8EA,Kanye West,Wake Up Mr. West,hip hop,TREBGAA128E078FC52,Erykah Badu,I Want You,r&b/soul,2.6901812500000086
covariance,1,TRQXYGU128E079236A,Black Eyed Peas,A8,hip hop,TRFUJVJ128F426F2A2,Lauryn Hill,Interlude 5,r&b/soul,19.158249999999967
covariance,2,TRQXYGU128E079236A,Black Eyed Peas,A8,hip hop,TRWSYHO128F4282346,Twista,I'm A Winner (Amended Album Version),hip hop,15.526921875000005
covariance,3,TRQXYGU128E079236A,Black Eyed Peas,A8,hip hop,TREBGAA128E078FC52,Erykah Badu,I Want You,r&b/soul,13.392992187499983
covariance,1,TRBUESY128F92F81F6,Black Eyed Peas,Boom Boom Guetta,hip hop,TRUEGMJ128F148D40C,Slick Rick,Let's Get Crazy,hip hop,6.86959062500009
covariance,2,TRBUESY128F92F81F6,Black Eyed Peas,Boom Boom Guetta,hip hop,TRPBLTG128F933924A,Calvin Harris,The Girls,electronic,6.026974999999977
covariance,3,TRBUESY128F92F81F6,Black Eyed Peas,Boom Boom Guetta,hip hop,TRWSYHO128F4282346,Twista,I'm A Winner (Amended Album Version),hip hop,5.984268750000053
covariance,1,TRPDBLM128E0792367,Black Eyed Peas,Communication,hip hop,TRFUJVJ128F426F2A2,Lauryn Hill,Interlude 5,r&b/soul,8.86610000000001
covariance,2,TRPDBLM128E0792367,Black Eyed Peas,Communication,hip hop,TRBVPVV128F425F14F,Daft Punk,Touch It / Technologic,electronic,7.737839062500077
covariance,3,TRPDBLM128E0792367,Black Eyed Peas,Communication,hip hop,TRGUCIR128F933D817,Vanilla Ice,Ice Is Workin' It,hip hop,7.484487499999922
covariance,1,TRLINLH128F9346400,Black Eyed Peas,One Tribe,hip hop,TRTLIKK128E07862DA,Ja Rule,One of Us,hip hop,12.053312500000025
covariance,2,TRLINLH128F9346400,Black Eyed Peas,One Tribe,hip hop,TRFUJVJ128F426F2A2,Lauryn Hill,Interlude 5,r&b/soul,10.250649999999967
covariance,3,TRLINLH128F9346400,Black Eyed Peas,One Tribe,hip hop,TROOJPJ128F14A2A86,Brand Nubian,All For One (Explicit) (2006 Remastered LP Version),hip hop,6.405087499999996
covariance,1,TREPPUG128F9301FAB,Black Eyed Peas,Sexy,hip hop,TRFUJVJ128F426F2A2,Lauryn Hill,Interlude 5,r&b/soul,10.081150000000015
covariance,2,TREPPUG128F9301FAB,Black Eyed Peas,Sexy,hip hop,TRWSYHO128F4282346,Twista,I'm A Winner (Amended Album Version),hip hop,8.500868750000032
covariance,3,TREPPUG128F9301FAB,Black Eyed Peas,Sexy,hip hop,TRDPGXU128F9339C2A,Beastie Boys,B-Boy Bouillabaisse: A.W.O.L. (2009 Digital Remaster),hip hop,7.337465624999969
covariance,1,TRBBVNR128E078E1E4,Black Eyed Peas,Tell Your Momma Come,hip hop,TRFUJVJ128F426F2A2,Lauryn Hill,Interlude 5,r&b/soul,6.863050000000026
covariance,2,TRBBVNR128E078E1E4,Black Eyed Peas,Tell Your Momma Come,hip hop,TREXCMT128F933D825,Vanilla Ice,It's A Party,hip hop,6.253021874999973
covariance,3,TRBBVNR128E078E1E4,Black Eyed Peas,Tell Your Momma Come,hip hop,TRLCWTH128F92C7F82,Marques Houston,Cancel (Album Version),r&b/soul,5.6623296874999935
covariance,1,TRTJVGX128E078EB1C,Black Eyed Peas,The Apl Song,hip hop,TRFUJVJ128F426F2A2,Lauryn Hill,Interlude 5,r&b/soul,3.151599999999998
covariance,2,TRTJVGX128E078EB1C,Black Eyed Peas,The Apl Song,hip hop,TRDPGXU128F9339C2A,Beastie Boys,B-Boy Bouillabaisse: A.W.O.L. (2009 Digital Remaster),hip hop,2.7836750000000077
covariance,3,TRTJVGX128E078EB1C,Black Eyed Peas,The Apl Song,hip hop,TRGUCIR128F933D817,Vanilla Ice,Ice Is Workin' It,hip hop,2.5188000000000126
covariance,1,TRDJOCY128F4294CD5,Kanye West,Diamonds From Sierra Leone,hip hop,TRFUJVJ128F426F2A2,Lauryn Hill,Interlude 5,r&b/soul,8.659449999999982
covariance,2,TRDJOCY128F4294CD5,Kanye West,Diamonds From Sierra Leone,hip hop,TRDPGXU128F9339C2A,Beastie Boys,B-Boy Bouillabaisse: A.W.O.L. (2009 Digital Remaster),hip hop,6.872506249999998
covariance,3,TRDJOCY128F4294CD5,Kanye West,Diamonds From Sierra Leone,hip hop,TRWSYHO128F4282346,Twista,I'm A Winner (Amended Album Version),hip hop,6.4881375000000165
covariance,1,TREADOS128E078EC1F,Eminem,If I Had,hip hop,TRDPGXU128F9339C2A,Beastie Boys,B-Boy Bouillabaisse: A.W.O.L. (2009 Digital Remaster),hip hop,10.722579687500048
covariance,2,TREADOS128E078EC1F,Eminem,If I Had,hip hop,TRFUJVJ128F426F2A2,Lauryn Hill,Interlude 5,r&b/soul,10.674549999999996
covariance,3,TREADOS128E078EC1F,Eminem,If I Had,hip hop,TRCHZXW128E079288A,Eminem,8 Mile,hip hop,9.427045312499963
covariance,1,TRHPAVK128E078EC9C,Eminem,Ken Kaniff,hip hop,TRFUJVJ128F426F2A2,Lauryn Hill,Interlude 5,r&b/soul,9.136099999999937
covariance,2,TRHPAVK128E078EC9C,Eminem,Ken Kaniff,hip hop,TRDPGXU128F9339C2A,Beastie Boys,B-Boy Bouillabaisse: A.W.O.L. (2009 Digital Remaster),hip hop,8.536745312500011
covariance,3,TRHPAVK128E078EC9C,Eminem,Ken Kaniff,hip hop,TRCHZXW128E079288A,Eminem,8 Mile,hip hop,7.045629687500012
covariance,1,TRGLNKG128F9307689,Eminem,My Darling,hip hop,TRFUJVJ128F426F2A2,Lauryn Hill,Interlude 5,r&b/soul,26.38519999999994
covariance,2,TRGLNKG128F9307689,Eminem,My Darling,hip hop,TRWSYHO128F4282346,Twista,I'm A Winner (Amended Album Version),hip hop,21.79693437499998
covariance,3,TRGLNKG128F9307689,Eminem,My Darling,hip hop,TRDPGXU128F9339C2A,Beastie Boys,B-Boy Bouillabaisse: A.W.O.L. (2009 Digital Remaster),hip hop,19.26323281250001
covariance,1,TRCHZXW128E079288A,Eminem,8 Mile,hip hop,TRDPGXU128F9339C2A,Beastie Boys,B-Boy Bouillabaisse: A.W.O.L. (2009 Digital Remaster),hip hop,19.4793765625001
covariance,2,TRCHZXW128E079288A,Eminem,8 Mile,hip hop,TRFUJVJ128F426F2A2,Lauryn Hill,Interlude 5,r&b/soul,18.64579999999992
covariance,3,TRCHZXW128E079288A,Eminem,8 Mile,hip hop,TRKLJAG128F42B31CF,Mario Vazquez,Everytime I...,r&b/soul,16.44929687500015
covariance,1,TRCDLUM128F9331CA9,Usher,Love Was Here,hip hop,TRFUJVJ128F426F2A2,Lauryn Hill,Interlude 5,r&b/soul,9.097249999999992
covariance,2,TRCDLUM128F9331CA9,Usher,Love Was Here,hip hop,TRWSYHO128F4282346,Twista,I'm A Winner (Amended Album Version),hip hop,8.425140625000035
covariance,3,TRCDLUM128F9331CA9,Usher,Love Was Here,hip hop,TREBGAA128E078FC52,Erykah Badu,I Want You,r&b/soul,7.624914062500034
covariance,1,TRPMNRL128F9302AD7,Akon,Be With You,hip hop,TRFUJVJ128F426F2A2,Lauryn Hill,Interlude 5,r&b/soul,16.85310000000003
covariance,2,TRPMNRL128F9302AD7,Akon,Be With You,hip hop,TRDPGXU128F9339C2A,Beastie Boys,B-Boy Bouillabaisse: A.W.O.L. (2009 Digital Remaster),hip hop,13.14684687499998
covariance,3,TRPMNRL128F9302AD7,Akon,Be With You,hip hop,TRWSYHO128F4282346,Twista,I'm A Winner (Amended Album Version),hip hop,13.102756249999935
covariance,1,TRRIRMX128F92E6272,Akon,Locked Up,hip hop,TRHJDKU128F1456E10,Ice Cube,When I Get To Heaven (Remix) (Explicit),hip hop,10.589720312499985
covariance,2,TRRIRMX128F92E6272,Akon,Locked Up,hip hop,TRCJADX128F428D3E0,Britney Spears,Let Me Be,pop,7.391053125000012
covariance,3,TRRIRMX128F92E6272,Akon,Locked Up,hip hop,TRUGLTC128F4227B93,Danity Kane,Hold Me Down (Album Version),r&b/soul,7.3316968749999605
covariance,1,TRCEYQJ128E07862DE,Jay-Z,So Ghetto,hip hop,TRFUJVJ128F426F2A2,Lauryn Hill,Interlude 5,r&b/soul,8.95614999999999
covariance,2,TRCEYQJ128E07862DE,Jay-Z,So Ghetto,hip hop,TRDPGXU128F9339C2A,Beastie Boys,B-Boy Bouillabaisse: A.W.O.L. (2009 Digital Remaster),hip hop,8.89645000000001
covariance,3,TRCEYQJ128E07862DE,Jay-Z,So Ghetto,hip hop,TRCHZXW128E079288A,Eminem,8 Mile,hip hop,8.200549999999971
covariance,1,TRZGUNN128E07862F7,Jay-Z,Heart Of The City (Ain't No Love),hip hop,TRFUJVJ128F426F2A2,Lauryn Hill,Interlude 5,r&b/soul,8.796400000000016
covariance,2,TRZGUNN128E07862F7,Jay-Z,Heart Of The City (Ain't No Love),hip hop,TRDPGXU128F9339C2A,Beastie Boys,B-Boy Bouillabaisse: A.W.O.L. (2009 Digital Remaster),hip hop,8.309739062499998
covariance,3,TRZGUNN128E07862F7,Jay-Z,Heart Of The City (Ain't No Love),hip hop,TRCHZXW128E079288A,Eminem,8 Mile,hip hop,7.499135937499989
covariance,1,TRTVTYS128E0792887,Eminem,Rabbit Run,hip hop,TRFUJVJ128F426F2A2,Lauryn Hill,Interlude 5,r&b/soul,11.802150000000035
covariance,2,TRTVTYS128E0792887,Eminem,Rabbit Run,hip hop,TRDPGXU128F9339C2A,Beastie Boys,B-Boy Bouillabaisse: A.W.O.L. (2009 Digital Remaster),hip hop,11.377496874999949
covariance,3,TRTVTYS128E0792887,Eminem,Rabbit Run,hip hop,TRWSYHO128F4282346,Twista,I'm A Winner (Amended Album Version),hip hop,11.060306249999938
covariance,1,TRBEBJO128C719646B,Nelly,Splurge,hip hop,TRFUJVJ128F426F2A2,Lauryn Hill,Interlude 5,r&b/soul,24.26035000000008
covariance,2,TRBEBJO128C719646B,Nelly,Splurge,hip hop,TRWSYHO128F4282346,Twista,I'm A Winner (Amended Album Version),hip hop,19.515709374999982
covariance,3,TRBEBJO128C719646B,Nelly,Splurge,hip hop,TRDPGXU128F9339C2A,Beastie Boys,B-Boy Bouillabaisse: A.W.O.L. (2009 Digital Remaster),hip hop,19.50387031250003
covariance,1,TRMWYIH128E078DCA6,Nelly,St. Louie,hip hop,TRFUJVJ128F426F2A2,Lauryn Hill,Interlude 5,r&b/soul,10.807250000000035
covariance,2,TRMWYIH128E078DCA6,Nelly,St. Louie,hip hop,TRDPGXU128F9339C2A,Beastie Boys,B-Boy Bouillabaisse: A.W.O.L. (2009 Digital Remaster),hip hop,8.062414062500018
covariance,3,TRMWYIH128E078DCA6,Nelly,St. Louie,hip hop,TRWSYHO128F4282346,Twista,I'm A Winner (Amended Album Version),hip hop,7.148421875000013
covariance,1,TRHXTHR128F145E864,Nelly,Wrap Sumden,hip hop,TRFUJVJ128F426F2A2,Lauryn Hill,Interlude 5,r&b/soul,8.398949999999987
covariance,2,TRHXTHR128F145E864,Nelly,Wrap Sumden,hip hop,TRDPGXU128F9339C2A,Beastie Boys,B-Boy Bouillabaisse: A.W.O.L. (2009 Digital Remaster),hip hop,7.58678750000001
covariance,3,TRHXTHR128F145E864,Nelly,Wrap Sumden,hip hop,TRBEBJO128C719646B,Nelly,Splurge,hip hop,6.381862500000037
covariance,1,TRQRAKE128F9322866,Jay-Z,Soon You'll Understand,hip hop,TRFUJVJ128F426F2A2,Lauryn Hill,Interlude 5,r&b/soul,19.587649999999982
covariance,2,TRQRAKE128F9322866,Jay-Z,Soon You'll Understand,hip hop,TRWSYHO128F4282346,Twista,I'm A Winner (Amended Album Version),hip hop,17.240025000000045
covariance,3,TRQRAKE128F9322866,Jay-Z,Soon You'll Understand,hip hop,TREBGAA128E078FC52,Erykah Badu,I Want You,r&b/soul,14.244512499999995
covariance,1,TRCDAUA128E0784644,Jay-Z,Encore,hip hop,TRFUJVJ128F426F2A2,Lauryn Hill,Interlude 5,r&b/soul,11.013250000000006
covariance,2,TRCDAUA128E0784644,Jay-Z,Encore,hip hop,TRWSYHO128F4282346,Twista,I'm A Winner (Amended Album Version),hip hop,9.921140625000021
covariance,3,TRCDAUA128E0784644,Jay-Z,Encore,hip hop,TREBGAA128E078FC52,Erykah Badu,I Want You,r&b/soul,8.03853906249997
covariance,1,TRBCPZS128F145ECC1,Nelly,Say Now,hip hop,TRFUJVJ128F426F2A2,Lauryn Hill,Interlude 5,r&b/soul,8.305649999999998
covariance,2,TRBCPZS128F145ECC1,Nelly,Say Now,hip hop,TRQAWKR128F425EEC3,Michael Jackson,Man In The Mirror,pop,7.67122812500001
covariance,3,TRBCPZS128F145ECC1,Nelly,Say Now,hip hop,TREZBFM128F428508A,Fatboy Slim,The Rockafeller Skank,electronic,7.014250000000015
covariance,1,TRWFVOW128E0793847,Dr. Dre,Been There Done That,hip hop,TRFUJVJ128F426F2A2,Lauryn Hill,Interlude 5,r&b/soul,7.715450000000008
covariance,2,TRWFVOW128E0793847,Dr. Dre,Been There Done That,hip hop,TRDPGXU128F9339C2A,Beastie Boys,B-Boy Bouillabaisse: A.W.O.L. (2009 Digital Remaster),hip hop,6.461482812499977
covariance,3,TRWFVOW128E0793847,Dr. Dre,Been There Done That,hip hop,TRQAWKR128F425EEC3,Michael Jackson,Man In The Mirror,pop,6.229840625000004
covariance,1,TRWZWOX128F935A084,Sean Kingston,Magical,hip hop,TRFUJVJ128F426F2A2,Lauryn Hill,Interlude 5,r&b/soul,6.32804999999999
covariance,2,TRWZWOX128F935A084,Sean Kingston,Magical,hip hop,TRUEPSG128F149639E,Stevie Wonder,All Day Sucker,r&b/soul,6.056137500000022
covariance,3,TRWZWOX128F935A084,Sean Kingston,Magical,hip hop,TRXHMID128F42BA902,Brick & Lace,Love Is Wicked,r&b/soul,5.981887500000008
covariance,1,TRXGBGU128F935A092,Sean Kingston,Over,hip hop,TRFUJVJ128F426F2A2,Lauryn Hill,Interlude 5,r&b/soul,7.310849999999991
covariance,2,TRXGBGU128F935A092,Sean Kingston,Over,hip hop,TRDPGXU128F9339C2A,Beastie Boys,B-Boy Bouillabaisse: A.W.O.L. (2009 Digital Remaster),hip hop,6.041307812499992
covariance,3,TRXGBGU128F935A092,Sean Kingston,Over,hip hop,TRWSYHO128F4282346,Twista,I'm A Winner (Amended Album Version),hip hop,5.858084374999996
covariance,1,TRFKPZK128F935A08D,Sean Kingston,Wrap U Around Me,hip hop,TRUGLTC128F4227B93,Danity Kane,Hold Me Down (Album Version),r&b/soul,7.210312500000035
covariance,2,TRFKPZK128F935A08D,Sean Kingston,Wrap U Around Me,hip hop,TRVLIZK128F428845E,Five,That's What You Told Me,pop,6.264375000000018
covariance,3,TRFKPZK128F935A08D,Sean Kingston,Wrap U Around Me,hip hop,TRFUJVJ128F426F2A2,Lauryn Hill,Interlude 5,r&b/soul,5.671250000000008
covariance,1,TRWVTDX128F931ECEF,M.I.A.,Paper Planes,hip hop,TRFUJVJ128F426F2A2,Lauryn Hill,Interlude 5,r&b/soul,9.331000000000012
covariance,2,TRWVTDX128F931ECEF,M.I.A.,Paper Planes,hip hop,TRDPGXU128F9339C2A,Beastie Boys,B-Boy Bouillabaisse: A.W.O.L. (2009 Digital Remaster),hip hop,8.247765624999985
covariance,3,TRWVTDX128F931ECEF,M.I.A.,Paper Planes,hip hop,TRBEBJO128C719646B,Nelly,Splurge,hip hop,6.580796875000029
covariance,1,TRWTZGX128F149535F,Thousand Foot Krutch,Set It Off,hip hop,TRFUJVJ128F426F2A2,Lauryn Hill,Interlude 5,r&b/soul,6.5175500000000035
covariance,2,TRWTZGX128F149535F,Thousand Foot Krutch,Set It Off,hip hop,TRBVPVV128F425F14F,Daft Punk,Touch It / Technologic,electronic,5.339626562500016
covariance,3,TRWTZGX128F149535F,Thousand Foot Krutch,Set It Off,hip hop,TRDPGXU128F9339C2A,Beastie Boys,B-Boy Bouillabaisse: A.W.O.L. (2009 Digital Remaster),hip hop,5.307829687499972
covariance,1,TRCACEF128F42434D7,Ludacris,Ho,hip hop,TRFUJVJ128F426F2A2,Lauryn Hill,Interlude 5,r&b/soul,4.747900000000011
covariance,2,TRCACEF128F42434D7,Ludacris,Ho,hip hop,TRQLSLN12903CA37C3,Big Bad Voodoo Daddy,Mambo Swing,jazz,4.16106249999996
covariance,3,TRCACEF128F42434D7,Ludacris,Ho,hip hop,TRWSYHO128F4282346,Twista,I'm A Winner (Amended Album Version),hip hop,3.593712500000008
covariance,1,TRCQNWN128F92EA07D,Wu-Tang Clan,The What,hip hop,TRFUJVJ128F426F2A2,Lauryn Hill,Interlude 5,r&b/soul,5.7118000000000055
covariance,2,TRCQNWN128F92EA07D,Wu-Tang Clan,The What,hip hop,TRWSYHO128F4282346,Twista,I'm A Winner (Amended Album Version),hip hop,5.135534374999967
covariance,3,TRCQNWN128F92EA07D,Wu-Tang Clan,The What,hip hop,TRDPGXU128F9339C2A,Beastie Boys,B-Boy Bouillabaisse: A.W.O.L. (2009 Digital Remaster),hip hop,4.519407812499987
covariance,1,TRYHHXT128F4276F89,50 Cent,Rowdy Rowdy,hip hop,TRFUJVJ128F426F2A2,Lauryn Hill,Interlude 5,r&b/soul,7.158449999999987
covariance,2,TRYHHXT128F4276F89,50 Cent,Rowdy Rowdy,hip hop,TRDPGXU128F9339C2A,Beastie Boys,B-Boy Bouillabaisse: A.W.O.L. (2009 Digital Remaster),hip hop,6.073803125000011
covariance,3,TRYHHXT128F4276F89,50 Cent,Rowdy Rowdy,hip hop,TRWSYHO128F4282346,Twista,I'm A Winner (Amended Album Version),hip hop,5.968543750000026
covariance,1,TRIGDUK128E0784045,Snoop Dogg,Bang Out,hip hop,TRFUJVJ128F426F2A2,Lauryn Hill,Interlude 5,r&b/soul,6.212850000000014
covariance,2,TRIGDUK128E0784045,Snoop Dogg,Bang Out,hip hop,TRDPGXU128F9339C2A,Beastie Boys,B-Boy Bouillabaisse: A.W.O.L. (2009 Digital Remaster),hip hop,5.680159375000001
covariance,3,TRIGDUK128E0784045,Snoop Dogg,Bang Out,hip hop,TRWSYHO128F4282346,Twista,I'm A Winner (Amended Album Version),hip hop,5.6468812500000345
covariance,1,TRNVKOI128E0799173,Snoop Dogg,Snoopafella (Edited),hip hop,TRFUJVJ128F426F2A2,Lauryn Hill,Interlude 5,r&b/soul,17.18795000000005
covariance,2,TRNVKOI128E0799173,Snoop Dogg,Snoopafella (Edited),hip hop,TRDPGXU128F9339C2A,Beastie Boys,B-Boy Bouillabaisse: A.W.O.L. (2009 Digital Remaster),hip hop,15.082537499999992
covariance,3,TRNVKOI128E0799173,Snoop Dogg,Snoopafella (Edited),hip hop,TRWSYHO128F4282346,Twista,I'm A Winner (Amended Album Version),hip hop,12.808825000000063
covariance,1,TRLVRJP128F93519FB,Atmosphere,Hair,hip hop,TRFUJVJ128F426F2A2,Lauryn Hill,Interlude 5,r&b/soul,11.790749999999996
covariance,2,TRLVRJP128F93519FB,Atmosphere,Hair,hip hop,TRDPGXU128F9339C2A,Beastie Boys,B-Boy Bouillabaisse: A.W.O.L. (2009 Digital Remaster),hip hop,10.383539062500013
covariance,3,TRLVRJP128F93519FB,Atmosphere,Hair,hip hop,TRWSYHO128F4282346,Twista,I'm A Winner (Amended Album Version),hip hop,8.996921875000005
covariance,1,TRBZXAC12903CBB0CE,Atmosphere,Happymess,hip hop,TRFUJVJ128F426F2A2,Lauryn Hill,Interlude 5,r&b/soul,12.306149999999962
covariance,2,TRBZXAC12903CBB0CE,Atmosphere,Happymess,hip hop,TRDPGXU128F9339C2A,Beastie Boys,B-Boy Bouillabaisse: A.W.O.L. (2009 Digital Remaster),hip hop,9.170707812500005
covariance,3,TRBZXAC12903CBB0CE,Atmosphere,Happymess,hip hop,TRWSYHO128F4282346,Twista,I'm A Winner (Amended Album Version),hip hop,8.42313437500002
covariance,1,TRUNSXQ128E078B97D,Michael Bublé,Put Your Head On My Shoulder (Album Version),jazz,TRFUJVJ128F426F2A2,Lauryn Hill,Interlude 5,r&b/soul,3.319549999999997
covariance,2,TRUNSXQ128E078B97D,Michael Bublé,Put Your Head On My Shoulder (Album Version),jazz,TRUGLTC128F4227B93,Danity Kane,Hold Me Down (Album Version),r&b/soul,2.9583937500000044
covariance,3,TRUNSXQ128E078B97D,Michael Bublé,Put Your Head On My Shoulder (Album Version),jazz,TRVLIZK128F428845E,Five,That's What You Told Me,pop,2.9292874999999956
covariance,1,TRFUJLG128F4255312,Michael Bublé,Stuck In The Middle With You (Non-Album Track),jazz,TRFUJVJ128F426F2A2,Lauryn Hill,Interlude 5,r&b/soul,7.109800000000032
covariance,2,TRFUJLG128F4255312,Michael Bublé,Stuck In The Middle With You (Non-Album Track),jazz,TRWSYHO128F4282346,Twista,I'm A Winner (Amended Album Version),hip hop,6.359471874999965
covariance,3,TRFUJLG128F4255312,Michael Bublé,Stuck In The Middle With You (Non-Album Track),jazz,TRDPGXU128F9339C2A,Beastie Boys,B-Boy Bouillabaisse: A.W.O.L. (2009 Digital Remaster),hip hop,6.217314062499992
covariance,1,TRQPMHA128E078B979,Michael Bublé,You'll Never Find Another Love Like Mine (Album Version),jazz,TRFUJVJ128F426F2A2,Lauryn Hill,Interlude 5,r&b/soul,10.257100000000014
covariance,2,TRQPMHA128E078B979,Michael Bublé,You'll Never Find Another Love Like Mine (Album Version),jazz,TRWSYHO128F4282346,Twista,I'm A Winner (Amended Album Version),hip hop,9.491912499999996
covariance,3,TRQPMHA128E078B979,Michael Bublé,You'll Never Find Another Love Like Mine (Album Version),jazz,TRGLNKG128F9307689,Eminem,My Darling,hip hop,8.042581250000005
covariance,1,TRZPSAF128F9349767,Ray Charles,Kiss me baby,jazz,TRUGLTC128F4227B93,Danity Kane,Hold Me Down (Album Version),r&b/soul,3.267818749999988
covariance,2,TRZPSAF128F9349767,Ray Charles,Kiss me baby,jazz,TRVLIZK128F428845E,Five,That's What You Told Me,pop,3.156887499999996
covariance,3,TRZPSAF128F9349767,Ray Charles,Kiss me baby,jazz,TRFUJVJ128F426F2A2,Lauryn Hill,Interlude 5,r&b/soul,2.9843500000000023
covariance,1,TRAEPAC12903CE5DC8,Ray Charles,Let's Go,jazz,TRFUJVJ128F426F2A2,Lauryn Hill,Interlude 5,r&b/soul,5.4596500000000106
covariance,2,TRAEPAC12903CE5DC8,Ray Charles,Let's Go,jazz,TRWSYHO128F4282346,Twista,I'm A Winner (Amended Album Version),hip hop,4.82780624999998
covariance,3,TRAEPAC12903CE5DC8,Ray Charles,Let's Go,jazz,TRUGLTC128F4227B93,Danity Kane,Hold Me Down (Album Version),r&b/soul,4.227431249999994
covariance,1,TRMJMVW12903CD44F4,Ray Charles,Moon Over Miami,jazz,TRFUJVJ128F426F2A2,Lauryn Hill,Interlude 5,r&b/soul,0.6584999999999975
covariance,2,TRMJMVW12903CD44F4,Ray Charles,Moon Over Miami,jazz,TREXCMT128F933D825,Vanilla Ice,It's A Party,hip hop,0.48707812500000114
covariance,3,TRMJMVW12903CD44F4,Ray Charles,Moon Over Miami,jazz,TRFSCLD12903CD213F,The Prodigy,We Gonna Rock,electronic,0.4538750000000005
covariance,1,TRBXTYM128F930793B,Nat King Cole,Hit That Jive Jack,jazz,TRFUJVJ128F426F2A2,Lauryn Hill,Interlude 5,r&b/soul,5.896699999999978
covariance,2,TRBXTYM128F930793B,Nat King Cole,Hit That Jive Jack,jazz,TRDPGXU128F9339C2A,Beastie Boys,B-Boy Bouillabaisse: A.W.O.L. (2009 Digital Remaster),hip hop,5.478084375000013
covariance,3,TRBXTYM128F930793B,Nat King Cole,Hit That Jive Jack,jazz,TRWSYHO128F4282346,Twista,I'm A Winner (Amended Album Version),hip hop,4.967731249999965
covariance,1,TRFORZM12903CDF88C,Nat King Cole,The Christmas Song,jazz,TRFUJVJ128F426F2A2,Lauryn Hill,Interlude 5,r&b/soul,1.8993000000000149
covariance,2,TRFORZM12903CDF88C,Nat King Cole,The Christmas Song,jazz,TRDPGXU128F9339C2A,Beastie Boys,B-Boy Bouillabaisse: A.W.O.L. (2009 Digital Remaster),hip hop,1.2584312500000043
covariance,3,TRFORZM12903CDF88C,Nat King Cole,The Christmas Song,jazz,TRQAWKR128F425EEC3,Michael Jackson,Man In The Mirror,pop,1.0143625000000016
covariance,1,TREMJFY12903CF1630,Nat King Cole,Too Young,jazz,TRFUJVJ128F426F2A2,Lauryn Hill,Interlude 5,r&b/soul,1.5200000000000091
covariance,2,TREMJFY12903CF1630,Nat King Cole,Too Young,jazz,TRDPGXU128F9339C2A,Beastie Boys,B-Boy Bouillabaisse: A.W.O.L. (2009 Digital Remaster),hip hop,0.8151562500000058
covariance,3,TREMJFY12903CF1630,Nat King Cole,Too Young,jazz,TRUWTMI128F92E3892,Binary Star,Indy 500,hip hop,0.7785937500000043
covariance,1,TRKBPHV128F92E3B2D,Nat King Cole,Unforgettable,jazz,TRFUJVJ128F426F2A2,Lauryn Hill,Interlude 5,r&b/soul,2.1529499999999975
covariance,2,TRKBPHV128F92E3B2D,Nat King Cole,Unforgettable,jazz,TRQAWKR128F425EEC3,Michael Jackson,Man In The Mirror,pop,1.716950000000002
covariance,3,TRKBPHV128F92E3B2D,Nat King Cole,Unforgettable,jazz,TRFLWJZ128F425C9E4,The Pharcyde,Otha Fish,hip hop,1.5777499999999935
covariance,1,TRHYGVQ12903D046A9,Nat King Cole,Autumn Leaves,jazz,TRFUJVJ128F426F2A2,Lauryn Hill,Interlude 5,r&b/soul,1.7488000000000046
covariance,2,TRHYGVQ12903D046A9,Nat King Cole,Autumn Leaves,jazz,TRDPGXU128F9339C2A,Beastie Boys,B-Boy Bouillabaisse: A.W.O.L. (2009 Digital Remaster),hip hop,1.2191968750000037
covariance,3,TRHYGVQ12903D046A9,Nat King Cole,Autumn Leaves,jazz,TRGLNKG128F9307689,Eminem,My Darling,hip hop,1.1964156250000035
covariance,1,TRWIGSY128F92FE6B6,Nat King Cole,Love Is A Many Splendored Thing,jazz,TRFUJVJ128F426F2A2,Lauryn Hill,Interlude 5,r&b/soul,1.3356500000000064
covariance,2,TRWIGSY128F92FE6B6,Nat King Cole,Love Is A Many Splendored Thing,jazz,TRQAWKR128F425EEC3,Michael Jackson,Man In The Mirror,pop,1.1712281250000005
covariance,3,TRWIGSY128F92FE6B6,Nat King Cole,Love Is A Many Splendored Thing,jazz,TRDPGXU128F9339C2A,Beastie Boys,B-Boy Bouillabaisse: A.W.O.L. (2009 Digital Remaster),hip hop,1.0684265624999967
covariance,1,TRHEGPE128F9311A85,Nat King Cole,Smoke Gets in Your Eyes,jazz,TRDPGXU128F9339C2A,Beastie Boys,B-Boy Bouillabaisse: A.W.O.L. (2009 Digital Remaster),hip hop,2.263514062499993
covariance,2,TRHEGPE128F9311A85,Nat King Cole,Smoke Gets in Your Eyes,jazz,TRFUJVJ128F426F2A2,Lauryn Hill,Interlude 5,r&b/soul,2.1041999999999956
covariance,3,TRHEGPE128F9311A85,Nat King Cole,Smoke Gets in Your Eyes,jazz,TRWSYHO128F4282346,Twista,I'm A Winner (Amended Album Version),hip hop,2.0318718749999825
covariance,1,TRWZCIQ12903C97881,Nat King Cole,If You Can't Smile And Say Yes,jazz,TRFUJVJ128F426F2A2,Lauryn Hill,Interlude 5,r&b/soul,3.745099999999999
covariance,2,TRWZCIQ12903C97881,Nat King Cole,If You Can't Smile And Say Yes,jazz,TRPZAPZ128F9341D3E,R. Kelly,Don't You Say No,r&b/soul,2.862878125000001
covariance,3,TRWZCIQ12903C97881,Nat King Cole,If You Can't Smile And Say Yes,jazz,TRGLNKG128F9307689,Eminem,My Darling,hip hop,2.4669718749999943
covariance,1,TREENNZ128F145B67D,Nat King Cole,She's Funny That Way,jazz,TRFUJVJ128F426F2A2,Lauryn Hill,Interlude 5,r&b/soul,4.281199999999995
covariance,2,TREENNZ128F145B67D,Nat King Cole,She's Funny That Way,jazz,TRDPGXU128F9339C2A,Beastie Boys,B-Boy Bouillabaisse: A.W.O.L. (2009 Digital Remaster),hip hop,3.726193749999987
covariance,3,TREENNZ128F145B67D,Nat King Cole,She's Funny That Way,jazz,TRGLNKG128F9307689,Eminem,My Darling,hip hop,3.6366312500000095
covariance,1,TRVUYIL128F4275FAD,Nat King Cole,The Ruby And The Pearl (2003 Digital Remaster),jazz,TRFUJVJ128F426F2A2,Lauryn Hill,Interlude 5,r&b/soul,2.5240999999999874
covariance,2,TRVUYIL128F4275FAD,Nat King Cole,The Ruby And The Pearl (2003 Digital Remaster),jazz,TRLUXWO128F14618D6,Dilated Peoples,Expansion Team Theme,hip hop,1.8627937500000242
covariance,3,TRVUYIL128F4275FAD,Nat King Cole,The Ruby And The Pearl (2003 Digital Remaster),jazz,TRDPGXU128F9339C2A,Beastie Boys,B-Boy Bouillabaisse: A.W.O.L. (2009 Digital Remaster),hip hop,1.8235187500000059
covariance,1,TRHOXSK128F145C9F9,Nat King Cole,The Very Thought Of You,jazz,TRFUJVJ128F426F2A2,Lauryn Hill,Interlude 5,r&b/soul,3.937000000000004
covariance,2,TRHOXSK128F145C9F9,Nat King Cole,The Very Thought Of You,jazz,TRWSYHO128F4282346,Twista,I'm A Winner (Amended Album Version),hip hop,3.3945781249999825
covariance,3,TRHOXSK128F145C9F9,Nat King Cole,The Very Thought Of You,jazz,TRHNOMB12903CB2544,Life Without Buildings,New Town,rock,2.852367187500005
covariance,1,TRETXLU12903CD5688,Bing Crosby,Rudolph The Red-Nosed Reindeer,jazz,TRFUJVJ128F426F2A2,Lauryn Hill,Interlude 5,r&b/soul,4.366499999999987
covariance,2,TRETXLU12903CD5688,Bing Crosby,Rudolph The Red-Nosed Reindeer,jazz,TRWSYHO128F4282346,Twista,I'm A Winner (Amended Album Version),hip hop,2.9532187499999996
covariance,3,TRETXLU12903CD5688,Bing Crosby,Rudolph The Red-Nosed Reindeer,jazz,TRDPGXU128F9339C2A,Beastie Boys,B-Boy Bouillabaisse: A.W.O.L. (2009 Digital Remaster),hip hop,2.868015625000014
covariance,1,TRORBTM128F93368FB,Norah Jones,December,jazz,TRWSYHO128F4282346,Twista,I'm A Winner (Amended Album Version),hip hop,2.8713499999999845
covariance,2,TRORBTM128F93368FB,Norah Jones,December,jazz,TRDPGXU128F9339C2A,Beastie Boys,B-Boy Bouillabaisse: A.W.O.L. (2009 Digital Remaster),hip hop,2.637550000000005
covariance,3,TRORBTM128F93368FB,Norah Jones,December,jazz,TRFUJVJ128F426F2A2,Lauryn Hill,Interlude 5,r&b/soul,2.576849999999999
covariance,1,TRFCNIJ128F423F32E,Norah Jones,Don't Know Why (Live),jazz,TRDPGXU128F9339C2A,Beastie Boys,B-Boy Bouillabaisse: A.W.O.L. (2009 Digital Remaster),hip hop,4.070428125000007
covariance,2,TRFCNIJ128F423F32E,Norah Jones,Don't Know Why (Live),jazz,TROIJDA128F9341E70,R. Kelly,I Mean (I Don't Mean It),r&b/soul,3.9191281249999936
covariance,3,TRFCNIJ128F423F32E,Norah Jones,Don't Know Why (Live),jazz,TRKLJAG128F42B31CF,Mario Vazquez,Everytime I...,r&b/soul,3.892343750000025
covariance,1,TRYNZAL128F1464B5A,Norah Jones,Humble Me,jazz,TRFUJVJ128F426F2A2,Lauryn Hill,Interlude 5,r&b/soul,6.205249999999999
covariance,2,TRYNZAL128F1464B5A,Norah Jones,Humble Me,jazz,TRWSYHO128F4282346,Twista,I'm A Winner (Amended Album Version),hip hop,5.973140625000005
covariance,3,TRYNZAL128F1464B5A,Norah Jones,Humble Me,jazz,TRUGLTC128F4227B93,Danity Kane,Hold Me Down (Album Version),r&b/soul,4.992203124999999
covariance,1,TRNGOHS128E0781235,Norah Jones,I've Got To See You Again,jazz,TRFUJVJ128F426F2A2,Lauryn Hill,Interlude 5,r&b/soul,4.477600000000003
covariance,2,TRNGOHS128E0781235,Norah Jones,I've Got To See You Again,jazz,TRWSYHO128F4282346,Twista,I'm A Winner (Amended Album Version),hip hop,4.347490625000021
covariance,3,TRNGOHS128E0781235,Norah Jones,I've Got To See You Again,jazz,TREBGAA128E078FC52,Erykah Badu,I Want You,r&b/soul,4.044714062500041
covariance,1,TRPPHPQ128F4258FFC,Norah Jones,Sinkin' Soon (iTunes Live Session),jazz,TRFSCLD12903CD213F,The Prodigy,We Gonna Rock,electronic,2.241174999999993
covariance,2,TRPPHPQ128F4258FFC,Norah Jones,Sinkin' Soon (iTunes Live Session),jazz,TRFUJVJ128F426F2A2,Lauryn Hill,Interlude 5,r&b/soul,2.034900000000002
covariance,3,TRPPHPQ128F4258FFC,Norah Jones,Sinkin' Soon (iTunes Live Session),jazz,TRVDAHO128F92F231E,Katy Perry,Hot N Cold (Innerpartysystem Main),electronic,1.4958046874999888
covariance,1,TRSSOKM128F1464B5C,Norah Jones,The Long Way Home,jazz,TRFUJVJ128F426F2A2,Lauryn Hill,Interlude 5,r&b/soul,4.218300000000013
covariance,2,TRSSOKM128F1464B5C,Norah Jones,The Long Way Home,jazz,TRWSYHO128F4282346,Twista,I'm A Winner (Amended Album Version),hip hop,3.5421906250000177
covariance,3,TRSSOKM128F1464B5C,Norah Jones,The Long Way Home,jazz,TREBGAA128E078FC52,Erykah Badu,I Want You,r&b/soul,3.5149390625000128
covariance,1,TRKMCAV128E0782298,Norah Jones,Those Sweet Words,jazz,TRFUJVJ128F426F2A2,Lauryn Hill,Interlude 5,r&b/soul,3.193049999999996
covariance,2,TRKMCAV128E0782298,Norah Jones,Those Sweet Words,jazz,TRWSYHO128F4282346,Twista,I'm A Winner (Amended Album Version),hip hop,2.3073312500000034
covariance,3,TRKMCAV128E0782298,Norah Jones,Those Sweet Words,jazz,TRDPGXU128F9339C2A,Beastie Boys,B-Boy Bouillabaisse: A.W.O.L. (2009 Digital Remaster),hip hop,2.133509374999998
covariance,1,TRBQFLA128F423F329,Norah Jones,Wish I Could (Live),jazz,TRFUJVJ128F426F2A2,Lauryn Hill,Interlude 5,r&b/soul,3.467900000000002
covariance,2,TRBQFLA128F423F329,Norah Jones,Wish I Could (Live),jazz,TRDPGXU128F9339C2A,Beastie Boys,B-Boy Bouillabaisse: A.W.O.L. (2009 Digital Remaster),hip hop,3.0151375000000122
covariance,3,TRBQFLA128F423F329,Norah Jones,Wish I Could (Live),jazz,TRWSYHO128F4282346,Twista,I'm A Winner (Amended Album Version),hip hop,2.9027749999999792
covariance,1,TRCLZPO128F427CD3A,Norah Jones,My Dear Country,jazz,TRFUJVJ128F426F2A2,Lauryn Hill,Interlude 5,r&b/soul,4.7776499999999915
covariance,2,TRCLZPO128F427CD3A,Norah Jones,My Dear Country,jazz,TRDPGXU128F9339C2A,Beastie Boys,B-Boy Bouillabaisse: A.W.O.L. (2009 Digital Remaster),hip hop,3.6286843750000024
covariance,3,TRCLZPO128F427CD3A,Norah Jones,My Dear Country,jazz,TRBEBJO128C719646B,Nelly,Splurge,hip hop,3.0215531249999965
covariance,1,TRWAPCT128F1494611,Dean Martin,I Love The Way You Say Goodnight,jazz,TRWSYHO128F4282346,Twista,I'm A Winner (Amended Album Version),hip hop,6.852571875000011
covariance,2,TRWAPCT128F1494611,Dean Martin,I Love The Way You Say Goodnight,jazz,TRFUJVJ128F426F2A2,Lauryn Hill,Interlude 5,r&b/soul,6.840899999999998
covariance,3,TRWAPCT128F1494611,Dean Martin,I Love The Way You Say Goodnight,jazz,TREBGAA128E078FC52,Erykah Badu,I Want You,r&b/soul,6.244067187500018
covariance,1,TRNBZVW128F92EE688,Dean Martin,White Christmas,jazz,TRDPGXU128F9339C2A,Beastie Boys,B-Boy Bouillabaisse: A.W.O.L. (2009 Digital Remaster),hip hop,1.5882234375000002
covariance,2,TRNBZVW128F92EE688,Dean Martin,White Christmas,jazz,TRCHZXW128E079288A,Eminem,8 Mile,hip hop,1.4294015625000065
covariance,3,TRNBZVW128F92EE688,Dean Martin,White Christmas,jazz,TRWSYHO128F4282346,Twista,I'm A Winner (Amended Album Version),hip hop,1.3978531250000048
covariance,1,TRHZOEX128F93588AB,Dean Martin,Memories Are Made Of This,jazz,TRTLIKK128E07862DA,Ja Rule,One of Us,hip hop,1.4955312499999982
covariance,2,TRHZOEX128F93588AB,Dean Martin,Memories Are Made Of This,jazz,TRFUJVJ128F426F2A2,Lauryn Hill,Interlude 5,r&b/soul,1.3512999999999977
covariance,3,TRHZOEX128F93588AB,Dean Martin,Memories Are Made Of This,jazz,TRLINLH128F9346400,Black Eyed Peas,One Tribe,hip hop,1.3034874999999988
covariance,1,TREOPOB128F427CD42,Norah Jones,Little Room,jazz,TRFUJVJ128F426F2A2,Lauryn Hill,Interlude 5,r&b/soul,2.5051000000000068
covariance,2,TREOPOB128F427CD42,Norah Jones,Little Room,jazz,TRDPGXU128F9339C2A,Beastie Boys,B-Boy Bouillabaisse: A.W.O.L. (2009 Digital Remaster),hip hop,1.8183156250000039
covariance,3,TREOPOB128F427CD42,Norah Jones,Little Room,jazz,TRFLWJZ128F425C9E4,The Pharcyde,Otha Fish,hip hop,1.6400468750000023
covariance,1,TRELLQK128F147AD94,The Puppini Sisters,Bei Mir Bist Du Schön,jazz,TRFUJVJ128F426F2A2,Lauryn Hill,Interlude 5,r&b/soul,5.774749999999995
covariance,2,TRELLQK128F147AD94,The Puppini Sisters,Bei Mir Bist Du Schön,jazz,TRWSYHO128F4282346,Twista,I'm A Winner (Amended Album Version),hip hop,4.660687500000017
covariance,3,TRELLQK128F147AD94,The Puppini Sisters,Bei Mir Bist Du Schön,jazz,TRGLNKG128F9307689,Eminem,My Darling,hip hop,3.9528437499999933
covariance,1,TRMOHUN128F424DEE6,The Puppini Sisters,Don't Sit Under The Apple Tree,jazz,TRUGLTC128F4227B93,Danity Kane,Hold Me Down (Album Version),r&b/soul,3.3941281250000075
covariance,2,TRMOHUN128F424DEE6,The Puppini Sisters,Don't Sit Under The Apple Tree,jazz,TRBEBJO128C719646B,Nelly,Splurge,hip hop,3.1379265625000023
covariance,3,TRMOHUN128F424DEE6,The Puppini Sisters,Don't Sit Under The Apple Tree,jazz,TRFUJVJ128F426F2A2,Lauryn Hill,Interlude 5,r&b/soul,2.9975499999999937
covariance,1,TRSPEPD128F147AD9A,The Puppini Sisters,Falling In Love Again,jazz,TRFUJVJ128F426F2A2,Lauryn Hill,Interlude 5,r&b/soul,6.7350000000000225
covariance,2,TRSPEPD128F147AD9A,The Puppini Sisters,Falling In Love Again,jazz,TRWSYHO128F4282346,Twista,I'm A Winner (Amended Album Version),hip hop,6.351562499999956
covariance,3,TRSPEPD128F147AD9A,The Puppini Sisters,Falling In Love Again,jazz,TRDPGXU128F9339C2A,Beastie Boys,B-Boy Bouillabaisse: A.W.O.L. (2009 Digital Remaster),hip hop,6.092968749999982
covariance,1,TRAQUUU128F147A689,The Puppini Sisters,Heebie Jeebies,jazz,TRFUJVJ128F426F2A2,Lauryn Hill,Interlude 5,r&b/soul,4.995400000000008
covariance,2,TRAQUUU128F147A689,The Puppini Sisters,Heebie Jeebies,jazz,TRDPGXU128F9339C2A,Beastie Boys,B-Boy Bouillabaisse: A.W.O.L. (2009 Digital Remaster),hip hop,4.6790437500000115
covariance,3,TRAQUUU128F147A689,The Puppini Sisters,Heebie Jeebies,jazz,TREBGAA128E078FC52,Erykah Badu,I Want You,r&b/soul,4.034481249999984
covariance,1,TREIANS128F147AD97,The Puppini Sisters,I Will Survive,jazz,TRFUJVJ128F426F2A2,Lauryn Hill,Interlude 5,r&b/soul,11.332849999999993
covariance,2,TREIANS128F147AD97,The Puppini Sisters,I Will Survive,jazz,TRDPGXU128F9339C2A,Beastie Boys,B-Boy Bouillabaisse: A.W.O.L. (2009 Digital Remaster),hip hop,9.590237500000049
covariance,3,TREIANS128F147AD97,The Puppini Sisters,I Will Survive,jazz,TRWSYHO128F4282346,Twista,I'm A Winner (Amended Album Version),hip hop,9.215474999999948
covariance,1,TRPWTNZ128F147AD9F,The Puppini Sisters,In The Mood,jazz,TRFUJVJ128F426F2A2,Lauryn Hill,Interlude 5,r&b/soul,5.455049999999999
covariance,2,TRPWTNZ128F147AD9F,The Puppini Sisters,In The Mood,jazz,TRDPGXU128F9339C2A,Beastie Boys,B-Boy Bouillabaisse: A.W.O.L. (2009 Digital Remaster),hip hop,5.087595312499996
covariance,3,TRPWTNZ128F147AD9F,The Puppini Sisters,In The Mood,jazz,TRWSYHO128F4282346,Twista,I'm A Winner (Amended Album Version),hip hop,4.563159374999967
covariance,1,TRNDNKN12903CC8A4C,Dean Martin,Kiss,jazz,TRFUJVJ128F426F2A2,Lauryn Hill,Interlude 5,r&b/soul,8.304749999999991
covariance,2,TRNDNKN12903CC8A4C,Dean Martin,Kiss,jazz,TRWSYHO128F4282346,Twista,I'm A Winner (Amended Album Version),hip hop,7.637640625000033
covariance,3,TRNDNKN12903CC8A4C,Dean Martin,Kiss,jazz,TREBGAA128E078FC52,Erykah Badu,I Want You,r&b/soul,5.847414062500033
covariance,1,TRJALGV12903D0447E,Dean Martin,Let Me Go Lover,jazz,TRUGLTC128F4227B93,Danity Kane,Hold Me Down (Album Version),r&b/soul,3.723559374999997
covariance,2,TRJALGV12903D0447E,Dean Martin,Let Me Go Lover,jazz,TRVLIZK128F428845E,Five,That's What You Told Me,pop,3.6783687499999953
covariance,3,TRJALGV12903D0447E,Dean Martin,Let Me Go Lover,jazz,TRFUJVJ128F426F2A2,Lauryn Hill,Interlude 5,r&b/soul,3.1341999999999963
covariance,1,TRPQFJA128F145AC60,Dean Martin,On An Evening In Roma (Sott'er Celo De Roma),jazz,TRFUJVJ128F426F2A2,Lauryn Hill,Interlude 5,r&b/soul,1.9336500000000028
covariance,2,TRPQFJA128F145AC60,Dean Martin,On An Evening In Roma (Sott'er Celo De Roma),jazz,TRDPGXU128F9339C2A,Beastie Boys,B-Boy Bouillabaisse: A.W.O.L. (2009 Digital Remaster),hip hop,1.910239062499994
covariance,3,TRPQFJA128F145AC60,Dean Martin,On An Evening In Roma (Sott'er Celo De Roma),jazz,TRFLWJZ128F425C9E4,The Pharcyde,Otha Fish,hip hop,1.8612421875000096
covariance,1,TRHBSKB128E07924CB,Enrique Iglesias,No Puedo Mas Sin Ti (I'm Your Man),latin,TRTHNFG12903D0CE54,Violadores del Verso,Dale tiempo al rumor,hip hop,3.9584296875000105
covariance,2,TRHBSKB128E07924CB,Enrique Iglesias,No Puedo Mas Sin Ti (I'm Your Man),latin,TRLRQUX128F932ECC5,Gilberto Santa Rosa,Desde Que No Estas,latin,3.5985546875000103
covariance,3,TRHBSKB128E07924CB,Enrique Iglesias,No Puedo Mas Sin Ti (I'm Your Man),latin,TRWAGNG128F4286598,Tego Calderon,Al Natural (Amended Version),latin,3.456937499999987
covariance,1,TRBSLQC128F9333C5D,Shakira,En Tus Pupilas,latin,TRTHNFG12903D0CE54,Violadores del Verso,Dale tiempo al rumor,hip hop,2.8021749999999908
covariance,2,TRBSLQC128F9333C5D,Shakira,En Tus Pupilas,latin,TRIJHLY12903D0CE4D,Violadores del Verso,Cantando,hip hop,2.2206750000000004
covariance,3,TRBSLQC128F9333C5D,Shakira,En Tus Pupilas,latin,TRWQZXS128F92DB731,Victor Manuelle,Lloré Lloré,latin,1.916399999999997
covariance,1,TRGJXTC128F4278ECC,Shakira,Que Me Quedes Tu,latin,TRTHNFG12903D0CE54,Violadores del Verso,Dale tiempo al rumor,hip hop,3.1608015625000077
covariance,2,TRGJXTC128F4278ECC,Shakira,Que Me Quedes Tu,latin,TRIJHLY12903D0CE4D,Violadores del Verso,Cantando,hip hop,2.5477703125000017
covariance,3,TRGJXTC128F4278ECC,Shakira,Que Me Quedes Tu,latin,TRWAGNG128F4286598,Tego Calderon,Al Natural (Amended Version),latin,2.2642124999999935
covariance,1,TRQEQHH12903CA6CE5,Shakira,Sombra De Ti,latin,TRTHNFG12903D0CE54,Violadores del Verso,Dale tiempo al rumor,hip hop,3.817107812499989
covariance,2,TRQEQHH12903CA6CE5,Shakira,Sombra De Ti,latin,TRTJLTW12903CFF1E9,Los Van Van,El Negro Está Cocinando,latin,3.2753046874999865
covariance,3,TRQEQHH12903CA6CE5,Shakira,Sombra De Ti,latin,TRWQZXS128F92DB731,Victor Manuelle,Lloré Lloré,latin,3.25853437499999
covariance,1,TRXMTST12903CCD9E1,Shakira,Te Dejo Madrid,latin,TRTHNFG12903D0CE54,Violadores del Verso,Dale tiempo al rumor,hip hop,2.288476562500006
covariance,2,TRXMTST12903CCD9E1,Shakira,Te Dejo Madrid,latin,TRIJHLY12903D0CE4D,Violadores del Verso,Cantando,hip hop,1.8176953125000028
covariance,3,TRXMTST12903CCD9E1,Shakira,Te Dejo Madrid,latin,TRRHCLC128F427D727,Fonky Family,Sans Rémission,hip hop,1.5675390625000003
covariance,1,TRAQEOP12903CA65E2,Shakira,Tú,latin,TRTHNFG12903D0CE54,Violadores del Verso,Dale tiempo al rumor,hip hop,1.5190375
covariance,2,TRAQEOP12903CA65E2,Shakira,Tú,latin,TRIJHLY12903D0CE4D,Violadores del Verso,Cantando,hip hop,1.2360375000000026
covariance,3,TRAQEOP12903CA65E2,Shakira,Tú,latin,TRUKWZW128F92CADC2,Daddy Yankee,Como Y Vete,reggae,1.1198499999999993
covariance,1,TRSRORJ128E0791C74,Enrique Iglesias,La Chica De Ayer,latin,TRZZQIP128F92EFEAD,Abba,Move On,pop,1.707624999999994
covariance,2,TRSRORJ128E0791C74,Enrique Iglesias,La Chica De Ayer,latin,TRDOJIR128F42840C0,Horace Andy,Horse With No Name,reggae,1.6327500000000077
covariance,3,TRSRORJ128E0791C74,Enrique Iglesias,La Chica De Ayer,latin,TRTHNFG12903D0CE54,Violadores del Verso,Dale tiempo al rumor,hip hop,1.4641250000000028
covariance,1,TRYDDZE128F92F3B79,Enrique Iglesias,Adicto,latin,TRTHNFG12903D0CE54,Violadores del Verso,Dale tiempo al rumor,hip hop,2.3765578125000046
covariance,2,TRYDDZE128F92F3B79,Enrique Iglesias,Adicto,latin,TRIJHLY12903D0CE4D,Violadores del Verso,Cantando,hip hop,2.0474015624999953
covariance,3,TRYDDZE128F92F3B79,Enrique Iglesias,Adicto,latin,TRWQZXS128F92DB731,Victor Manuelle,Lloré Lloré,latin,1.7038843750000052
covariance,1,TREGBAS128F145EC8B,Enrique Iglesias,Al Despertar,latin,TRWQZXS128F92DB731,Victor Manuelle,Lloré Lloré,latin,1.9942843749999963
covariance,2,TREGBAS128F145EC8B,Enrique Iglesias,Al Despertar,latin,TRTHNFG12903D0CE54,Violadores del Verso,Dale tiempo al rumor,hip hop,1.9379828124999992
covariance,3,TREGBAS128F145EC8B,Enrique Iglesias,Al Despertar,latin,TRIJHLY12903D0CE4D,Violadores del Verso,Cantando,hip hop,1.858576562500002
covariance,1,TRXQFEE128F145EC9A,Enrique Iglesias,Alguien Como Tú,latin,TRTHNFG12903D0CE54,Violadores del Verso,Dale tiempo al rumor,hip hop,1.9483531250000035
covariance,2,TRXQFEE128F145EC9A,Enrique Iglesias,Alguien Como Tú,latin,TRIJHLY12903D0CE4D,Violadores del Verso,Cantando,hip hop,1.7060406249999962
covariance,3,TRXQFEE128F145EC9A,Enrique Iglesias,Alguien Como Tú,latin,TRWQZXS128F92DB731,Victor Manuelle,Lloré Lloré,latin,1.6355437499999965
covariance,1,TRZGBAF128F145ECA8,Enrique Iglesias,Inalcanzable,latin,TRTHNFG12903D0CE54,Violadores del Verso,Dale tiempo al rumor,hip hop,1.1257968750000031
covariance,2,TRZGBAF128F145ECA8,Enrique Iglesias,Inalcanzable,latin,TRIJHLY12903D0CE4D,Violadores del Verso,Cantando,hip hop,0.8861093750000048
covariance,3,TRZGBAF128F145ECA8,Enrique Iglesias,Inalcanzable,latin,TRDALZN128F92DC514,Alain Clark,Heerlijk,r&b/soul,0.8472187499999952
covariance,1,TRUQGGJ128F427E02B,Enrique Iglesias,Lloro Por Ti,latin,TRTHNFG12903D0CE54,Violadores del Verso,Dale tiempo al rumor,hip hop,3.443321875000013
covariance,2,TRUQGGJ128F427E02B,Enrique Iglesias,Lloro Por Ti,latin,TRIJHLY12903D0CE4D,Violadores del Verso,Cantando,hip hop,2.7541343749999947
covariance,3,TRUQGGJ128F427E02B,Enrique Iglesias,Lloro Por Ti,latin,TRWQZXS128F92DB731,Victor Manuelle,Lloré Lloré,latin,2.194356250000007
covariance,1,TRDEKRZ128E0791C7A,Enrique Iglesias,Mamacita,latin,TRTHNFG12903D0CE54,Violadores del Verso,Dale tiempo al rumor,hip hop,2.024814062500005
covariance,2,TRDEKRZ128E0791C7A,Enrique Iglesias,Mamacita,latin,TRIJHLY12903D0CE4D,Violadores del Verso,Cantando,hip hop,1.9470328124999912
covariance,3,TRDEKRZ128E0791C7A,Enrique Iglesias,Mamacita,latin,TRTJLTW12903CFF1E9,Los Van Van,El Negro Está Cocinando,latin,1.7603984375000008
covariance,1,TRFFSMS128F428BC88,Enrique Iglesias,Miss You,latin,TRFUJVJ128F426F2A2,Lauryn Hill,Interlude 5,r&b/soul,15.947500000000032
covariance,2,TRFFSMS128F428BC88,Enrique Iglesias,Miss You,latin,TRWSYHO128F4282346,Twista,I'm A Winner (Amended Album Version),hip hop,14.29601562500002
covariance,3,TRFFSMS128F428BC88,Enrique Iglesias,Miss You,latin,TREBGAA128E078FC52,Erykah Badu,I Want You,r&b/soul,13.207226562500033
covariance,1,TRUPWID128F4215874,Enrique Iglesias,Para De Jugar,latin,TRTHNFG12903D0CE54,Violadores del Verso,Dale tiempo al rumor,hip hop,2.462267187500009
covariance,2,TRUPWID128F4215874,Enrique Iglesias,Para De Jugar,latin,TRIJHLY12903D0CE4D,Violadores del Verso,Cantando,hip hop,2.245423437500005
covariance,3,TRUPWID128F4215874,Enrique Iglesias,Para De Jugar,latin,TRGQZPV12903CC3EB3,Wisin & Yandel,Por Mi Reggae Muero,reggae,2.0780828124999964
covariance,1,TRIIBVP128E0792750,Enrique Iglesias,She Be The One,latin,TRFUJVJ128F426F2A2,Lauryn Hill,Interlude 5,r&b/soul,7.560000000000022
covariance,2,TRIIBVP128E0792750,Enrique Iglesias,She Be The One,latin,TRWSYHO128F4282346,Twista,I'm A Winner (Amended Album Version),hip hop,7.1590625000000045
covariance,3,TRIIBVP128E0792750,Enrique Iglesias,She Be The One,latin,TRQAWKR128F425EEC3,Michael Jackson,Man In The Mirror,pop,4.8671875000000036
covariance,1,TRQMXBD128F145ECA2,Enrique Iglesias,Trapecista,latin,TRTHNFG12903D0CE54,Violadores del Verso,Dale tiempo al rumor,hip hop,2.337684375000002
covariance,2,TRQMXBD128F145ECA2,Enrique Iglesias,Trapecista,latin,TRIJHLY12903D0CE4D,Violadores del Verso,Cantando,hip hop,1.9919968750000001
covariance,3,TRQMXBD128F145ECA2,Enrique Iglesias,Trapecista,latin,TRUKWZW128F92CADC2,Daddy Yankee,Como Y Vete,reggae,1.8165750000000025
covariance,1,TREGRRQ128F145EC8D,Enrique Iglesias,Tu Vacio,latin,TRTHNFG12903D0CE54,Violadores del Verso,Dale tiempo al rumor,hip hop,3.2643249999999955
covariance,2,TREGRRQ128F145EC8D,Enrique Iglesias,Tu Vacio,latin,TRIJHLY12903D0CE4D,Violadores del Verso,Cantando,hip hop,2.768325000000003
covariance,3,TREGRRQ128F145EC8D,Enrique Iglesias,Tu Vacio,latin,TRWQZXS128F92DB731,Victor Manuelle,Lloré Lloré,latin,2.39185
covariance,1,TRLILBA128F42158A3,Enrique Iglesias,Volveré,latin,TRTHNFG12903D0CE54,Violadores del Verso,Dale tiempo al rumor,hip hop,2.105045312500005
covariance,2,TRLILBA128F42158A3,Enrique Iglesias,Volveré,latin,TRWQZXS128F92DB731,Victor Manuelle,Lloré Lloré,latin,1.8614093749999947
covariance,3,TRLILBA128F42158A3,Enrique Iglesias,Volveré,latin,TRWAGNG128F4286598,Tego Calderon,Al Natural (Amended Version),latin,1.8327625000000012
covariance,1,TRBFJPO128F4295BE3,Shakira,Estoy Aquí,latin,TRTHNFG12903D0CE54,Violadores del Verso,Dale tiempo al rumor,hip hop,0.8056734374999991
covariance,2,TRBFJPO128F4295BE3,Shakira,Estoy Aquí,latin,TRRKWPY12903CAAC5D,Johnny Prez,Te Vuelvo Loca,reggae,0.6862906250000003
covariance,3,TRBFJPO128F4295BE3,Shakira,Estoy Aquí,latin,TRWAGNG128F4286598,Tego Calderon,Al Natural (Amended Version),latin,0.6427375000000033
covariance,1,TRCLERB12903CBBC8D,Santana,Life Is Anew,latin,TRFUJVJ128F426F2A2,Lauryn Hill,Interlude 5,r&b/soul,2.2345000000000006
covariance,2,TRCLERB12903CBBC8D,Santana,Life Is Anew,latin,TRWSYHO128F4282346,Twista,I'm A Winner (Amended Album Version),hip hop,1.620984374999999
covariance,3,TRCLERB12903CBBC8D,Santana,Life Is Anew,latin,TRDPGXU128F9339C2A,Beastie Boys,B-Boy Bouillabaisse: A.W.O.L. (2009 Digital Remaster),hip hop,1.3902578125000016
covariance,1,TRNXCMJ128F4295BC6,Shakira,Donde Estas Corazon,latin,TRTHNFG12903D0CE54,Violadores del Verso,Dale tiempo al rumor,hip hop,3.05300312499999
covariance,2,TRNXCMJ128F4295BC6,Shakira,Donde Estas Corazon,latin,TRDVUEH12903D0FAA9,Violadores del Verso,La ciudad nunca duerme,hip hop,2.3839562499999993
covariance,3,TRNXCMJ128F4295BC6,Shakira,Donde Estas Corazon,latin,TRRCXJT128F425BB27,Rey Ruiz,No Existe Un Lugar,latin,2.2782125000000066
covariance,1,TRNXJGR128F93044E7,Shakira,Octavo Día,latin,TRTHNFG12903D0CE54,Violadores del Verso,Dale tiempo al rumor,hip hop,1.583368750000004
covariance,2,TRNXJGR128F93044E7,Shakira,Octavo Día,latin,TRIJHLY12903D0CE4D,Violadores del Verso,Cantando,hip hop,1.494493750000006
covariance,3,TRNXJGR128F93044E7,Shakira,Octavo Día,latin,TRWQZXS128F92DB731,Victor Manuelle,Lloré Lloré,latin,1.2167624999999953
covariance,1,TRJHDIB128F92E5849,Shakira,Te Necesito,latin,TRTHNFG12903D0CE54,Violadores del Verso,Dale tiempo al rumor,hip hop,2.0896390624999976
covariance,2,TRJHDIB128F92E5849,Shakira,Te Necesito,latin,TRIJHLY12903D0CE4D,Violadores del Verso,Cantando,hip hop,1.7021078125000058
covariance,3,TRJHDIB128F92E5849,Shakira,Te Necesito,latin,TRRKWPY12903CAAC5D,Johnny Prez,Te Vuelvo Loca,reggae,1.6805843749999925
covariance,1,TRYQVKS128F4259A11,Santana,Evil Ways,latin,TRFUJVJ128F426F2A2,Lauryn Hill,Interlude 5,r&b/soul,4.563249999999985
covariance,2,TRYQVKS128F4259A11,Santana,Evil Ways,latin,TRDPGXU128F9339C2A,Beastie Boys,B-Boy Bouillabaisse: A.W.O.L. (2009 Digital Remaster),hip hop,3.171000000000012
covariance,3,TRYQVKS128F4259A11,Santana,Evil Ways,latin,TRQAWKR128F425EEC3,Michael Jackson,Man In The Mirror,pop,3.1445000000000114
covariance,1,TRSOTQI128E0789132,Pink Martini,Anna (el negro zumbon),latin,TRFUJVJ128F426F2A2,Lauryn Hill,Interlude 5,r&b/soul,3.234749999999995
covariance,2,TRSOTQI128E0789132,Pink Martini,Anna (el negro zumbon),latin,TRUGLTC128F4227B93,Danity Kane,Hold Me Down (Album Version),r&b/soul,2.6740468749999993
covariance,3,TRSOTQI128E0789132,Pink Martini,Anna (el negro zumbon),latin,TRVLIZK128F428845E,Five,That's What You Told Me,pop,2.1918437499999963
covariance,1,TRZHOUV128F9316269,Chavela Vargas,Piensa en mi,latin,TRZZQIP128F92EFEAD,Abba,Move On,pop,0.7492406249999951
covariance,2,TRZHOUV128F9316269,Chavela Vargas,Piensa en mi,latin,TRTHNFG12903D0CE54,Violadores del Verso,Dale tiempo al rumor,hip hop,0.7247218750000015
covariance,3,TRZHOUV128F9316269,Chavela Vargas,Piensa en mi,latin,TRDOJIR128F42840C0,Horace Andy,Horse With No Name,reggae,0.7202000000000084
covariance,1,TRPXMGA128F42A98BA,Santana,Esperando,latin,TRIMKIC128F4271EA8,Nina Simone,My Baby Just Cares For Me,jazz,1.3148499999999954
covariance,2,TRPXMGA128F42A98BA,Santana,Esperando,latin,TRRSNPA128F148C45E,The Roots,Mellow My Man,hip hop,1.276274999999996
covariance,3,TRPXMGA128F42A98BA,Santana,Esperando,latin,TRDPGXU128F9339C2A,Beastie Boys,B-Boy Bouillabaisse: A.W.O.L. (2009 Digital Remaster),hip hop,1.1870749999999992
covariance,1,TRBYMWR128F425DD8E,Beyoncé,Beautiful Liar (Bello Embustero),latin,TRFFSMS128F428BC88,Enrique Iglesias,Miss You,latin,2.3051562499999996
covariance,2,TRBYMWR128F425DD8E,Beyoncé,Beautiful Liar (Bello Embustero),latin,TRLUGVB128F428E704,Tracey Ullman,Breakaway,pop,2.1181687499999975
covariance,3,TRBYMWR128F425DD8E,Beyoncé,Beautiful Liar (Bello Embustero),latin,TRTHNFG12903D0CE54,Violadores del Verso,Dale tiempo al rumor,hip hop,2.1065062499999994
covariance,1,TRPAZDJ128F42881A1,Juanes,Rosario Tijeras,latin,TRZZQIP128F92EFEAD,Abba,Move On,pop,3.413501562500002
covariance,2,TRPAZDJ128F42881A1,Juanes,Rosario Tijeras,latin,TRDOJIR128F42840C0,Horace Andy,Horse With No Name,reggae,3.1569249999999767
covariance,3,TRPAZDJ128F42881A1,Juanes,Rosario Tijeras,latin,TRTHNFG12903D0CE54,Violadores del Verso,Dale tiempo al rumor,hip hop,2.9978796875000007
covariance,1,TRHZGZO128F9341C4A,Ricardo Arjona,Animal Nocturno,latin,TRTHNFG12903D0CE54,Violadores del Verso,Dale tiempo al rumor,hip hop,2.9240578125000036
covariance,2,TRHZGZO128F9341C4A,Ricardo Arjona,Animal Nocturno,latin,TRIJHLY12903D0CE4D,Violadores del Verso,Cantando,hip hop,2.6324015624999997
covariance,3,TRHZGZO128F9341C4A,Ricardo Arjona,Animal Nocturno,latin,TRTJLTW12903CFF1E9,Los Van Van,El Negro Está Cocinando,latin,2.007554687500007
covariance,1,TRDFNLR12903CB0FE4,Camila,Alejate De Mi,latin,TRTHNFG12903D0CE54,Violadores del Verso,Dale tiempo al rumor,hip hop,3.3536921875000076
covariance,2,TRDFNLR12903CB0FE4,Camila,Alejate De Mi,latin,TRWQZXS128F92DB731,Victor Manuelle,Lloré Lloré,latin,3.050615625000004
covariance,3,TRDFNLR12903CB0FE4,Camila,Alejate De Mi,latin,TRTJLTW12903CFF1E9,Los Van Van,El Negro Está Cocinando,latin,2.964945312499999
covariance,1,TROBWIG12903CB0FD7,Camila,Entre Tus Alas,latin,TRTHNFG12903D0CE54,Violadores del Verso,Dale tiempo al rumor,hip hop,2.299479687499999
covariance,2,TROBWIG12903CB0FD7,Camila,Entre Tus Alas,latin,TRIJHLY12903D0CE4D,Violadores del Verso,Cantando,hip hop,1.8443859374999951
covariance,3,TROBWIG12903CB0FD7,Camila,Entre Tus Alas,latin,TRWQZXS128F92DB731,Victor Manuelle,Lloré Lloré,latin,1.5855406250000028
covariance,1,TRDWUTF12903CA9249,Camila,Me Basto,latin,TRTHNFG12903D0CE54,Violadores del Verso,Dale tiempo al rumor,hip hop,1.6181062499999987
covariance,2,TRDWUTF12903CA9249,Camila,Me Basto,latin,TRIJHLY12903D0CE4D,Violadores del Verso,Cantando,hip hop,1.500231249999999
covariance,3,TRDWUTF12903CA9249,Camila,Me Basto,latin,TRUKWZW128F92CADC2,Daddy Yankee,Como Y Vete,reggae,1.5002000000000033
covariance,1,TRCRNBS128F9347F55,Camila,Va Para Ti,latin,TRFFSMS128F428BC88,Enrique Iglesias,Miss You,latin,4.717499999999995
covariance,2,TRCRNBS128F9347F55,Camila,Va Para Ti,latin,TRLUGVB128F428E704,Tracey Ullman,Breakaway,pop,4.255799999999992
covariance,3,TRCRNBS128F9347F55,Camila,Va Para Ti,latin,TRTJLTW12903CFF1E9,Los Van Van,El Negro Está Cocinando,latin,3.5895000000000095
covariance,1,TRDYKYQ12903CAD2B8,Reik,Fui,latin,TRTHNFG12903D0CE54,Violadores del Verso,Dale tiempo al rumor,hip hop,1.3435437500000007
covariance,2,TRDYKYQ12903CAD2B8,Reik,Fui,latin,TRIJHLY12903D0CE4D,Violadores del Verso,Cantando,hip hop,1.1506687499999981
covariance,3,TRDYKYQ12903CAD2B8,Reik,Fui,latin,TRDVUEH12903D0FAA9,Violadores del Verso,La ciudad nunca duerme,hip hop,0.9731375000000019
covariance,1,TRAYQRI12903CAD2A1,Reik,Ilusionado,latin,TRTHNFG12903D0CE54,Violadores del Verso,Dale tiempo al rumor,hip hop,1.4939859375000055
covariance,2,TRAYQRI12903CAD2A1,Reik,Ilusionado,latin,TRTJLTW12903CFF1E9,Los Van Van,El Negro Está Cocinando,latin,1.4386015625000053
covariance,3,TRAYQRI12903CAD2A1,Reik,Ilusionado,latin,TRIJHLY12903D0CE4D,Violadores del Verso,Cantando,hip hop,1.3677671874999975
covariance,1,TRGFMTT12903CAD2A2,Reik,Piel De Ciudad,latin,TRIJHLY12903D0CE4D,Violadores del Verso,Cantando,hip hop,1.4880250000000013
covariance,2,TRGFMTT12903CAD2A2,Reik,Piel De Ciudad,latin,TRWQZXS128F92DB731,Victor Manuelle,Lloré Lloré,latin,1.4447000000000036
covariance,3,TRGFMTT12903CAD2A2,Reik,Piel De Ciudad,latin,TRTHNFG12903D0CE54,Violadores del Verso,Dale tiempo al rumor,hip hop,1.443775000000003
covariance,1,TRJXNZL128F92E54EE,Reik,Quedate,latin,TRTHNFG12903D0CE54,Violadores del Verso,Dale tiempo al rumor,hip hop,3.068090624999989
covariance,2,TRJXNZL128F92E54EE,Reik,Quedate,latin,TRTJLTW12903CFF1E9,Los Van Van,El Negro Está Cocinando,latin,2.4374843749999995
covariance,3,TRJXNZL128F92E54EE,Reik,Quedate,latin,TRIJHLY12903D0CE4D,Violadores del Verso,Cantando,hip hop,2.3367781250000017
covariance,1,TRDOVAF128F93112F7,Animal Collective,Brother Sport,latin,TRFUJVJ128F426F2A2,Lauryn Hill,Interlude 5,r&b/soul,3.142950000000001
covariance,2,TRDOVAF128F93112F7,Animal Collective,Brother Sport,latin,TRLCWTH128F92C7F82,Marques Houston,Cancel (Album Version),r&b/soul,2.5407093750000005
covariance,3,TRDOVAF128F93112F7,Animal Collective,Brother Sport,latin,TRCDMRL12903CB105C,Fatboy Slim,Acid 8000,electronic,2.4678031249999997
covariance,1,TRVPMSA128F9331D03,Metallica,The Prince,metal,TRDPGXU128F9339C2A,Beastie Boys,B-Boy Bouillabaisse: A.W.O.L. (2009 Digital Remaster),hip hop,1.882360937500002
covariance,2,TRVPMSA128F9331D03,Metallica,The Prince,metal,TREBGAA128E078FC52,Erykah Badu,I Want You,r&b/soul,1.709407812499993
covariance,3,TRVPMSA128F9331D03,Metallica,The Prince,metal,TRFUJVJ128F426F2A2,Lauryn Hill,Interlude 5,r&b/soul,1.6300499999999951
covariance,1,TRPCZPE12903CAF5BD,Avenged Sevenfold,Second Heartbeat,metal,TRFUJVJ128F426F2A2,Lauryn Hill,Interlude 5,r&b/soul,3.613100000000005
covariance,2,TRPCZPE12903CAF5BD,Avenged Sevenfold,Second Heartbeat,metal,TRWSYHO128F4282346,Twista,I'm A Winner (Amended Album Version),hip hop,2.932287499999997
covariance,3,TRPCZPE12903CAF5BD,Avenged Sevenfold,Second Heartbeat,metal,TRDPGXU128F9339C2A,Beastie Boys,B-Boy Bouillabaisse: A.W.O.L. (2009 Digital Remaster),hip hop,2.8839562500000016
covariance,1,TRNUDHG12903CAF56B,Avenged Sevenfold,To End The Rapture,metal,TRFUJVJ128F426F2A2,Lauryn Hill,Interlude 5,r&b/soul,0.7226999999999997
covariance,2,TRNUDHG12903CAF56B,Avenged Sevenfold,To End The Rapture,metal,TRLDRYJ128F930BBB4,Pain of Salvation,Spitfall,metal,0.3974874999999997
covariance,3,TRNUDHG12903CAF56B,Avenged Sevenfold,To End The Rapture,metal,TRTLIKK128E07862DA,Ja Rule,One of Us,hip hop,0.3925937499999997
covariance,1,TRJAABI12903CF759F,blessthefall,Witness,metal,TRFUJVJ128F426F2A2,Lauryn Hill,Interlude 5,r&b/soul,6.456550000000006
covariance,2,TRJAABI12903CF759F,blessthefall,Witness,metal,TRWSYHO128F4282346,Twista,I'm A Winner (Amended Album Version),hip hop,5.130831250000003
covariance,3,TRJAABI12903CF759F,blessthefall,Witness,metal,TRGLNKG128F9307689,Eminem,My Darling,hip hop,4.558728125
covariance,1,TRREMAP128F42983BD,HIM,Heartache Every Moment,metal,TRFUJVJ128F426F2A2,Lauryn Hill,Interlude 5,r&b/soul,2.786250000000013
covariance,2,TRREMAP128F42983BD,HIM,Heartache Every Moment,metal,TRGUCIR128F933D817,Vanilla Ice,Ice Is Workin' It,hip hop,2.1293750000000093
covariance,3,TRREMAP128F42983BD,HIM,Heartache Every Moment,metal,TRBVPVV128F425F14F,Daft Punk,Touch It / Technologic,electronic,2.02257812499999
covariance,1,TRFRDZW128F429C337,HIM,Sigillum Diaboli,metal,TRFUJVJ128F426F2A2,Lauryn Hill,Interlude 5,r&b/soul,9.265400000000007
covariance,2,TRFRDZW128F429C337,HIM,Sigillum Diaboli,metal,TREBGAA128E078FC52,Erykah Badu,I Want You,r&b/soul,8.430731250000033
covariance,3,TRFRDZW128F429C337,HIM,Sigillum Diaboli,metal,TRDPGXU128F9339C2A,Beastie Boys,B-Boy Bouillabaisse: A.W.O.L. (2009 Digital Remaster),hip hop,8.134043749999995
covariance,1,TRHVUCJ128F934B68C,As I Lay Dying,Refined By Your Embrace,metal,TRWSYHO128F4282346,Twista,I'm A Winner (Amended Album Version),hip hop,1.7370906249999927
covariance,2,TRHVUCJ128F934B68C,As I Lay Dying,Refined By Your Embrace,metal,TRFUJVJ128F426F2A2,Lauryn Hill,Interlude 5,r&b/soul,1.5301999999999993
covariance,3,TRHVUCJ128F934B68C,As I Lay Dying,Refined By Your Embrace,metal,TRDPGXU128F9339C2A,Beastie Boys,B-Boy Bouillabaisse: A.W.O.L. (2009 Digital Remaster),hip hop,1.3856546875000075
covariance,1,TRIBZVH128F934B68D,As I Lay Dying,The Innocence Spilled,metal,TRFUJVJ128F426F2A2,Lauryn Hill,Interlude 5,r&b/soul,1.508899999999998
covariance,2,TRIBZVH128F934B68D,As I Lay Dying,The Innocence Spilled,metal,TRDPGXU128F9339C2A,Beastie Boys,B-Boy Bouillabaisse: A.W.O.L. (2009 Digital Remaster),hip hop,1.3072781249999974
covariance,3,TRIBZVH128F934B68D,As I Lay Dying,The Innocence Spilled,metal,TRGLNKG128F9307689,Eminem,My Darling,hip hop,1.229559375000005
covariance,1,TRZOLOQ128F428FA00,August Burns Red,An American Dream,metal,TRFUJVJ128F426F2A2,Lauryn Hill,Interlude 5,r&b/soul,0.5993499999999973
covariance,2,TRZOLOQ128F428FA00,August Burns Red,An American Dream,metal,TRTLIKK128E07862DA,Ja Rule,One of Us,hip hop,0.550281249999999
covariance,3,TRZOLOQ128F428FA00,August Burns Red,An American Dream,metal,TRTUCHE128F425B7CC,Jennifer Lopez,The Way It Is,pop,0.5476187499999953
covariance,1,TRFQWAQ128F14B084D,Underoath,The Changing Of Times,metal,TRFUJVJ128F426F2A2,Lauryn Hill,Interlude 5,r&b/soul,3.4496499999999926
covariance,2,TRFQWAQ128F14B084D,Underoath,The Changing Of Times,metal,TRWSYHO128F4282346,Twista,I'm A Winner (Amended Album Version),hip hop,2.697806250000002
covariance,3,TRFQWAQ128F14B084D,Underoath,The Changing Of Times,metal,TRDPGXU128F9339C2A,Beastie Boys,B-Boy Bouillabaisse: A.W.O.L. (2009 Digital Remaster),hip hop,2.456871875000005
covariance,1,TRLKWJA128F92E154E,Haste The Day,Autumn,metal,TRBVPVV128F425F14F,Daft Punk,Touch It / Technologic,electronic,0.8982828124999972
covariance,2,TRLKWJA128F92E154E,Haste The Day,Autumn,metal,TRUEGMJ128F148D40C,Slick Rick,Let's Get Crazy,hip hop,0.8427234374999932
covariance,3,TRLKWJA128F92E154E,Haste The Day,Autumn,metal,TRDPGXU128F9339C2A,Beastie Boys,B-Boy Bouillabaisse: A.W.O.L. (2009 Digital Remaster),hip hop,0.8317984375000036
covariance,1,TRNQSWR128EF34375F,Haste The Day,Chorus Of Angels,metal,TRYQAJC128F145A2CF,Röyksopp,Remind Me (Live),electronic,3.1068937500000002
covariance,2,TRNQSWR128EF34375F,Haste The Day,Chorus Of Angels,metal,TRJAZRW12903CAFA01,Fatboy Slim,Right Here Right Now,electronic,2.9534500000000032
covariance,3,TRNQSWR128EF34375F,Haste The Day,Chorus Of Angels,metal,TRTLIKK128E07862DA,Ja Rule,One of Us,hip hop,2.909187499999995
covariance,1,TRGQLSE128F93257D8,Demon Hunter,Follow The Wolves,metal,TRTLIKK128E07862DA,Ja Rule,One of Us,hip hop,1.657515624999999
covariance,2,TRGQLSE128F93257D8,Demon Hunter,Follow The Wolves,metal,TREADOS128E078EC1F,Eminem,If I Had,hip hop,1.2071421874999995
covariance,3,TRGQLSE128F93257D8,Demon Hunter,Follow The Wolves,metal,TRLXCIQ128F429142D,BAL-SAGOTH,The chronicle of shadows,metal,0.9932500000000014
covariance,1,TRCAWAA128F93257D1,Demon Hunter,I Am You,metal,TRFUJVJ128F426F2A2,Lauryn Hill,Interlude 5,r&b/soul,4.010149999999991
covariance,2,TRCAWAA128F93257D1,Demon Hunter,I Am You,metal,TRDPGXU128F9339C2A,Beastie Boys,B-Boy Bouillabaisse: A.W.O.L. (2009 Digital Remaster),hip hop,2.7955984374999945
covariance,3,TRCAWAA128F93257D1,Demon Hunter,I Am You,metal,TRWSYHO128F4282346,Twista,I'm A Winner (Amended Album Version),hip hop,2.760103125000008
covariance,1,TRWPRIF128EF34B8F8,Demon Hunter,The Science Of Lies,metal,TRFUJVJ128F426F2A2,Lauryn Hill,Interlude 5,r&b/soul,3.2222499999999945
covariance,2,TRWPRIF128EF34B8F8,Demon Hunter,The Science Of Lies,metal,TRTLIKK128E07862DA,Ja Rule,One of Us,hip hop,2.3009375000000047
covariance,3,TRWPRIF128EF34B8F8,Demon Hunter,The Science Of Lies,metal,TRDPGXU128F9339C2A,Beastie Boys,B-Boy Bouillabaisse: A.W.O.L. (2009 Digital Remaster),hip hop,1.9225312500000016
covariance,1,TRKLLYD128F4273FF4,Ozzy Osbourne,Slow Down,metal,TRFUJVJ128F426F2A2,Lauryn Hill,Interlude 5,r&b/soul,6.377949999999988
covariance,2,TRKLLYD128F4273FF4,Ozzy Osbourne,Slow Down,metal,TRWSYHO128F4282346,Twista,I'm A Winner (Amended Album Version),hip hop,4.8139812499999985
covariance,3,TRKLLYD128F4273FF4,Ozzy Osbourne,Slow Down,metal,TRGLNKG128F9307689,Eminem,My Darling,hip hop,4.671178124999991
covariance,1,TRQJQNX128F4266704,Ozzy Osbourne,Steal Away (The Night),metal,TRFUJVJ128F426F2A2,Lauryn Hill,Interlude 5,r&b/soul,2.417000000000008
covariance,2,TRQJQNX128F4266704,Ozzy Osbourne,Steal Away (The Night),metal,TRDPGXU128F9339C2A,Beastie Boys,B-Boy Bouillabaisse: A.W.O.L. (2009 Digital Remaster),hip hop,1.6384218750000048
covariance,3,TRQJQNX128F4266704,Ozzy Osbourne,Steal Away (The Night),metal,TRGLNKG128F9307689,Eminem,My Darling,hip hop,1.5938906250000011
covariance,1,TRYIKZR128E0783C64,Megadeth,Black Curtains (2004 Digital Remaster),metal,TRDPGXU128F9339C2A,Beastie Boys,B-Boy Bouillabaisse: A.W.O.L. (2009 Digital Remaster),hip hop,1.6736109375000023
covariance,2,TRYIKZR128E0783C64,Megadeth,Black Curtains (2004 Digital Remaster),metal,TRFUJVJ128F426F2A2,Lauryn Hill,Interlude 5,r&b/soul,1.5825499999999977
covariance,3,TRYIKZR128E0783C64,Megadeth,Black Curtains (2004 Digital Remaster),metal,TRRSNPA128F148C45E,The Roots,Mellow My Man,hip hop,1.5553390624999965
covariance,1,TRIOZOZ128F92FA0C2,Megadeth,Die Dead Enough,metal,TRDPGXU128F9339C2A,Beastie Boys,B-Boy Bouillabaisse: A.W.O.L. (2009 Digital Remaster),hip hop,9.267000000000014
covariance,2,TRIOZOZ128F92FA0C2,Megadeth,Die Dead Enough,metal,TRKLJAG128F42B31CF,Mario Vazquez,Everytime I...,r&b/soul,9.042500000000075
covariance,3,TRIOZOZ128F92FA0C2,Megadeth,Die Dead Enough,metal,TRCHZXW128E079288A,Eminem,8 Mile,hip hop,9.033000000000024
covariance,1,TRUHHWN128F93045BA,Drowning Pool,Bodies,metal,TRUGLTC128F4227B93,Danity Kane,Hold Me Down (Album Version),r&b/soul,2.1863999999999892
covariance,2,TRUHHWN128F93045BA,Drowning Pool,Bodies,metal,TRRIRMX128F92E6272,Akon,Locked Up,hip hop,2.1797750000000145
covariance,3,TRUHHWN128F93045BA,Drowning Pool,Bodies,metal,TRSUMJS12903CA98EE,Jessica Mauboy,Let Me Be Me,r&b/soul,2.0489499999999903
covariance,1,TRJHNLI128F934B2CA,Cannibal Corpse,Rotting Head,metal,TRTLIKK128E07862DA,Ja Rule,One of Us,hip hop,0.9102812500000013
covariance,2,TRJHNLI128F934B2CA,Cannibal Corpse,Rotting Head,metal,TRHNOMB12903CB2544,Life Without Buildings,New Town,rock,0.770534374999998
covariance,3,TRJHNLI128F934B2CA,Cannibal Corpse,Rotting Head,metal,TRFLWJZ128F425C9E4,The Pharcyde,Otha Fish,hip hop,0.770515624999999
covariance,1,TRQGFHN128F428643E,Slipknot,Gehenna,metal,TRFUJVJ128F426F2A2,Lauryn Hill,Interlude 5,r&b/soul,7.53115000000001
covariance,2,TRQGFHN128F428643E,Slipknot,Gehenna,metal,TRWSYHO128F4282346,Twista,I'm A Winner (Amended Album Version),hip hop,7.438603124999958
covariance,3,TRQGFHN128F428643E,Slipknot,Gehenna,metal,TREBGAA128E078FC52,Erykah Badu,I Want You,r&b/soul,7.171145312499959
covariance,1,TRHCDHI128F92C4B9B,Slipknot,[sic] [Explicit],metal,TRFUJVJ128F426F2A2,Lauryn Hill,Interlude 5,r&b/soul,5.79140000000001
covariance,2,TRHCDHI128F92C4B9B,Slipknot,[sic] [Explicit],metal,TRWSYHO128F4282346,Twista,I'm A Winner (Amended Album Version),hip hop,5.541353125000005
covariance,3,TRHCDHI128F92C4B9B,Slipknot,[sic] [Explicit],metal,TREBGAA128E078FC52,Erykah Badu,I Want You,r&b/soul,4.70877031249998
covariance,1,TRVHKNP128F429DDCE,Nine Inch Nails,Gunshots by Computer,metal,TRFUJVJ128F426F2A2,Lauryn Hill,Interlude 5,r&b/soul,3.4449499999999977
covariance,2,TRVHKNP128F429DDCE,Nine Inch Nails,Gunshots by Computer,metal,TRWSYHO128F4282346,Twista,I'm A Winner (Amended Album Version),hip hop,2.867856250000013
covariance,3,TRVHKNP128F429DDCE,Nine Inch Nails,Gunshots by Computer,metal,TRDPGXU128F9339C2A,Beastie Boys,B-Boy Bouillabaisse: A.W.O.L. (2009 Digital Remaster),hip hop,2.628771875000005
covariance,1,TREFLCZ128F4236589,Killswitch Engage,Hope Is... (Album Version),metal,TRYQAJC128F145A2CF,Röyksopp,Remind Me (Live),electronic,2.1645375
covariance,2,TREFLCZ128F4236589,Killswitch Engage,Hope Is... (Album Version),metal,TRFUJVJ128F426F2A2,Lauryn Hill,Interlude 5,r&b/soul,1.9084499999999993
covariance,3,TREFLCZ128F4236589,Killswitch Engage,Hope Is... (Album Version),metal,TRFFSMS128F428BC88,Enrique Iglesias,Miss You,latin,1.7715625000000055
covariance,1,TRQFRJG128F4260199,Opeth,The Moor,metal,TRFUJVJ128F426F2A2,Lauryn Hill,Interlude 5,r&b/soul,3.9433500000000117
covariance,2,TRQFRJG128F4260199,Opeth,The Moor,metal,TRDPGXU128F9339C2A,Beastie Boys,B-Boy Bouillabaisse: A.W.O.L. (2009 Digital Remaster),hip hop,3.30224531250001
covariance,3,TRQFRJG128F4260199,Opeth,The Moor,metal,TRWSYHO128F4282346,Twista,I'm A Winner (Amended Album Version),hip hop,2.6037093750000087
covariance,1,TRMFSTL128F427B6C1,Atreyu,This Flesh A Tomb (Instrumental Version),metal,TRFUJVJ128F426F2A2,Lauryn Hill,Interlude 5,r&b/soul,4.854300000000006
covariance,2,TRMFSTL128F427B6C1,Atreyu,This Flesh A Tomb (Instrumental Version),metal,TRDPGXU128F9339C2A,Beastie Boys,B-Boy Bouillabaisse: A.W.O.L. (2009 Digital Remaster),hip hop,4.368001562499987
covariance,3,TRMFSTL128F427B6C1,Atreyu,This Flesh A Tomb (Instrumental Version),metal,TRWSYHO128F4282346,Twista,I'm A Winner (Amended Album Version),hip hop,3.8420968750000153
covariance,1,TRALERK12903CDCAFD,For Today,A Higher Standard,metal,TRFUJVJ128F426F2A2,Lauryn Hill,Interlude 5,r&b/soul,2.1981999999999973
covariance,2,TRALERK12903CDCAFD,For Today,A Higher Standard,metal,TRBVPVV128F425F14F,Daft Punk,Touch It / Technologic,electronic,1.622193750000003
covariance,3,TRALERK12903CDCAFD,For Today,A Higher Standard,metal,TRGUCIR128F933D817,Vanilla Ice,Ice Is Workin' It,hip hop,1.6038500000000062
covariance,1,TRDIJKP12903CDCAF4,For Today,Redemption,metal,TRFUJVJ128F426F2A2,Lauryn Hill,Interlude 5,r&b/soul,1.9942499999999979
covariance,2,TRDIJKP12903CDCAF4,For Today,Redemption,metal,TRDPGXU128F9339C2A,Beastie Boys,B-Boy Bouillabaisse: A.W.O.L. (2009 Digital Remaster),hip hop,1.5643906250000001
covariance,3,TRDIJKP12903CDCAF4,For Today,Redemption,metal,TRGLNKG128F9307689,Eminem,My Darling,hip hop,1.3245468749999987
covariance,1,TRZQYIJ128F92E7F49,Lamb Of God,We Die Alone (Bonus Track),metal,TRFUJVJ128F426F2A2,Lauryn Hill,Interlude 5,r&b/soul,1.7749000000000046
covariance,2,TRZQYIJ128F92E7F49,Lamb Of God,We Die Alone (Bonus Track),metal,TRFSCLD12903CD213F,The Prodigy,We Gonna Rock,electronic,1.4243000000000041
covariance,3,TRZQYIJ128F92E7F49,Lamb Of God,We Die Alone (Bonus Track),metal,TRKRVKD128F9327008,Hollywood Undead,Undead,hip hop,1.1449750000000005
covariance,1,TRMYVVL128F92E865E,STRATOVARIUS,Elements,metal,TRTLIKK128E07862DA,Ja Rule,One of Us,hip hop,2.5043906249999965
covariance,2,TRMYVVL128F92E865E,STRATOVARIUS,Elements,metal,TRFUJVJ128F426F2A2,Lauryn Hill,Interlude 5,r&b/soul,2.421950000000002
covariance,3,TRMYVVL128F92E865E,STRATOVARIUS,Elements,metal,TRDPGXU128F9339C2A,Beastie Boys,B-Boy Bouillabaisse: A.W.O.L. (2009 Digital Remaster),hip hop,2.3013734375000015
covariance,1,TRIKFKO128F426A6FC,STRATOVARIUS,Know The Difference,metal,TRFUJVJ128F426F2A2,Lauryn Hill,Interlude 5,r&b/soul,3.618800000000004
covariance,2,TRIKFKO128F426A6FC,STRATOVARIUS,Know The Difference,metal,TRDPGXU128F9339C2A,Beastie Boys,B-Boy Bouillabaisse: A.W.O.L. (2009 Digital Remaster),hip hop,2.530524999999996
covariance,3,TRIKFKO128F426A6FC,STRATOVARIUS,Know The Difference,metal,TRQAWKR128F425EEC3,Michael Jackson,Man In The Mirror,pop,2.2798000000000034
covariance,1,TRJAFPP128F426AB25,System of a Down,Peephole,metal,TRWSYHO128F4282346,Twista,I'm A Winner (Amended Album Version),hip hop,6.925025000000005
covariance,2,TRJAFPP128F426AB25,System of a Down,Peephole,metal,TRFUJVJ128F426F2A2,Lauryn Hill,Interlude 5,r&b/soul,5.953899999999996
covariance,3,TRJAFPP128F426AB25,System of a Down,Peephole,metal,TRHNOMB12903CB2544,Life Without Buildings,New Town,rock,5.17601249999999
covariance,1,TRYMCCD128F421CD27,Children Of Bodom,Hellhounds on My Trail,metal,TRFUJVJ128F426F2A2,Lauryn Hill,Interlude 5,r&b/soul,5.343249999999997
covariance,2,TRYMCCD128F421CD27,Children Of Bodom,Hellhounds on My Trail,metal,TRWSYHO128F4282346,Twista,I'm A Winner (Amended Album Version),hip hop,4.337937500000006
covariance,3,TRYMCCD128F421CD27,Children Of Bodom,Hellhounds on My Trail,metal,TREBGAA128E078FC52,Erykah Badu,I Want You,r&b/soul,4.160218750000019
covariance,1,TRVIFKS128F426813A,Children Of Bodom,No Commands,metal,TRFUJVJ128F426F2A2,Lauryn Hill,Interlude 5,r&b/soul,2.7641500000000025
covariance,2,TRVIFKS128F426813A,Children Of Bodom,No Commands,metal,TRDPGXU128F9339C2A,Beastie Boys,B-Boy Bouillabaisse: A.W.O.L. (2009 Digital Remaster),hip hop,2.5926375000000097
covariance,3,TRVIFKS128F426813A,Children Of Bodom,No Commands,metal,TRFFSMS128F428BC88,Enrique Iglesias,Miss You,latin,2.5646875000000033
covariance,1,TRLHJMW128F1493BA1,Tori Amos,Mother (2006 Remastered Alternate Mix),metal,TRFUJVJ128F426F2A2,Lauryn Hill,Interlude 5,r&b/soul,4.42505000000001
covariance,2,TRLHJMW128F1493BA1,Tori Amos,Mother (2006 Remastered Alternate Mix),metal,TRDPGXU128F9339C2A,Beastie Boys,B-Boy Bouillabaisse: A.W.O.L. (2009 Digital Remaster),hip hop,4.153181249999999
covariance,3,TRLHJMW128F1493BA1,Tori Amos,Mother (2006 Remastered Alternate Mix),metal,TRWSYHO128F4282346,Twista,I'm A Winner (Amended Album Version),hip hop,3.5819875000000083
covariance,1,TRZGXNM128F1451ADF,Iron Maiden,Lord Of The Flies (Live In Dortmund),metal,TRFUJVJ128F426F2A2,Lauryn Hill,Interlude 5,r&b/soul,3.0654000000000026
covariance,2,TRZGXNM128F1451ADF,Iron Maiden,Lord Of The Flies (Live In Dortmund),metal,TRDPGXU128F9339C2A,Beastie Boys,B-Boy Bouillabaisse: A.W.O.L. (2009 Digital Remaster),hip hop,2.1795515624999937
covariance,3,TRZGXNM128F1451ADF,Iron Maiden,Lord Of The Flies (Live In Dortmund),metal,TRTLIKK128E07862DA,Ja Rule,One of Us,hip hop,2.045109374999999
covariance,1,TROGUOT128F147F39A,Iron Maiden,Phantom Of The Opera (Live) (1998 Digital Remaster),metal,TRFUJVJ128F426F2A2,Lauryn Hill,Interlude 5,r&b/soul,5.860299999999995
covariance,2,TROGUOT128F147F39A,Iron Maiden,Phantom Of The Opera (Live) (1998 Digital Remaster),metal,TRWSYHO128F4282346,Twista,I'm A Winner (Amended Album Version),hip hop,4.325987499999998
covariance,3,TROGUOT128F147F39A,Iron Maiden,Phantom Of The Opera (Live) (1998 Digital Remaster),metal,TRGLNKG128F9307689,Eminem,My Darling,hip hop,4.122868750000003
covariance,1,TRJYSJS128EF356B75,Ill Niño,Re-Birth,metal,TRFUJVJ128F426F2A2,Lauryn Hill,Interlude 5,r&b/soul,11.46134999999999
covariance,2,TRJYSJS128EF356B75,Ill Niño,Re-Birth,metal,TRWSYHO128F4282346,Twista,I'm A Winner (Amended Album Version),hip hop,10.644443749999994
covariance,3,TRJYSJS128EF356B75,Ill Niño,Re-Birth,metal,TRVLIZK128F428845E,Five,That's What You Told Me,pop,9.445887500000005
covariance,1,TRSUANW128F930BD52,Kamelot,This Pain,metal,TRFUJVJ128F426F2A2,Lauryn Hill,Interlude 5,r&b/soul,2.200750000000004
covariance,2,TRSUANW128F930BD52,Kamelot,This Pain,metal,TRDPGXU128F9339C2A,Beastie Boys,B-Boy Bouillabaisse: A.W.O.L. (2009 Digital Remaster),hip hop,1.8928359374999955
covariance,3,TRSUANW128F930BD52,Kamelot,This Pain,metal,TRCHZXW128E079288A,Eminem,8 Mile,hip hop,1.5602890624999963
covariance,1,TRRIRCF128F426A606,Michael Jackson,You Are Not Alone,pop,TRFUJVJ128F426F2A2,Lauryn Hill,Interlude 5,r&b/soul,10.22009999999998
covariance,2,TRRIRCF128F426A606,Michael Jackson,You Are Not Alone,pop,TRWSYHO128F4282346,Twista,I'm A Winner (Amended Album Version),hip hop,9.08194375000004
covariance,3,TRRIRCF128F426A606,Michael Jackson,You Are Not Alone,pop,TRGLNKG128F9307689,Eminem,My Darling,hip hop,8.319159375000003
covariance,1,TREUPHA128F4278F34,Michael Jackson,Baby Be Mine,pop,TRFUJVJ128F426F2A2,Lauryn Hill,Interlude 5,r&b/soul,8.705549999999986
covariance,2,TREUPHA128F4278F34,Michael Jackson,Baby Be Mine,pop,TRWSYHO128F4282346,Twista,I'm A Winner (Amended Album Version),hip hop,7.290456250000022
covariance,3,TREUPHA128F4278F34,Michael Jackson,Baby Be Mine,pop,TREBGAA128E078FC52,Erykah Badu,I Want You,r&b/soul,6.112665625000027
covariance,1,TRQAWKR128F425EEC3,Michael Jackson,Man In The Mirror,pop,TRFUJVJ128F426F2A2,Lauryn Hill,Interlude 5,r&b/soul,25.81115000000001
covariance,2,TRQAWKR128F425EEC3,Michael Jackson,Man In The Mirror,pop,TRWSYHO128F4282346,Twista,I'm A Winner (Amended Album Version),hip hop,22.393056249999994
covariance,3,TRQAWKR128F425EEC3,Michael Jackson,Man In The Mirror,pop,TRDPGXU128F9339C2A,Beastie Boys,B-Boy Bouillabaisse: A.W.O.L. (2009 Digital Remaster),hip hop,16.52137187500002
covariance,1,TRCYAYD128F92F3758,Michael Jackson,Why You Wanna Trip On Me,pop,TRUGLTC128F4227B93,Danity Kane,Hold Me Down (Album Version),r&b/soul,5.731893749999988
covariance,2,TRCYAYD128F92F3758,Michael Jackson,Why You Wanna Trip On Me,pop,TRFUJVJ128F426F2A2,Lauryn Hill,Interlude 5,r&b/soul,5.685549999999997
covariance,3,TRCYAYD128F92F3758,Michael Jackson,Why You Wanna Trip On Me,pop,TRVLIZK128F428845E,Five,That's What You Told Me,pop,5.3737875
covariance,1,TRGJXNX128F92F8757,Ke$ha,TiK ToK,pop,TRDPGXU128F9339C2A,Beastie Boys,B-Boy Bouillabaisse: A.W.O.L. (2009 Digital Remaster),hip hop,4.453153124999999
covariance,2,TRGJXNX128F92F8757,Ke$ha,TiK ToK,pop,TRFUJVJ128F426F2A2,Lauryn Hill,Interlude 5,r&b/soul,4.389400000000002
covariance,3,TRGJXNX128F92F8757,Ke$ha,TiK ToK,pop,TRWSYHO128F4282346,Twista,I'm A Winner (Amended Album Version),hip hop,4.038493749999997
covariance,1,TRNQDAJ128F92F4AE0,Maroon 5,Nothing Lasts Forever,pop,TRFUJVJ128F426F2A2,Lauryn Hill,Interlude 5,r&b/soul,6.393400000000006
covariance,2,TRNQDAJ128F92F4AE0,Maroon 5,Nothing Lasts Forever,pop,TRWSYHO128F4282346,Twista,I'm A Winner (Amended Album Version),hip hop,5.409759374999997
covariance,3,TRNQDAJ128F92F4AE0,Maroon 5,Nothing Lasts Forever,pop,TREBGAA128E078FC52,Erykah Badu,I Want You,r&b/soul,4.742035937499985
covariance,1,TRHKYKI128E07921BC,Enrique Iglesias,Roamer,pop,TRDPGXU128F9339C2A,Beastie Boys,B-Boy Bouillabaisse: A.W.O.L. (2009 Digital Remaster),hip hop,6.328932812500035
covariance,2,TRHKYKI128E07921BC,Enrique Iglesias,Roamer,pop,TRCHZXW128E079288A,Eminem,8 Mile,hip hop,5.79469218749998
covariance,3,TRHKYKI128E07921BC,Enrique Iglesias,Roamer,pop,TRXHFMI128F429B2F2,Rufio,Over It (Acoustic),punk,5.249051562499995
covariance,1,TRTJYFF128F9340CA9,Jason Mraz,Live High (Album Version),pop,TRFUJVJ128F426F2A2,Lauryn Hill,Interlude 5,r&b/soul,2.625500000000002
covariance,2,TRTJYFF128F9340CA9,Jason Mraz,Live High (Album Version),pop,TRBVPVV128F425F14F,Daft Punk,Touch It / Technologic,electronic,2.37232031250001
covariance,3,TRTJYFF128F9340CA9,Jason Mraz,Live High (Album Version),pop,TRGUCIR128F933D817,Vanilla Ice,Ice Is Workin' It,hip hop,2.3211875000000157
covariance,1,TRMBGMX128F92FD769,Mariah Carey,Did I Do That?,pop,TRFUJVJ128F426F2A2,Lauryn Hill,Interlude 5,r&b/soul,14.511199999999972
covariance,2,TRMBGMX128F92FD769,Mariah Carey,Did I Do That?,pop,TRWSYHO128F4282346,Twista,I'm A Winner (Amended Album Version),hip hop,11.735746875000018
covariance,3,TRMBGMX128F92FD769,Mariah Carey,Did I Do That?,pop,TREBGAA128E078FC52,Erykah Badu,I Want You,r&b/soul,10.598404687500008
covariance,1,TRWMZQL128F9306DCB,Mariah Carey,I'll Be There,pop,TRFUJVJ128F426F2A2,Lauryn Hill,Interlude 5,r&b/soul,8.243599999999976
covariance,2,TRWMZQL128F9306DCB,Mariah Carey,I'll Be There,pop,TRWSYHO128F4282346,Twista,I'm A Winner (Amended Album Version),hip hop,7.730834374999963
covariance,3,TRWMZQL128F9306DCB,Mariah Carey,I'll Be There,pop,TREBGAA128E078FC52,Erykah Badu,I Want You,r&b/soul,7.592323437499935
covariance,1,TRRIZDV128F92C1F17,Natasha Bedingfield,I Think They're Thinking - Interlude,pop,TRDPGXU128F9339C2A,Beastie Boys,B-Boy Bouillabaisse: A.W.O.L. (2009 Digital Remaster),hip hop,1.1737265624999977
covariance,2,TRRIZDV128F92C1F17,Natasha Bedingfield,I Think They're Thinking - Interlude,pop,TRBEBJO128C719646B,Nelly,Splurge,hip hop,1.1618046874999952
covariance,3,TRRIZDV128F92C1F17,Natasha Bedingfield,I Think They're Thinking - Interlude,pop,TRKLJAG128F42B31CF,Mario Vazquez,Everytime I...,r&b/soul,1.1342968750000102
covariance,1,TREXAZN128F425A825,Natasha Bedingfield,Silent Movie,pop,TRFUJVJ128F426F2A2,Lauryn Hill,Interlude 5,r&b/soul,5.548349999999996
covariance,2,TREXAZN128F425A825,Natasha Bedingfield,Silent Movie,pop,TRWSYHO128F4282346,Twista,I'm A Winner (Amended Album Version),hip hop,4.1335531250000015
covariance,3,TREXAZN128F425A825,Natasha Bedingfield,Silent Movie,pop,TRUGLTC128F4227B93,Danity Kane,Hold Me Down (Album Version),r&b/soul,3.9373656249999964
covariance,1,TRFYGMB128F425A7A2,Natasha Bedingfield,Stumble,pop,TRFUJVJ128F426F2A2,Lauryn Hill,Interlude 5,r&b/soul,9.706150000000012
covariance,2,TRFYGMB128F425A7A2,Natasha Bedingfield,Stumble,pop,TRWSYHO128F4282346,Twista,I'm A Winner (Amended Album Version),hip hop,8.87485312499996
covariance,3,TRFYGMB128F425A7A2,Natasha Bedingfield,Stumble,pop,TREBGAA128E078FC52,Erykah Badu,I Want You,r&b/soul,7.36989531249996
covariance,1,TRSRDVR128F92E6CF4,Enrique Iglesias,Heroe,pop,TRWSYHO128F4282346,Twista,I'm A Winner (Amended Album Version),hip hop,7.02103749999997
covariance,2,TRSRDVR128F92E6CF4,Enrique Iglesias,Heroe,pop,TRFUJVJ128F426F2A2,Lauryn Hill,Interlude 5,r&b/soul,6.833100000000003
covariance,3,TRSRDVR128F92E6CF4,Enrique Iglesias,Heroe,pop,TREBGAA128E078FC52,Erykah Badu,I Want You,r&b/soul,6.053518750000037
covariance,1,TRNHATG128F428BC8A,Enrique Iglesias,Little Girl,pop,TRWSYHO128F4282346,Twista,I'm A Winner (Amended Album Version),hip hop,6.860562499999974
covariance,2,TRNHATG128F428BC8A,Enrique Iglesias,Little Girl,pop,TRFUJVJ128F426F2A2,Lauryn Hill,Interlude 5,r&b/soul,6.650250000000004
covariance,3,TRNHATG128F428BC8A,Enrique Iglesias,Little Girl,pop,TREBGAA128E078FC52,Erykah Badu,I Want You,r&b/soul,5.899031250000006
covariance,1,TREMCSO128F4215877,Enrique Iglesias,Ruleta Rusa,pop,TRTHNFG12903D0CE54,Violadores del Verso,Dale tiempo al rumor,hip hop,2.8428281250000067
covariance,2,TREMCSO128F4215877,Enrique Iglesias,Ruleta Rusa,pop,TRRKWPY12903CAAC5D,Johnny Prez,Te Vuelvo Loca,reggae,2.588218750000008
covariance,3,TREMCSO128F4215877,Enrique Iglesias,Ruleta Rusa,pop,TRWAGNG128F4286598,Tego Calderon,Al Natural (Amended Version),latin,2.496124999999999
covariance,1,TRMMVPU128F145EC99,Enrique Iglesias,Contigo,pop,TRTHNFG12903D0CE54,Violadores del Verso,Dale tiempo al rumor,hip hop,3.8851734375000064
covariance,2,TRMMVPU128F145EC99,Enrique Iglesias,Contigo,pop,TRWAGNG128F4286598,Tego Calderon,Al Natural (Amended Version),latin,3.2617374999999926
covariance,3,TRMMVPU128F145EC99,Enrique Iglesias,Contigo,pop,TRIJHLY12903D0CE4D,Violadores del Verso,Cantando,hip hop,3.051454687499998
covariance,1,TRFKPYW128F92F21C5,Shakira,Años Luz,pop,TRTHNFG12903D0CE54,Violadores del Verso,Dale tiempo al rumor,hip hop,2.7610124999999988
covariance,2,TRFKPYW128F92F21C5,Shakira,Años Luz,pop,TRIJHLY12903D0CE4D,Violadores del Verso,Cantando,hip hop,2.3387625000000014
covariance,3,TRFKPYW128F92F21C5,Shakira,Años Luz,pop,TRTJLTW12903CFF1E9,Los Van Van,El Negro Está Cocinando,latin,2.3056874999999897
covariance,1,TRCUKHR128F92DF656,Sara Bareilles,Love Song,pop,TRFUJVJ128F426F2A2,Lauryn Hill,Interlude 5,r&b/soul,11.175999999999986
covariance,2,TRCUKHR128F92DF656,Sara Bareilles,Love Song,pop,TRWSYHO128F4282346,Twista,I'm A Winner (Amended Album Version),hip hop,11.080062500000029
covariance,3,TRCUKHR128F92DF656,Sara Bareilles,Love Song,pop,TREBGAA128E078FC52,Erykah Badu,I Want You,r&b/soul,8.47503124999997
covariance,1,TRDLWAP128F428F6B9,Christina Aguilera,Candyman,pop,TRFUJVJ128F426F2A2,Lauryn Hill,Interlude 5,r&b/soul,2.4707000000000026
covariance,2,TRDLWAP128F428F6B9,Christina Aguilera,Candyman,pop,TRTLIKK128E07862DA,Ja Rule,One of Us,hip hop,2.2296250000000066
covariance,3,TRDLWAP128F428F6B9,Christina Aguilera,Candyman,pop,TRDPGXU128F9339C2A,Beastie Boys,B-Boy Bouillabaisse: A.W.O.L. (2009 Digital Remaster),hip hop,2.2270374999999976
covariance,1,TRPEWXU12903CE6EA2,Selena Gomez & The Scene,Tell Me Something I Don't Know,pop,TRFUJVJ128F426F2A2,Lauryn Hill,Interlude 5,r&b/soul,13.506700000000025
covariance,2,TRPEWXU12903CE6EA2,Selena Gomez & The Scene,Tell Me Something I Don't Know,pop,TROIJDA128F9341E70,R. Kelly,I Mean (I Don't Mean It),r&b/soul,12.617760937500016
covariance,3,TRPEWXU12903CE6EA2,Selena Gomez & The Scene,Tell Me Something I Don't Know,pop,TRBEBJO128C719646B,Nelly,Splurge,hip hop,11.17680781249998
covariance,1,TRAYJOF128F92F9EEA,Kelly Clarkson,Cry,pop,TRFUJVJ128F426F2A2,Lauryn Hill,Interlude 5,r&b/soul,10.669449999999994
covariance,2,TRAYJOF128F92F9EEA,Kelly Clarkson,Cry,pop,TRWSYHO128F4282346,Twista,I'm A Winner (Amended Album Version),hip hop,10.28727812500003
covariance,3,TRAYJOF128F92F9EEA,Kelly Clarkson,Cry,pop,TREBGAA128E078FC52,Erykah Badu,I Want You,r&b/soul,9.009482812499991
covariance,1,TRARKBB128F92E9468,Céline Dion,Zora sourit,pop,TRFUJVJ128F426F2A2,Lauryn Hill,Interlude 5,r&b/soul,0.8377500000000023
covariance,2,TRARKBB128F92E9468,Céline Dion,Zora sourit,pop,TRMLZFP128F932290C,Fonky Family,L'Amour Du Risque,hip hop,0.8006249999999975
covariance,3,TRARKBB128F92E9468,Céline Dion,Zora sourit,pop,TRIAELA128F149EEE6,Sniper,Panam All Star,hip hop,0.7998749999999991
covariance,1,TRFBXJZ128F92D25C0,Newsboys,Dance,pop,TRFUJVJ128F426F2A2,Lauryn Hill,Interlude 5,r&b/soul,2.710699999999986
covariance,2,TRFBXJZ128F92D25C0,Newsboys,Dance,pop,TRWSYHO128F4282346,Twista,I'm A Winner (Amended Album Version),hip hop,2.2453250000000047
covariance,3,TRFBXJZ128F92D25C0,Newsboys,Dance,pop,TRDPGXU128F9339C2A,Beastie Boys,B-Boy Bouillabaisse: A.W.O.L. (2009 Digital Remaster),hip hop,2.157037500000003
covariance,1,TRICXDK128F92CBC3C,Céline Dion,Partout Je Vois,pop,TRWSYHO128F4282346,Twista,I'm A Winner (Amended Album Version),hip hop,6.141768750000037
covariance,2,TRICXDK128F92CBC3C,Céline Dion,Partout Je Vois,pop,TRFUJVJ128F426F2A2,Lauryn Hill,Interlude 5,r&b/soul,6.0415499999999955
covariance,3,TRICXDK128F92CBC3C,Céline Dion,Partout Je Vois,pop,TREBGAA128E078FC52,Erykah Badu,I Want You,r&b/soul,5.177071875000033
covariance,1,TRZNHJN128F4293FC2,Kelly Clarkson,Anytime,pop,TRFUJVJ128F426F2A2,Lauryn Hill,Interlude 5,r&b/soul,10.12124999999997
covariance,2,TRZNHJN128F4293FC2,Kelly Clarkson,Anytime,pop,TRWSYHO128F4282346,Twista,I'm A Winner (Amended Album Version),hip hop,9.241406250000034
covariance,3,TRZNHJN128F4293FC2,Kelly Clarkson,Anytime,pop,TREBGAA128E078FC52,Erykah Badu,I Want You,r&b/soul,7.280390624999995
covariance,1,TRPKKZG128F92E495A,Edward Sharpe & The Magnetic Zeros,Simplest Love,pop,TRUEPSG128F149639E,Stevie Wonder,All Day Sucker,r&b/soul,0.8010875000000026
covariance,2,TRPKKZG128F92E495A,Edward Sharpe & The Magnetic Zeros,Simplest Love,pop,TRXHMID128F42BA902,Brick & Lace,Love Is Wicked,r&b/soul,0.6488375000000017
covariance,3,TRPKKZG128F92E495A,Edward Sharpe & The Magnetic Zeros,Simplest Love,pop,TROYGVY128E0788A36,Dilated Peoples,Love And War,hip hop,0.5467250000000015
covariance,1,TRVPPSC128F92EC9C2,Colbie Caillat,Midnight Bottle,pop,TRFUJVJ128F426F2A2,Lauryn Hill,Interlude 5,r&b/soul,3.764050000000003
covariance,2,TRVPPSC128F92EC9C2,Colbie Caillat,Midnight Bottle,pop,TRWSYHO128F4282346,Twista,I'm A Winner (Amended Album Version),hip hop,3.4682531250000084
covariance,3,TRVPPSC128F92EC9C2,Colbie Caillat,Midnight Bottle,pop,TRDPGXU128F9339C2A,Beastie Boys,B-Boy Bouillabaisse: A.W.O.L. (2009 Digital Remaster),hip hop,3.1465484374999972
covariance,1,TRCJADX128F428D3E0,Britney Spears,Let Me Be,pop,TRFUJVJ128F426F2A2,Lauryn Hill,Interlude 5,r&b/soul,13.117600000000024
covariance,2,TRCJADX128F428D3E0,Britney Spears,Let Me Be,pop,TREBGAA128E078FC52,Erykah Badu,I Want You,r&b/soul,10.159753124999963
covariance,3,TRCJADX128F428D3E0,Britney Spears,Let Me Be,pop,TRWSYHO128F4282346,Twista,I'm A Winner (Amended Album Version),hip hop,10.096631250000023
covariance,1,TRKJKJV128F425E247,Annie Lennox,Big Sky,pop,TRFUJVJ128F426F2A2,Lauryn Hill,Interlude 5,r&b/soul,3.6492500000000017
covariance,2,TRKJKJV128F425E247,Annie Lennox,Big Sky,pop,TRWSYHO128F4282346,Twista,I'm A Winner (Amended Album Version),hip hop,3.6244843750000175
covariance,3,TRKJKJV128F425E247,Annie Lennox,Big Sky,pop,TRDPGXU128F9339C2A,Beastie Boys,B-Boy Bouillabaisse: A.W.O.L. (2009 Digital Remaster),hip hop,2.793882812499994
covariance,1,TRXMQNH128F4287D61,Whitney Houston,Thinking About You,pop,TRFUJVJ128F426F2A2,Lauryn Hill,Interlude 5,r&b/soul,12.512400000000012
covariance,2,TRXMQNH128F4287D61,Whitney Houston,Thinking About You,pop,TRWSYHO128F4282346,Twista,I'm A Winner (Amended Album Version),hip hop,11.83305624999994
covariance,3,TRXMQNH128F4287D61,Whitney Houston,Thinking About You,pop,TREBGAA128E078FC52,Erykah Badu,I Want You,r&b/soul,11.593215625000044
covariance,1,TRXXPYK128F14805B7,Phil Collins,A Groovy Kind Of Love (Live),pop,TRFUJVJ128F426F2A2,Lauryn Hill,Interlude 5,r&b/soul,4.268249999999997
covariance,2,TRXXPYK128F14805B7,Phil Collins,A Groovy Kind Of Love (Live),pop,TRWSYHO128F4282346,Twista,I'm A Winner (Amended Album Version),hip hop,3.888250000000021
covariance,3,TRXXPYK128F14805B7,Phil Collins,A Groovy Kind Of Love (Live),pop,TREBGAA128E078FC52,Erykah Badu,I Want You,r&b/soul,3.5222500000000103
covariance,1,TRGQFUZ128F92ED646,Beyoncé,That's Why You're Beautiful,pop,TRFUJVJ128F426F2A2,Lauryn Hill,Interlude 5,r&b/soul,3.572500000000017
covariance,2,TRGQFUZ128F92ED646,Beyoncé,That's Why You're Beautiful,pop,TRQAWKR128F425EEC3,Michael Jackson,Man In The Mirror,pop,2.6249218749999916
covariance,3,TRGQFUZ128F92ED646,Beyoncé,That's Why You're Beautiful,pop,TRDPGXU128F9339C2A,Beastie Boys,B-Boy Bouillabaisse: A.W.O.L. (2009 Digital Remaster),hip hop,2.350898437500007
covariance,1,TRPAJJF128F428D18A,Whitney Houston,Step By Step,pop,TRANAPL128F42BA7D6,Young Jeezy,By The Way,hip hop,6.0133124999999685
covariance,2,TRPAJJF128F428D18A,Whitney Houston,Step By Step,pop,TRFUJVJ128F426F2A2,Lauryn Hill,Interlude 5,r&b/soul,4.6792500000000015
covariance,3,TRPAJJF128F428D18A,Whitney Houston,Step By Step,pop,TRDPGXU128F9339C2A,Beastie Boys,B-Boy Bouillabaisse: A.W.O.L. (2009 Digital Remaster),hip hop,4.538531249999985
covariance,1,TRLPDIB128F42289CC,Britney Spears,Piece Of Me (Main Version),pop,TRFUJVJ128F426F2A2,Lauryn Hill,Interlude 5,r&b/soul,9.974000000000014
covariance,2,TRLPDIB128F42289CC,Britney Spears,Piece Of Me (Main Version),pop,TRWSYHO128F4282346,Twista,I'm A Winner (Amended Album Version),hip hop,8.400093750000035
covariance,3,TRLPDIB128F42289CC,Britney Spears,Piece Of Me (Main Version),pop,TRUGLTC128F4227B93,Danity Kane,Hold Me Down (Album Version),r&b/soul,8.225718749999992
covariance,1,TRJTTMZ128F930924B,Britney Spears,Can't Make You Love Me,pop,TRFUJVJ128F426F2A2,Lauryn Hill,Interlude 5,r&b/soul,14.096700000000032
covariance,2,TRJTTMZ128F930924B,Britney Spears,Can't Make You Love Me,pop,TRWSYHO128F4282346,Twista,I'm A Winner (Amended Album Version),hip hop,13.92694999999993
covariance,3,TRJTTMZ128F930924B,Britney Spears,Can't Make You Love Me,pop,TREBGAA128E078FC52,Erykah Badu,I Want You,r&b/soul,11.839475000000043
covariance,1,TRKGGHK128F42999EF,Britney Spears,Girl In The Mirror,pop,TRFUJVJ128F426F2A2,Lauryn Hill,Interlude 5,r&b/soul,5.364499999999998
covariance,2,TRKGGHK128F42999EF,Britney Spears,Girl In The Mirror,pop,TRDPGXU128F9339C2A,Beastie Boys,B-Boy Bouillabaisse: A.W.O.L. (2009 Digital Remaster),hip hop,5.346742187500018
covariance,3,TRKGGHK128F42999EF,Britney Spears,Girl In The Mirror,pop,TRWSYHO128F4282346,Twista,I'm A Winner (Amended Album Version),hip hop,4.600515624999966
covariance,1,TRLTYLK128F92FE6FF,Britney Spears,Radar,pop,TRFUJVJ128F426F2A2,Lauryn Hill,Interlude 5,r&b/soul,16.12760000000001
covariance,2,TRLTYLK128F92FE6FF,Britney Spears,Radar,pop,TRWSYHO128F4282346,Twista,I'm A Winner (Amended Album Version),hip hop,15.380303125000022
covariance,3,TRLTYLK128F92FE6FF,Britney Spears,Radar,pop,TRDPGXU128F9339C2A,Beastie Boys,B-Boy Bouillabaisse: A.W.O.L. (2009 Digital Remaster),hip hop,13.954448437500021
covariance,1,TRNEGIP128F4296261,Britney Spears,When Your Eyes Say It,pop,TRFUJVJ128F426F2A2,Lauryn Hill,Interlude 5,r&b/soul,10.857250000000004
covariance,2,TRNEGIP128F4296261,Britney Spears,When Your Eyes Say It,pop,TRWSYHO128F4282346,Twista,I'm A Winner (Amended Album Version),hip hop,8.726390625000032
covariance,3,TRNEGIP128F4296261,Britney Spears,When Your Eyes Say It,pop,TRGUCIR128F933D817,Vanilla Ice,Ice Is Workin' It,hip hop,7.725187499999969
covariance,1,TRUWOUE128F14867BF,Depeche Mode,Precious (Live In Milan),pop,TRFUJVJ128F426F2A2,Lauryn Hill,Interlude 5,r&b/soul,2.3340500000000035
covariance,2,TRUWOUE128F14867BF,Depeche Mode,Precious (Live In Milan),pop,TRWSYHO128F4282346,Twista,I'm A Winner (Amended Album Version),hip hop,1.707315625000003
covariance,3,TRUWOUE128F14867BF,Depeche Mode,Precious (Live In Milan),pop,TRDPGXU128F9339C2A,Beastie Boys,B-Boy Bouillabaisse: A.W.O.L. (2009 Digital Remaster),hip hop,1.705142187499996
covariance,1,TRFJKWU12903CC37B1,Crystal Castles,Insectica,punk,TRWSYHO128F4282346,Twista,I'm A Winner (Amended Album Version),hip hop,1.7447500000000111
covariance,2,TRFJKWU12903CC37B1,Crystal Castles,Insectica,punk,TRGLNKG128F9307689,Eminem,My Darling,hip hop,1.696124999999997
covariance,3,TRFJKWU12903CC37B1,Crystal Castles,Insectica,punk,TRFUJVJ128F426F2A2,Lauryn Hill,Interlude 5,r&b/soul,1.6784999999999952
covariance,1,TRVEUUV128F428AB29,Motion City Soundtrack,Cambridge (Album Version),punk,TRFUJVJ128F426F2A2,Lauryn Hill,Interlude 5,r&b/soul,1.4342999999999966
covariance,2,TRVEUUV128F428AB29,Motion City Soundtrack,Cambridge (Album Version),punk,TRDPGXU128F9339C2A,Beastie Boys,B-Boy Bouillabaisse: A.W.O.L. (2009 Digital Remaster),hip hop,1.377845312500001
covariance,3,TRVEUUV128F428AB29,Motion City Soundtrack,Cambridge (Album Version),punk,TRFLWJZ128F425C9E4,The Pharcyde,Otha Fish,hip hop,1.168460937499993
covariance,1,TRMZJSE12903D00E60,Motion City Soundtrack,Disappear,punk,TRWSYHO128F4282346,Twista,I'm A Winner (Amended Album Version),hip hop,7.064090624999968
covariance,2,TRMZJSE12903D00E60,Motion City Soundtrack,Disappear,punk,TRFUJVJ128F426F2A2,Lauryn Hill,Interlude 5,r&b/soul,6.784699999999981
covariance,3,TRMZJSE12903D00E60,Motion City Soundtrack,Disappear,punk,TREBGAA128E078FC52,Erykah Badu,I Want You,r&b/soul,5.937889062500042
covariance,1,TRIGZIY128F42348C1,Motion City Soundtrack,Fell in Love Without You (Cd),punk,TRFUJVJ128F426F2A2,Lauryn Hill,Interlude 5,r&b/soul,3.120950000000013
covariance,2,TRIGZIY128F42348C1,Motion City Soundtrack,Fell in Love Without You (Cd),punk,TRFLWJZ128F425C9E4,The Pharcyde,Otha Fish,hip hop,2.3225546875000016
covariance,3,TRIGZIY128F42348C1,Motion City Soundtrack,Fell in Love Without You (Cd),punk,TRDPGXU128F9339C2A,Beastie Boys,B-Boy Bouillabaisse: A.W.O.L. (2009 Digital Remaster),hip hop,2.249076562500004
covariance,1,TRZGUYI128F42368DF,Motion City Soundtrack,Point Of Extinction (Cd),punk,TRFUJVJ128F426F2A2,Lauryn Hill,Interlude 5,r&b/soul,5.850250000000009
covariance,2,TRZGUYI128F42368DF,Motion City Soundtrack,Point Of Extinction (Cd),punk,TRWSYHO128F4282346,Twista,I'm A Winner (Amended Album Version),hip hop,5.736656249999962
covariance,3,TRZGUYI128F42368DF,Motion City Soundtrack,Point Of Extinction (Cd),punk,TRDPGXU128F9339C2A,Beastie Boys,B-Boy Bouillabaisse: A.W.O.L. (2009 Digital Remaster),hip hop,5.160671874999988
covariance,1,TRJQRJO12903D00E65,Motion City Soundtrack,Stand Too Close,punk,TRFUJVJ128F426F2A2,Lauryn Hill,Interlude 5,r&b/soul,4.290199999999992
covariance,2,TRJQRJO12903D00E65,Motion City Soundtrack,Stand Too Close,punk,TRWSYHO128F4282346,Twista,I'm A Winner (Amended Album Version),hip hop,4.141621875000016
covariance,3,TRJQRJO12903D00E65,Motion City Soundtrack,Stand Too Close,punk,TREBGAA128E078FC52,Erykah Badu,I Want You,r&b/soul,3.2875921875000027
covariance,1,TRQMNKZ12903D00E5B,Motion City Soundtrack,Worker Bee,punk,TRDPGXU128F9339C2A,Beastie Boys,B-Boy Bouillabaisse: A.W.O.L. (2009 Digital Remaster),hip hop,1.613039062499995
covariance,2,TRQMNKZ12903D00E5B,Motion City Soundtrack,Worker Bee,punk,TRCHZXW128E079288A,Eminem,8 Mile,hip hop,1.555085937500002
covariance,3,TRQMNKZ12903D00E5B,Motion City Soundtrack,Worker Bee,punk,TROIJDA128F9341E70,R. Kelly,I Mean (I Don't Mean It),r&b/soul,1.5265390625000008
covariance,1,TRMZSJY128F4255BE9,Interpol,Mind Over Time,punk,TRFUJVJ128F426F2A2,Lauryn Hill,Interlude 5,r&b/soul,1.4695000000000065
covariance,2,TRMZSJY128F4255BE9,Interpol,Mind Over Time,punk,TRDPGXU128F9339C2A,Beastie Boys,B-Boy Bouillabaisse: A.W.O.L. (2009 Digital Remaster),hip hop,1.304671875000006
covariance,3,TRMZSJY128F4255BE9,Interpol,Mind Over Time,punk,TRXHFMI128F429B2F2,Rufio,Over It (Acoustic),punk,1.302984375000004
covariance,1,TRVQHEV128F4259AB2,The Clash,I Fought The Law,punk,TRFUJVJ128F426F2A2,Lauryn Hill,Interlude 5,r&b/soul,5.169350000000025
covariance,2,TRVQHEV128F4259AB2,The Clash,I Fought The Law,punk,TRDPGXU128F9339C2A,Beastie Boys,B-Boy Bouillabaisse: A.W.O.L. (2009 Digital Remaster),hip hop,5.128135937499983
covariance,3,TRVQHEV128F4259AB2,The Clash,I Fought The Law,punk,TRCHZXW128E079288A,Eminem,8 Mile,hip hop,4.520489062500024
covariance,1,TRVMLEW128F425A82D,The Clash,The Magnificent Seven,punk,TRFUJVJ128F426F2A2,Lauryn Hill,Interlude 5,r&b/soul,8.493649999999988
covariance,2,TRVMLEW128F425A82D,The Clash,The Magnificent Seven,punk,TRWSYHO128F4282346,Twista,I'm A Winner (Amended Album Version),hip hop,6.3108687499999965
covariance,3,TRVMLEW128F425A82D,The Clash,The Magnificent Seven,punk,TREBGAA128E078FC52,Erykah Badu,I Want You,r&b/soul,5.6014968749999925
covariance,1,TRWVZBZ128F1462E08,Yellowcard,Believe,punk,TRFUJVJ128F426F2A2,Lauryn Hill,Interlude 5,r&b/soul,4.903100000000008
covariance,2,TRWVZBZ128F1462E08,Yellowcard,Believe,punk,TRDPGXU128F9339C2A,Beastie Boys,B-Boy Bouillabaisse: A.W.O.L. (2009 Digital Remaster),hip hop,3.4291124999999885
covariance,3,TRWVZBZ128F1462E08,Yellowcard,Believe,punk,TRRYCLJ128F42A56FF,Ledisi,Alright,r&b/soul,3.0765000000000255
covariance,1,TRQYGUV128F1462E01,Yellowcard,Empty Apartment,punk,TRFUJVJ128F426F2A2,Lauryn Hill,Interlude 5,r&b/soul,6.929350000000005
covariance,2,TRQYGUV128F1462E01,Yellowcard,Empty Apartment,punk,TRWSYHO128F4282346,Twista,I'm A Winner (Amended Album Version),hip hop,5.466037499999988
covariance,3,TRQYGUV128F1462E01,Yellowcard,Empty Apartment,punk,TRUGLTC128F4227B93,Danity Kane,Hold Me Down (Album Version),r&b/soul,4.457037499999995
covariance,1,TRBKLDM128F427D0DA,Rise Against,But Tonight We Dance,punk,TRFUJVJ128F426F2A2,Lauryn Hill,Interlude 5,r&b/soul,5.004099999999986
covariance,2,TRBKLDM128F427D0DA,Rise Against,But Tonight We Dance,punk,TRDPGXU128F9339C2A,Beastie Boys,B-Boy Bouillabaisse: A.W.O.L. (2009 Digital Remaster),hip hop,3.6211750000000076
covariance,3,TRBKLDM128F427D0DA,Rise Against,But Tonight We Dance,punk,TRWSYHO128F4282346,Twista,I'm A Winner (Amended Album Version),hip hop,3.4073500000000156
covariance,1,TRKSDBX128F9345DC9,Rise Against,Faint Resemblance,punk,TRFUJVJ128F426F2A2,Lauryn Hill,Interlude 5,r&b/soul,4.019049999999989
covariance,2,TRKSDBX128F9345DC9,Rise Against,Faint Resemblance,punk,TRDPGXU128F9339C2A,Beastie Boys,B-Boy Bouillabaisse: A.W.O.L. (2009 Digital Remaster),hip hop,2.9170562499999955
covariance,3,TRKSDBX128F9345DC9,Rise Against,Faint Resemblance,punk,TREBGAA128E078FC52,Erykah Badu,I Want You,r&b/soul,2.7851187499999788
covariance,1,TRMGOLR128F933A7DB,Rise Against,Survive,punk,TRFUJVJ128F426F2A2,Lauryn Hill,Interlude 5,r&b/soul,4.557349999999999
covariance,2,TRMGOLR128F933A7DB,Rise Against,Survive,punk,TRFSCLD12903CD213F,The Prodigy,We Gonna Rock,electronic,3.2583249999999895
covariance,3,TRMGOLR128F933A7DB,Rise Against,Survive,punk,TRKRVKD128F9327008,Hollywood Undead,Undead,hip hop,3.1777359375000036
covariance,1,TRFNVPY128F92D2626,Rise Against,The Dirt Whispered,punk,TRDPGXU128F9339C2A,Beastie Boys,B-Boy Bouillabaisse: A.W.O.L. (2009 Digital Remaster),hip hop,3.6630015624999963
covariance,2,TRFNVPY128F92D2626,Rise Against,The Dirt Whispered,punk,TRFUJVJ128F426F2A2,Lauryn Hill,Interlude 5,r&b/soul,3.3468000000000138
covariance,3,TRFNVPY128F92D2626,Rise Against,The Dirt Whispered,punk,TRCHZXW128E079288A,Eminem,8 Mile,hip hop,3.320373437500002
covariance,1,TRPSYVF128F428A446,The Offspring,Get It Right (Album Version),punk,TRFUJVJ128F426F2A2,Lauryn Hill,Interlude 5,r&b/soul,4.444949999999998
covariance,2,TRPSYVF128F428A446,The Offspring,Get It Right (Album Version),punk,TRDPGXU128F9339C2A,Beastie Boys,B-Boy Bouillabaisse: A.W.O.L. (2009 Digital Remaster),hip hop,3.9150218750000105
covariance,3,TRPSYVF128F428A446,The Offspring,Get It Right (Album Version),punk,TRWSYHO128F4282346,Twista,I'm A Winner (Amended Album Version),hip hop,3.899106249999976
covariance,1,TROGTUS128F932D6CB,The Offspring,Want You Bad,punk,TRFUJVJ128F426F2A2,Lauryn Hill,Interlude 5,r&b/soul,5.632149999999999
covariance,2,TROGTUS128F932D6CB,The Offspring,Want You Bad,punk,TRWSYHO128F4282346,Twista,I'm A Winner (Amended Album Version),hip hop,5.386478125000021
covariance,3,TROGTUS128F932D6CB,The Offspring,Want You Bad,punk,TREBGAA128E078FC52,Erykah Badu,I Want You,r&b/soul,4.831332812500015
covariance,1,TRZVPFY128F92E19DF,The Offspring,Staring At The Sun,punk,TRFUJVJ128F426F2A2,Lauryn Hill,Interlude 5,r&b/soul,7.743849999999988
covariance,2,TRZVPFY128F92E19DF,The Offspring,Staring At The Sun,punk,TRWSYHO128F4282346,Twista,I'm A Winner (Amended Album Version),hip hop,7.615693750000041
covariance,3,TRZVPFY128F92E19DF,The Offspring,Staring At The Sun,punk,TRGLNKG128F9307689,Eminem,My Darling,hip hop,6.710409375000001
covariance,1,TRGAEVY128F428BEF6,Bad Religion,Operation Rescue,punk,TRFUJVJ128F426F2A2,Lauryn Hill,Interlude 5,r&b/soul,2.284000000000002
covariance,2,TRGAEVY128F428BEF6,Bad Religion,Operation Rescue,punk,TRDPGXU128F9339C2A,Beastie Boys,B-Boy Bouillabaisse: A.W.O.L. (2009 Digital Remaster),hip hop,1.533601562500001
covariance,3,TRGAEVY128F428BEF6,Bad Religion,Operation Rescue,punk,TRGLNKG128F9307689,Eminem,My Darling,hip hop,1.3133671875000013
covariance,1,TRPTWJT128F422F239,Silverstein,When Broken Is Easily Fixed (Album Version),punk,TRFUJVJ128F426F2A2,Lauryn Hill,Interlude 5,r&b/soul,4.557500000000001
covariance,2,TRPTWJT128F422F239,Silverstein,When Broken Is Easily Fixed (Album Version),punk,TRUGLTC128F4227B93,Danity Kane,Hold Me Down (Album Version),r&b/soul,3.9972656249999967
covariance,3,TRPTWJT128F422F239,Silverstein,When Broken Is Easily Fixed (Album Version),punk,TRVLIZK128F428845E,Five,That's What You Told Me,pop,3.672031249999991
covariance,1,TRPYGVQ128E078EFE9,The Cure,Want,punk,TRFUJVJ128F426F2A2,Lauryn Hill,Interlude 5,r&b/soul,6.559750000000015
covariance,2,TRPYGVQ128E078EFE9,The Cure,Want,punk,TRWSYHO128F4282346,Twista,I'm A Winner (Amended Album Version),hip hop,5.443187499999983
covariance,3,TRPYGVQ128E078EFE9,The Cure,Want,punk,TREBGAA128E078FC52,Erykah Badu,I Want You,r&b/soul,4.936593750000037
covariance,1,TRJNMGP128F92E0427,Hey Monday,Josey,punk,TRFUJVJ128F426F2A2,Lauryn Hill,Interlude 5,r&b/soul,3.667849999999998
covariance,2,TRJNMGP128F92E0427,Hey Monday,Josey,punk,TRBVPVV128F425F14F,Daft Punk,Touch It / Technologic,electronic,2.441174999999992
covariance,3,TRJNMGP128F92E0427,Hey Monday,Josey,punk,TRDPGXU128F9339C2A,Beastie Boys,B-Boy Bouillabaisse: A.W.O.L. (2009 Digital Remaster),hip hop,2.401175000000004
covariance,1,TRVWMAR128F425A2DA,The Clash,1-2 Crush On You,punk,TRWSYHO128F4282346,Twista,I'm A Winner (Amended Album Version),hip hop,8.698712499999965
covariance,2,TRVWMAR128F425A2DA,The Clash,1-2 Crush On You,punk,TRFUJVJ128F426F2A2,Lauryn Hill,Interlude 5,r&b/soul,8.3104
covariance,3,TRVWMAR128F425A2DA,The Clash,1-2 Crush On You,punk,TREBGAA128E078FC52,Erykah Badu,I Want You,r&b/soul,7.973231250000037
covariance,1,TRCKZBM128F425A2DD,The Clash,Brand New Cadillac,punk,TRFUJVJ128F426F2A2,Lauryn Hill,Interlude 5,r&b/soul,1.6788000000000005
covariance,2,TRCKZBM128F425A2DD,The Clash,Brand New Cadillac,punk,TRYOUMI128E078F4DE,K-Ci & JoJo,Baby Come Back,blues,1.672960937500006
covariance,3,TRCKZBM128F425A2DD,The Clash,Brand New Cadillac,punk,TRYCBLK12903CE6A0E,Twiztid,She Ain't Afraid,hip hop,1.6269015624999978
covariance,1,TRCFCHA128F4259A75,The Clash,Cool Confusion,punk,TRFUJVJ128F426F2A2,Lauryn Hill,Interlude 5,r&b/soul,2.124999999999999
covariance,2,TRCFCHA128F4259A75,The Clash,Cool Confusion,punk,TRDPGXU128F9339C2A,Beastie Boys,B-Boy Bouillabaisse: A.W.O.L. (2009 Digital Remaster),hip hop,2.039648437500003
covariance,3,TRCFCHA128F4259A75,The Clash,Cool Confusion,punk,TRFLWJZ128F425C9E4,The Pharcyde,Otha Fish,hip hop,1.9445703124999922
covariance,1,TRYSJKQ128F4259A73,The Clash,First Night Back In London,punk,TRDPGXU128F9339C2A,Beastie Boys,B-Boy Bouillabaisse: A.W.O.L. (2009 Digital Remaster),hip hop,1.5567890624999978
covariance,2,TRYSJKQ128F4259A73,The Clash,First Night Back In London,punk,TRFUJVJ128F426F2A2,Lauryn Hill,Interlude 5,r&b/soul,1.5559999999999967
covariance,3,TRYSJKQ128F4259A73,The Clash,First Night Back In London,punk,TRWSYHO128F4282346,Twista,I'm A Winner (Amended Album Version),hip hop,1.3746718750000069
covariance,1,TRAQKVC128F425E65C,The Clash,Inoculated City,punk,TRFUJVJ128F426F2A2,Lauryn Hill,Interlude 5,r&b/soul,1.3975499999999965
covariance,2,TRAQKVC128F425E65C,The Clash,Inoculated City,punk,TRTLIKK128E07862DA,Ja Rule,One of Us,hip hop,1.0405312500000006
covariance,3,TRAQKVC128F425E65C,The Clash,Inoculated City,punk,TRDPGXU128F9339C2A,Beastie Boys,B-Boy Bouillabaisse: A.W.O.L. (2009 Digital Remaster),hip hop,0.9366968750000041
covariance,1,TRUASIU128F425A1D7,The Clash,Lost In The Supermarket,punk,TRDPGXU128F9339C2A,Beastie Boys,B-Boy Bouillabaisse: A.W.O.L. (2009 Digital Remaster),hip hop,7.395390625000075
covariance,2,TRUASIU128F425A1D7,The Clash,Lost In The Supermarket,punk,TRCHZXW128E079288A,Eminem,8 Mile,hip hop,7.3396093749999265
covariance,3,TRUASIU128F425A1D7,The Clash,Lost In The Supermarket,punk,TRKLJAG128F42B31CF,Mario Vazquez,Everytime I...,r&b/soul,7.11671875
covariance,1,TROLGMC128F4259BB8,The Clash,Overpowered By Funk,punk,TRFUJVJ128F426F2A2,Lauryn Hill,Interlude 5,r&b/soul,3.4704999999999995
covariance,2,TROLGMC128F4259BB8,The Clash,Overpowered By Funk,punk,TRDPGXU128F9339C2A,Beastie Boys,B-Boy Bouillabaisse: A.W.O.L. (2009 Digital Remaster),hip hop,2.974546875
covariance,3,TROLGMC128F4259BB8,The Clash,Overpowered By Funk,punk,TRWSYHO128F4282346,Twista,I'm A Winner (Amended Album Version),hip hop,2.9144062499999968
covariance,1,TRMQMTC128F428A516,Bad Religion,Automatic Man (Album Version),punk,TRFUJVJ128F426F2A2,Lauryn Hill,Interlude 5,r&b/soul,2.1351000000000044
covariance,2,TRMQMTC128F428A516,Bad Religion,Automatic Man (Album Version),punk,TRZOZSK128F92F6735,Propellerheads,Velvet Pants,electronic,1.5390921874999974
covariance,3,TRMQMTC128F428A516,Bad Religion,Automatic Man (Album Version),punk,TRDPGXU128F9339C2A,Beastie Boys,B-Boy Bouillabaisse: A.W.O.L. (2009 Digital Remaster),hip hop,1.5001515625000055
covariance,1,TRQENBA128F426093C,Bad Religion,Chimaera (Album Version),punk,TRFUJVJ128F426F2A2,Lauryn Hill,Interlude 5,r&b/soul,6.045299999999981
covariance,2,TRQENBA128F426093C,Bad Religion,Chimaera (Album Version),punk,TRWSYHO128F4282346,Twista,I'm A Winner (Amended Album Version),hip hop,3.524737499999998
covariance,3,TRQENBA128F426093C,Bad Religion,Chimaera (Album Version),punk,TRGLNKG128F9307689,Eminem,My Darling,hip hop,3.4378687500000087
covariance,1,TRJCXHB128F428AC5B,Bad Religion,Damned to Be Free (Album Version),punk,TRFUJVJ128F426F2A2,Lauryn Hill,Interlude 5,r&b/soul,1.7160499999999983
covariance,2,TRJCXHB128F428AC5B,Bad Religion,Damned to Be Free (Album Version),punk,TRGUCIR128F933D817,Vanilla Ice,Ice Is Workin' It,hip hop,1.6876500000000068
covariance,3,TRJCXHB128F428AC5B,Bad Religion,Damned to Be Free (Album Version),punk,TRDPGXU128F9339C2A,Beastie Boys,B-Boy Bouillabaisse: A.W.O.L. (2009 Digital Remaster),hip hop,1.6439937500000021
covariance,1,TRHWAPL128F428BEEE,Bad Religion,Get Off,punk,TRFUJVJ128F426F2A2,Lauryn Hill,Interlude 5,r&b/soul,3.488749999999986
covariance,2,TRHWAPL128F428BEEE,Bad Religion,Get Off,punk,TRDPGXU128F9339C2A,Beastie Boys,B-Boy Bouillabaisse: A.W.O.L. (2009 Digital Remaster),hip hop,3.3333203125000015
covariance,3,TRHWAPL128F428BEEE,Bad Religion,Get Off,punk,TRCHZXW128E079288A,Eminem,8 Mile,hip hop,3.113554687499966
covariance,1,TRHYIAH128F14825EC,Funeral For A Friend,Juneau,punk,TRDPGXU128F9339C2A,Beastie Boys,B-Boy Bouillabaisse: A.W.O.L. (2009 Digital Remaster),hip hop,3.526285937500004
covariance,2,TRHYIAH128F14825EC,Funeral For A Friend,Juneau,punk,TRHNOMB12903CB2544,Life Without Buildings,New Town,rock,3.319317187499994
covariance,3,TRHYIAH128F14825EC,Funeral For A Friend,Juneau,punk,TRFUJVJ128F426F2A2,Lauryn Hill,Interlude 5,r&b/soul,3.245899999999993
covariance,1,TRWMODL128F92E7E2A,Wire,Another The letter,punk,TRFLWJZ128F425C9E4,The Pharcyde,Otha Fish,hip hop,0.8637187499999948
covariance,2,TRWMODL128F92E7E2A,Wire,Another The letter,punk,TRQAWKR128F425EEC3,Michael Jackson,Man In The Mirror,pop,0.6959125000000046
covariance,3,TRWMODL128F92E7E2A,Wire,Another The letter,punk,TRFUJVJ128F426F2A2,Lauryn Hill,Interlude 5,r&b/soul,0.6298500000000002
covariance,1,TRABGYE128E078278A,Wire,Strange,punk,TRFGJLT128F1491125,Public Enemy,Go Cat Go,hip hop,1.171699999999993
covariance,2,TRABGYE128E078278A,Wire,Strange,punk,TRCETEN128F42AD6D0,Bowling For Soup,Here We Go,punk,0.9652999999999907
covariance,3,TRABGYE128E078278A,Wire,Strange,punk,TRFLWJZ128F425C9E4,The Pharcyde,Otha Fish,hip hop,0.9189999999999937
covariance,1,TRBAQPR128F92F4AB0,The Wonder Years,Dude_ What Is a Land Pirate?,punk,TRFUJVJ128F426F2A2,Lauryn Hill,Interlude 5,r&b/soul,5.228699999999998
covariance,2,TRBAQPR128F92F4AB0,The Wonder Years,Dude_ What Is a Land Pirate?,punk,TREBGAA128E078FC52,Erykah Badu,I Want You,r&b/soul,3.542115624999999
covariance,3,TRBAQPR128F92F4AB0,The Wonder Years,Dude_ What Is a Land Pirate?,punk,TRDPGXU128F9339C2A,Beastie Boys,B-Boy Bouillabaisse: A.W.O.L. (2009 Digital Remaster),hip hop,3.492521875000011
covariance,1,TRVOTRF128F148AE44,Dashboard Confessional,Again I Go Unnoticed,punk,TRFUJVJ128F426F2A2,Lauryn Hill,Interlude 5,r&b/soul,2.9502499999999965
covariance,2,TRVOTRF128F148AE44,Dashboard Confessional,Again I Go Unnoticed,punk,TRDPGXU128F9339C2A,Beastie Boys,B-Boy Bouillabaisse: A.W.O.L. (2009 Digital Remaster),hip hop,2.3161796875000022
covariance,3,TRVOTRF128F148AE44,Dashboard Confessional,Again I Go Unnoticed,punk,TRHNOMB12903CB2544,Life Without Buildings,New Town,rock,2.1425859374999967
covariance,1,TRRERUT128F1477144,Dashboard Confessional,Carry This Picture,punk,TRFUJVJ128F426F2A2,Lauryn Hill,Interlude 5,r&b/soul,2.567100000000015
covariance,2,TRRERUT128F1477144,Dashboard Confessional,Carry This Picture,punk,TRDPGXU128F9339C2A,Beastie Boys,B-Boy Bouillabaisse: A.W.O.L. (2009 Digital Remaster),hip hop,2.5028312500000016
covariance,3,TRRERUT128F1477144,Dashboard Confessional,Carry This Picture,punk,TRCHZXW128E079288A,Eminem,8 Mile,hip hop,2.1289187500000124
covariance,1,TRHGTHE128F428B4C3,Usher,U R The One,r&b/soul,TRFUJVJ128F426F2A2,Lauryn Hill,Interlude 5,r&b/soul,7.8210999999999835
covariance,2,TRHGTHE128F428B4C3,Usher,U R The One,r&b/soul,TRWSYHO128F4282346,Twista,I'm A Winner (Amended Album Version),hip hop,7.346850000000035
covariance,3,TRHGTHE128F428B4C3,Usher,U R The One,r&b/soul,TREBGAA128E078FC52,Erykah Badu,I Want You,r&b/soul,5.966425000000018
covariance,1,TREIEOO128F42B0099,Chris Brown,Ain't No Way (You Won't Love Me),r&b/soul,TRFUJVJ128F426F2A2,Lauryn Hill,Interlude 5,r&b/soul,15.278650000000011
covariance,2,TREIEOO128F42B0099,Chris Brown,Ain't No Way (You Won't Love Me),r&b/soul,TRWSYHO128F4282346,Twista,I'm A Winner (Amended Album Version),hip hop,14.034306250000018
covariance,3,TREIEOO128F42B0099,Chris Brown,Ain't No Way (You Won't Love Me),r&b/soul,TRUGLTC128F4227B93,Danity Kane,Hold Me Down (Album Version),r&b/soul,12.205181249999992
covariance,1,TRRZSBO128F428BE44,Usher,Nice & Slow,r&b/soul,TRFUJVJ128F426F2A2,Lauryn Hill,Interlude 5,r&b/soul,11.481900000000005
covariance,2,TRRZSBO128F428BE44,Usher,Nice & Slow,r&b/soul,TRWSYHO128F4282346,Twista,I'm A Winner (Amended Album Version),hip hop,9.336931250000028
covariance,3,TRRZSBO128F428BE44,Usher,Nice & Slow,r&b/soul,TREBGAA128E078FC52,Erykah Badu,I Want You,r&b/soul,9.257028124999984
covariance,1,TRMZSRG128F428BE3F,Usher,Roni,r&b/soul,TRFUJVJ128F426F2A2,Lauryn Hill,Interlude 5,r&b/soul,8.499499999999994
covariance,2,TRMZSRG128F428BE3F,Usher,Roni,r&b/soul,TRWSYHO128F4282346,Twista,I'm A Winner (Amended Album Version),hip hop,6.851062499999984
covariance,3,TRMZSRG128F428BE3F,Usher,Roni,r&b/soul,TRDPGXU128F9339C2A,Beastie Boys,B-Boy Bouillabaisse: A.W.O.L. (2009 Digital Remaster),hip hop,6.3577187499999885
covariance,1,TRENECR128F92DAC48,Chris Brown,Damage,r&b/soul,TRFUJVJ128F426F2A2,Lauryn Hill,Interlude 5,r&b/soul,11.085700000000001
covariance,2,TRENECR128F92DAC48,Chris Brown,Damage,r&b/soul,TRWSYHO128F4282346,Twista,I'm A Winner (Amended Album Version),hip hop,9.087199999999955
covariance,3,TRENECR128F92DAC48,Chris Brown,Damage,r&b/soul,TRDPGXU128F9339C2A,Beastie Boys,B-Boy Bouillabaisse: A.W.O.L. (2009 Digital Remaster),hip hop,8.636099999999994
covariance,1,TRIAONH128F9340E62,Chris Brown,Gotta Be Ur Man,r&b/soul,TRWSYHO128F4282346,Twista,I'm A Winner (Amended Album Version),hip hop,12.643009375000014
covariance,2,TRIAONH128F9340E62,Chris Brown,Gotta Be Ur Man,r&b/soul,TRFUJVJ128F426F2A2,Lauryn Hill,Interlude 5,r&b/soul,12.49789999999999
covariance,3,TRIAONH128F9340E62,Chris Brown,Gotta Be Ur Man,r&b/soul,TREBGAA128E078FC52,Erykah Badu,I Want You,r&b/soul,11.488035937500081
covariance,1,TRFBNCQ128F9302AD9,Akon,Birthmark,r&b/soul,TRCDMRL12903CB105C,Fatboy Slim,Acid 8000,electronic,7.7487578125
covariance,2,TRFBNCQ128F9302AD9,Akon,Birthmark,r&b/soul,TRLCWTH128F92C7F82,Marques Houston,Cancel (Album Version),r&b/soul,7.744148437500005
covariance,3,TRFBNCQ128F9302AD9,Akon,Birthmark,r&b/soul,TRGLNKG128F9307689,Eminem,My Darling,hip hop,7.7035234375000154
covariance,1,TRPZAPZ128F9341D3E,R. Kelly,Don't You Say No,r&b/soul,TRFUJVJ128F426F2A2,Lauryn Hill,Interlude 5,r&b/soul,14.628200000000001
covariance,2,TRPZAPZ128F9341D3E,R. Kelly,Don't You Say No,r&b/soul,TREBGAA128E078FC52,Erykah Badu,I Want You,r&b/soul,12.6612015625
covariance,3,TRPZAPZ128F9341D3E,R. Kelly,Don't You Say No,r&b/soul,TRWSYHO128F4282346,Twista,I'm A Winner (Amended Album Version),hip hop,12.495715625000017
covariance,1,TRGHYGG12903CAC100,R. Kelly,Kickin' It With Your Girlfriend,r&b/soul,TRFUJVJ128F426F2A2,Lauryn Hill,Interlude 5,r&b/soul,16.329499999999925
covariance,2,TRGHYGG12903CAC100,R. Kelly,Kickin' It With Your Girlfriend,r&b/soul,TRDPGXU128F9339C2A,Beastie Boys,B-Boy Bouillabaisse: A.W.O.L. (2009 Digital Remaster),hip hop,12.759124999999981
covariance,3,TRGHYGG12903CAC100,R. Kelly,Kickin' It With Your Girlfriend,r&b/soul,TRWSYHO128F4282346,Twista,I'm A Winner (Amended Album Version),hip hop,11.886999999999926
covariance,1,TRNEYNN128F92C21F7,R. Kelly,Rise Up,r&b/soul,TRFUJVJ128F426F2A2,Lauryn Hill,Interlude 5,r&b/soul,12.464799999999991
covariance,2,TRNEYNN128F92C21F7,R. Kelly,Rise Up,r&b/soul,TRWSYHO128F4282346,Twista,I'm A Winner (Amended Album Version),hip hop,8.399940625000008
covariance,3,TRNEYNN128F92C21F7,R. Kelly,Rise Up,r&b/soul,TRGLNKG128F9307689,Eminem,My Darling,hip hop,7.581251562500012
covariance,1,TRRSRXG128E07888AF,Mariah Carey,Joy Ride,r&b/soul,TRFUJVJ128F426F2A2,Lauryn Hill,Interlude 5,r&b/soul,6.621500000000031
covariance,2,TRRSRXG128E07888AF,Mariah Carey,Joy Ride,r&b/soul,TREBGAA128E078FC52,Erykah Badu,I Want You,r&b/soul,4.2059843750000185
covariance,3,TRRSRXG128E07888AF,Mariah Carey,Joy Ride,r&b/soul,TRDPGXU128F9339C2A,Beastie Boys,B-Boy Bouillabaisse: A.W.O.L. (2009 Digital Remaster),hip hop,4.179578125000015
covariance,1,TRONPIZ128F1454219,Mariah Carey,Sprung,r&b/soul,TRFUJVJ128F426F2A2,Lauryn Hill,Interlude 5,r&b/soul,8.71189999999998
covariance,2,TRONPIZ128F1454219,Mariah Carey,Sprung,r&b/soul,TRWSYHO128F4282346,Twista,I'm A Winner (Amended Album Version),hip hop,7.382399999999965
covariance,3,TRONPIZ128F1454219,Mariah Carey,Sprung,r&b/soul,TREBGAA128E078FC52,Erykah Badu,I Want You,r&b/soul,6.691325000000018
covariance,1,TRJKYAO128F427420D,Luther Vandross,Never Too Much,r&b/soul,TRFUJVJ128F426F2A2,Lauryn Hill,Interlude 5,r&b/soul,6.463950000000007
covariance,2,TRJKYAO128F427420D,Luther Vandross,Never Too Much,r&b/soul,TRDPGXU128F9339C2A,Beastie Boys,B-Boy Bouillabaisse: A.W.O.L. (2009 Digital Remaster),hip hop,5.5435453125
covariance,3,TRJKYAO128F427420D,Luther Vandross,Never Too Much,r&b/soul,TRWSYHO128F4282346,Twista,I'm A Winner (Amended Album Version),hip hop,5.416309375
covariance,1,TRYGRKO128F9343244,R. Kelly,Chocolate Factory,r&b/soul,TRFUJVJ128F426F2A2,Lauryn Hill,Interlude 5,r&b/soul,4.103449999999985
covariance,2,TRYGRKO128F9343244,R. Kelly,Chocolate Factory,r&b/soul,TRDPGXU128F9339C2A,Beastie Boys,B-Boy Bouillabaisse: A.W.O.L. (2009 Digital Remaster),hip hop,3.864896875000013
covariance,3,TRYGRKO128F9343244,R. Kelly,Chocolate Factory,r&b/soul,TRGLNKG128F9307689,Eminem,My Darling,hip hop,3.118615624999992
covariance,1,TROIJDA128F9341E70,R. Kelly,I Mean (I Don't Mean It),r&b/soul,TREBGAA128E078FC52,Erykah Badu,I Want You,r&b/soul,18.76462031249997
covariance,2,TROIJDA128F9341E70,R. Kelly,I Mean (I Don't Mean It),r&b/soul,TRFUJVJ128F426F2A2,Lauryn Hill,Interlude 5,r&b/soul,17.757099999999976
covariance,3,TROIJDA128F9341E70,R. Kelly,I Mean (I Don't Mean It),r&b/soul,TRWSYHO128F4282346,Twista,I'm A Winner (Amended Album Version),hip hop,17.486053124999845
covariance,1,TRXTJGV12903CAC0F8,R. Kelly,In The Kitchen,r&b/soul,TRFUJVJ128F426F2A2,Lauryn Hill,Interlude 5,r&b/soul,7.149699999999983
covariance,2,TRXTJGV12903CAC0F8,R. Kelly,In The Kitchen,r&b/soul,TRWSYHO128F4282346,Twista,I'm A Winner (Amended Album Version),hip hop,5.9063562499999955
covariance,3,TRXTJGV12903CAC0F8,R. Kelly,In The Kitchen,r&b/soul,TRDPGXU128F9339C2A,Beastie Boys,B-Boy Bouillabaisse: A.W.O.L. (2009 Digital Remaster),hip hop,5.134896875000005
covariance,1,TRTWRQD12903CA9E3B,Alicia Keys,Distance And Time,r&b/soul,TRFUJVJ128F426F2A2,Lauryn Hill,Interlude 5,r&b/soul,8.784349999999975
covariance,2,TRTWRQD12903CA9E3B,Alicia Keys,Distance And Time,r&b/soul,TRWSYHO128F4282346,Twista,I'm A Winner (Amended Album Version),hip hop,7.11705312499996
covariance,3,TRTWRQD12903CA9E3B,Alicia Keys,Distance And Time,r&b/soul,TREBGAA128E078FC52,Erykah Badu,I Want You,r&b/soul,6.71137031250002
covariance,1,TRWPMRK12903CCDA98,Alicia Keys,Lover Man,r&b/soul,TRFUJVJ128F426F2A2,Lauryn Hill,Interlude 5,r&b/soul,3.5175499999999955
covariance,2,TRWPMRK12903CCDA98,Alicia Keys,Lover Man,r&b/soul,TRDPGXU128F9339C2A,Beastie Boys,B-Boy Bouillabaisse: A.W.O.L. (2009 Digital Remaster),hip hop,2.9675171874999915
covariance,3,TRWPMRK12903CCDA98,Alicia Keys,Lover Man,r&b/soul,TRQAWKR128F425EEC3,Michael Jackson,Man In The Mirror,pop,2.9006593749999947
covariance,1,TRMTTBA128F429A7EC,Alicia Keys,Nobody Not Really (Interlude),r&b/soul,TRDPGXU128F9339C2A,Beastie Boys,B-Boy Bouillabaisse: A.W.O.L. (2009 Digital Remaster),hip hop,1.4924671875000073
covariance,2,TRMTTBA128F429A7EC,Alicia Keys,Nobody Not Really (Interlude),r&b/soul,TRCHZXW128E079288A,Eminem,8 Mile,hip hop,1.485407812499999
covariance,3,TRMTTBA128F429A7EC,Alicia Keys,Nobody Not Really (Interlude),r&b/soul,TRBEBJO128C719646B,Nelly,Splurge,hip hop,1.3920265624999928
covariance,1,TRWCVWH128F4284EE5,Alicia Keys,Piano & I,r&b/soul,TRFUJVJ128F426F2A2,Lauryn Hill,Interlude 5,r&b/soul,2.875499999999999
covariance,2,TRWCVWH128F4284EE5,Alicia Keys,Piano & I,r&b/soul,TREBGAA128E078FC52,Erykah Badu,I Want You,r&b/soul,2.1815390624999993
covariance,3,TRWCVWH128F4284EE5,Alicia Keys,Piano & I,r&b/soul,TRWSYHO128F4282346,Twista,I'm A Winner (Amended Album Version),hip hop,2.0983906250000057
covariance,1,TRQQLZD128F425E9BC,Alicia Keys,Tell You Something (Nana's Reprise),r&b/soul,TROIJDA128F9341E70,R. Kelly,I Mean (I Don't Mean It),r&b/soul,13.048746875000045
covariance,2,TRQQLZD128F425E9BC,Alicia Keys,Tell You Something (Nana's Reprise),r&b/soul,TREBGAA128E078FC52,Erykah Badu,I Want You,r&b/soul,11.996040624999935
covariance,3,TRQQLZD128F425E9BC,Alicia Keys,Tell You Something (Nana's Reprise),r&b/soul,TRFUJVJ128F426F2A2,Lauryn Hill,Interlude 5,r&b/soul,11.928550000000023
covariance,1,TREAJBV12903CCDA96,Alicia Keys,Try Sleeping With A Broken Heart,r&b/soul,TRWSYHO128F4282346,Twista,I'm A Winner (Amended Album Version),hip hop,7.757084374999961
covariance,2,TREAJBV12903CCDA96,Alicia Keys,Try Sleeping With A Broken Heart,r&b/soul,TRFUJVJ128F426F2A2,Lauryn Hill,Interlude 5,r&b/soul,7.546099999999988
covariance,3,TREAJBV12903CCDA96,Alicia Keys,Try Sleeping With A Broken Heart,r&b/soul,TRUGLTC128F4227B93,Danity Kane,Hold Me Down (Album Version),r&b/soul,6.161521874999982
covariance,1,TRDFWVZ128F4284EF0,Alicia Keys,Why Do I Feel So Sad,r&b/soul,TRFUJVJ128F426F2A2,Lauryn Hill,Interlude 5,r&b/soul,5.378000000000011
covariance,2,TRDFWVZ128F4284EF0,Alicia Keys,Why Do I Feel So Sad,r&b/soul,TRDPGXU128F9339C2A,Beastie Boys,B-Boy Bouillabaisse: A.W.O.L. (2009 Digital Remaster),hip hop,4.3827890625000165
covariance,3,TRDFWVZ128F4284EF0,Alicia Keys,Why Do I Feel So Sad,r&b/soul,TREBGAA128E078FC52,Erykah Badu,I Want You,r&b/soul,4.224742187500018
covariance,1,TRFRUCJ128F4284EF2,Alicia Keys,Lovin U,r&b/soul,TRFUJVJ128F426F2A2,Lauryn Hill,Interlude 5,r&b/soul,6.091799999999993
covariance,2,TRFRUCJ128F4284EF2,Alicia Keys,Lovin U,r&b/soul,TRWSYHO128F4282346,Twista,I'm A Winner (Amended Album Version),hip hop,5.274674999999995
covariance,3,TRFRUCJ128F4284EF2,Alicia Keys,Lovin U,r&b/soul,TREBGAA128E078FC52,Erykah Badu,I Want You,r&b/soul,4.383212500000006
covariance,1,TRXONIT128F9355F39,Jeremih,My Ride,r&b/soul,TRDPGXU128F9339C2A,Beastie Boys,B-Boy Bouillabaisse: A.W.O.L. (2009 Digital Remaster),hip hop,10.980481250000034
covariance,2,TRXONIT128F9355F39,Jeremih,My Ride,r&b/soul,TRRSNPA128F148C45E,The Roots,Mellow My Man,hip hop,10.16761875
covariance,3,TRXONIT128F9355F39,Jeremih,My Ride,r&b/soul,TRLTYLK128F92FE6FF,Britney Spears,Radar,pop,10.078881250000013
covariance,1,TRURHNH128F9355F33,Jeremih,Starting All Over,r&b/soul,TRFUJVJ128F426F2A2,Lauryn Hill,Interlude 5,r&b/soul,4.746850000000012
covariance,2,TRURHNH128F9355F33,Jeremih,Starting All Over,r&b/soul,TRCHZXW128E079288A,Eminem,8 Mile,hip hop,3.958965625000002
covariance,3,TRURHNH128F9355F33,Jeremih,Starting All Over,r&b/soul,TRDPGXU128F9339C2A,Beastie Boys,B-Boy Bouillabaisse: A.W.O.L. (2009 Digital Remaster),hip hop,3.7940343749999936
covariance,1,TRBVOUE128F92F4B3E,Duffy,Oh Boy,r&b/soul,TRDPGXU128F9339C2A,Beastie Boys,B-Boy Bouillabaisse: A.W.O.L. (2009 Digital Remaster),hip hop,3.0065812500000093
covariance,2,TRBVOUE128F92F4B3E,Duffy,Oh Boy,r&b/soul,TRFUJVJ128F426F2A2,Lauryn Hill,Interlude 5,r&b/soul,2.8708500000000043
covariance,3,TRBVOUE128F92F4B3E,Duffy,Oh Boy,r&b/soul,TRWSYHO128F4282346,Twista,I'm A Winner (Amended Album Version),hip hop,2.7662874999999794
covariance,1,TRTAKII128F92E4449,Jay Sean,Maybe,r&b/soul,TRFUJVJ128F426F2A2,Lauryn Hill,Interlude 5,r&b/soul,7.86244999999997
covariance,2,TRTAKII128F92E4449,Jay Sean,Maybe,r&b/soul,TRWSYHO128F4282346,Twista,I'm A Winner (Amended Album Version),hip hop,6.731293749999959
covariance,3,TRTAKII128F92E4449,Jay Sean,Maybe,r&b/soul,TRDPGXU128F9339C2A,Beastie Boys,B-Boy Bouillabaisse: A.W.O.L. (2009 Digital Remaster),hip hop,6.240178125000003
covariance,1,TRSHMDQ128F422C1D6,Jay Sean,Stuck In the Middle,r&b/soul,TRFUJVJ128F426F2A2,Lauryn Hill,Interlude 5,r&b/soul,14.611550000000024
covariance,2,TRSHMDQ128F422C1D6,Jay Sean,Stuck In the Middle,r&b/soul,TRWSYHO128F4282346,Twista,I'm A Winner (Amended Album Version),hip hop,10.632550000000021
covariance,3,TRSHMDQ128F422C1D6,Jay Sean,Stuck In the Middle,r&b/soul,TRDPGXU128F9339C2A,Beastie Boys,B-Boy Bouillabaisse: A.W.O.L. (2009 Digital Remaster),hip hop,8.976275000000008
covariance,1,TRENMSO128F42AF485,Fantasia,Bump What Your Friends Say,r&b/soul,TRFUJVJ128F426F2A2,Lauryn Hill,Interlude 5,r&b/soul,7.493100000000011
covariance,2,TRENMSO128F42AF485,Fantasia,Bump What Your Friends Say,r&b/soul,TRWSYHO128F4282346,Twista,I'm A Winner (Amended Album Version),hip hop,6.358381250000003
covariance,3,TRENMSO128F42AF485,Fantasia,Bump What Your Friends Say,r&b/soul,TRGLNKG128F9307689,Eminem,My Darling,hip hop,5.467378125
covariance,1,TRTSASI12903CC26E8,Ray Charles,Smack Dab In The Middle,r&b/soul,TRFUJVJ128F426F2A2,Lauryn Hill,Interlude 5,r&b/soul,3.0393499999999922
covariance,2,TRTSASI12903CC26E8,Ray Charles,Smack Dab In The Middle,r&b/soul,TRDPGXU128F9339C2A,Beastie Boys,B-Boy Bouillabaisse: A.W.O.L. (2009 Digital Remaster),hip hop,2.710714062500009
covariance,3,TRTSASI12903CC26E8,Ray Charles,Smack Dab In The Middle,r&b/soul,TRFLWJZ128F425C9E4,The Pharcyde,Otha Fish,hip hop,1.9608671875000174
covariance,1,TRNZNSR128F429F04B,Ray Charles,Don't You Know,r&b/soul,TRFUJVJ128F426F2A2,Lauryn Hill,Interlude 5,r&b/soul,3.896250000000005
covariance,2,TRNZNSR128F429F04B,Ray Charles,Don't You Know,r&b/soul,TRWSYHO128F4282346,Twista,I'm A Winner (Amended Album Version),hip hop,3.485624999999997
covariance,3,TRNZNSR128F429F04B,Ray Charles,Don't You Know,r&b/soul,TREXCMT128F933D825,Vanilla Ice,It's A Party,hip hop,3.3256249999999925
covariance,1,TRWFFHM128F92F99C4,Chrisette Michele,All I Ever Think About,r&b/soul,TRFUJVJ128F426F2A2,Lauryn Hill,Interlude 5,r&b/soul,13.37639999999998
covariance,2,TRWFFHM128F92F99C4,Chrisette Michele,All I Ever Think About,r&b/soul,TRWSYHO128F4282346,Twista,I'm A Winner (Amended Album Version),hip hop,11.564321875000028
covariance,3,TRWFFHM128F92F99C4,Chrisette Michele,All I Ever Think About,r&b/soul,TREBGAA128E078FC52,Erykah Badu,I Want You,r&b/soul,10.343692187499917
covariance,1,TRDIOJU128F931BF15,Jackson 5,(You Were Made) Especially For Me,r&b/soul,TRFUJVJ128F426F2A2,Lauryn Hill,Interlude 5,r&b/soul,5.527949999999996
covariance,2,TRDIOJU128F931BF15,Jackson 5,(You Were Made) Especially For Me,r&b/soul,TRUGLTC128F4227B93,Danity Kane,Hold Me Down (Album Version),r&b/soul,4.956996874999991
covariance,3,TRDIOJU128F931BF15,Jackson 5,(You Were Made) Especially For Me,r&b/soul,TRWSYHO128F4282346,Twista,I'm A Winner (Amended Album Version),hip hop,4.865309374999992
covariance,1,TRGYQBU128F9342C87,Jackson 5,I Was Made To Love Her,r&b/soul,TRFUJVJ128F426F2A2,Lauryn Hill,Interlude 5,r&b/soul,4.5009999999999994
covariance,2,TRGYQBU128F9342C87,Jackson 5,I Was Made To Love Her,r&b/soul,TRDPGXU128F9339C2A,Beastie Boys,B-Boy Bouillabaisse: A.W.O.L. (2009 Digital Remaster),hip hop,3.992609374999987
covariance,3,TRGYQBU128F9342C87,Jackson 5,I Was Made To Love Her,r&b/soul,TRCHZXW128E079288A,Eminem,8 Mile,hip hop,3.6223906249999986
covariance,1,TRVBSAC128F42B6438,Jackson 5,Bridge Over Troubled Water,r&b/soul,TRWSYHO128F4282346,Twista,I'm A Winner (Amended Album Version),hip hop,3.1122218750000195
covariance,2,TRVBSAC128F42B6438,Jackson 5,Bridge Over Troubled Water,r&b/soul,TRFUJVJ128F426F2A2,Lauryn Hill,Interlude 5,r&b/soul,2.976299999999989
covariance,3,TRVBSAC128F42B6438,Jackson 5,Bridge Over Troubled Water,r&b/soul,TRDPGXU128F9339C2A,Beastie Boys,B-Boy Bouillabaisse: A.W.O.L. (2009 Digital Remaster),hip hop,2.8674390624999915
covariance,1,TRHTGXF128F931BEE7,Jackson 5,Goin' Back To Indiana,r&b/soul,TRCHZXW128E079288A,Eminem,8 Mile,hip hop,5.409365625000004
covariance,2,TRHTGXF128F931BEE7,Jackson 5,Goin' Back To Indiana,r&b/soul,TRDPGXU128F9339C2A,Beastie Boys,B-Boy Bouillabaisse: A.W.O.L. (2009 Digital Remaster),hip hop,5.232134375000014
covariance,3,TRHTGXF128F931BEE7,Jackson 5,Goin' Back To Indiana,r&b/soul,TRKLJAG128F42B31CF,Mario Vazquez,Everytime I...,r&b/soul,4.905781250000015
covariance,1,TRULIIL128F4228AC8,Jackson 5,Lookin' Through The Windows,r&b/soul,TRHNOMB12903CB2544,Life Without Buildings,New Town,rock,2.6985406249999992
covariance,2,TRULIIL128F4228AC8,Jackson 5,Lookin' Through The Windows,r&b/soul,TRFUJVJ128F426F2A2,Lauryn Hill,Interlude 5,r&b/soul,2.6612999999999936
covariance,3,TRULIIL128F4228AC8,Jackson 5,Lookin' Through The Windows,r&b/soul,TRWSYHO128F4282346,Twista,I'm A Winner (Amended Album Version),hip hop,2.308393749999995
covariance,1,TRTKNDU128EF3517DF,Jackson 5,You've Changed,r&b/soul,TRFUJVJ128F426F2A2,Lauryn Hill,Interlude 5,r&b/soul,6.598149999999987
covariance,2,TRTKNDU128EF3517DF,Jackson 5,You've Changed,r&b/soul,TRWSYHO128F4282346,Twista,I'm A Winner (Amended Album Version),hip hop,5.867478125000008
covariance,3,TRTKNDU128EF3517DF,Jackson 5,You've Changed,r&b/soul,TRQAWKR128F425EEC3,Michael Jackson,Man In The Mirror,pop,5.650446874999993
covariance,1,TRQBNNZ128F92D4F35,Jazmine Sullivan,Switch!,r&b/soul,TRFUJVJ128F426F2A2,Lauryn Hill,Interlude 5,r&b/soul,8.528599999999981
covariance,2,TRQBNNZ128F92D4F35,Jazmine Sullivan,Switch!,r&b/soul,TRDPGXU128F9339C2A,Beastie Boys,B-Boy Bouillabaisse: A.W.O.L. (2009 Digital Remaster),hip hop,7.732175000000015
covariance,3,TRQBNNZ128F92D4F35,Jazmine Sullivan,Switch!,r&b/soul,TRKLJAG128F42B31CF,Mario Vazquez,Everytime I...,r&b/soul,7.063749999999987
covariance,1,TRTYGWW128E0794FA2,The Police,One World (Not Three),reggae,TRTLIKK128E07862DA,Ja Rule,One of Us,hip hop,5.740656249999997
covariance,2,TRTYGWW128E0794FA2,The Police,One World (Not Three),reggae,TRLINLH128F9346400,Black Eyed Peas,One Tribe,hip hop,5.604587500000004
covariance,3,TRTYGWW128E0794FA2,The Police,One World (Not Three),reggae,TRFUJVJ128F426F2A2,Lauryn Hill,Interlude 5,r&b/soul,2.979900000000002
covariance,1,TRKHTKI128F92EA339,Matisyahu,Close My Eyes,reggae,TRFUJVJ128F426F2A2,Lauryn Hill,Interlude 5,r&b/soul,13.929150000000064
covariance,2,TRKHTKI128F92EA339,Matisyahu,Close My Eyes,reggae,TRDPGXU128F9339C2A,Beastie Boys,B-Boy Bouillabaisse: A.W.O.L. (2009 Digital Remaster),hip hop,10.74650468749997
covariance,3,TRKHTKI128F92EA339,Matisyahu,Close My Eyes,reggae,TRWSYHO128F4282346,Twista,I'm A Winner (Amended Album Version),hip hop,9.391290625000003
covariance,1,TRACTLX128F42A51F6,Matisyahu,Exaltation,reggae,TRFUJVJ128F426F2A2,Lauryn Hill,Interlude 5,r&b/soul,3.011449999999982
covariance,2,TRACTLX128F42A51F6,Matisyahu,Exaltation,reggae,TRDPGXU128F9339C2A,Beastie Boys,B-Boy Bouillabaisse: A.W.O.L. (2009 Digital Remaster),hip hop,2.7246390624999974
covariance,3,TRACTLX128F42A51F6,Matisyahu,Exaltation,reggae,TRFLWJZ128F425C9E4,The Pharcyde,Otha Fish,hip hop,2.2297421874999963
covariance,1,TRHQAPS128F42A51F4,Matisyahu,Fire and Heights,reggae,TRFUJVJ128F426F2A2,Lauryn Hill,Interlude 5,r&b/soul,13.033550000000027
covariance,2,TRHQAPS128F42A51F4,Matisyahu,Fire and Heights,reggae,TRDPGXU128F9339C2A,Beastie Boys,B-Boy Bouillabaisse: A.W.O.L. (2009 Digital Remaster),hip hop,9.858290625000029
covariance,3,TRHQAPS128F42A51F4,Matisyahu,Fire and Heights,reggae,TRWSYHO128F4282346,Twista,I'm A Winner (Amended Album Version),hip hop,9.696268750000016
covariance,1,TRWMHCZ128F42AE295,Matisyahu,Jerusalem,reggae,TRFUJVJ128F426F2A2,Lauryn Hill,Interlude 5,r&b/soul,8.276300000000003
covariance,2,TRWMHCZ128F42AE295,Matisyahu,Jerusalem,reggae,TRWSYHO128F4282346,Twista,I'm A Winner (Amended Album Version),hip hop,6.962846875000032
covariance,3,TRWMHCZ128F42AE295,Matisyahu,Jerusalem,reggae,TRDPGXU128F9339C2A,Beastie Boys,B-Boy Bouillabaisse: A.W.O.L. (2009 Digital Remaster),hip hop,6.776501562499991
covariance,1,TRMMTKA128F42A51E7,Matisyahu,Warrior,reggae,TRFUJVJ128F426F2A2,Lauryn Hill,Interlude 5,r&b/soul,4.446050000000011
covariance,2,TRMMTKA128F42A51E7,Matisyahu,Warrior,reggae,TRWSYHO128F4282346,Twista,I'm A Winner (Amended Album Version),hip hop,2.7720499999999935
covariance,3,TRMMTKA128F42A51E7,Matisyahu,Warrior,reggae,TRDPGXU128F9339C2A,Beastie Boys,B-Boy Bouillabaisse: A.W.O.L. (2009 Digital Remaster),hip hop,2.7666499999999945
covariance,1,TRPPHPV128F92F0750,Sublime,Don't Push,reggae,TRFUJVJ128F426F2A2,Lauryn Hill,Interlude 5,r&b/soul,9.02079999999999
covariance,2,TRPPHPV128F92F0750,Sublime,Don't Push,reggae,TRDPGXU128F9339C2A,Beastie Boys,B-Boy Bouillabaisse: A.W.O.L. (2009 Digital Remaster),hip hop,7.668009375000029
covariance,3,TRPPHPV128F92F0750,Sublime,Don't Push,reggae,TRWSYHO128F4282346,Twista,I'm A Winner (Amended Album Version),hip hop,6.837581250000019
covariance,1,TRZDKCU128F1456899,Sublime,Pawn Shop,reggae,TRGUCIR128F933D817,Vanilla Ice,Ice Is Workin' It,hip hop,2.2016000000000093
covariance,2,TRZDKCU128F1456899,Sublime,Pawn Shop,reggae,TRFUJVJ128F426F2A2,Lauryn Hill,Interlude 5,r&b/soul,2.156199999999992
covariance,3,TRZDKCU128F1456899,Sublime,Pawn Shop,reggae,TRAUNHR128F92DBBC1,UGK (Underground Kingz),She Luv It,hip hop,2.0021000000000004
covariance,1,TRQCFKA128F148A0D5,Michael Franti & Spearhead,See you in the Light,reggae,TRFUJVJ128F426F2A2,Lauryn Hill,Interlude 5,r&b/soul,7.798399999999974
covariance,2,TRQCFKA128F148A0D5,Michael Franti & Spearhead,See you in the Light,reggae,TRDPGXU128F9339C2A,Beastie Boys,B-Boy Bouillabaisse: A.W.O.L. (2009 Digital Remaster),hip hop,7.297692187500008
covariance,3,TRQCFKA128F148A0D5,Michael Franti & Spearhead,See you in the Light,reggae,TRWSYHO128F4282346,Twista,I'm A Winner (Amended Album Version),hip hop,7.131165624999965
covariance,1,TRPPATZ128F428BA6E,Michael Franti & Spearhead,Sweet Little Lies,reggae,TRUGLTC128F4227B93,Danity Kane,Hold Me Down (Album Version),r&b/soul,5.02439062500001
covariance,2,TRPPATZ128F428BA6E,Michael Franti & Spearhead,Sweet Little Lies,reggae,TRVLIZK128F428845E,Five,That's What You Told Me,pop,4.952531250000009
covariance,3,TRPPATZ128F428BA6E,Michael Franti & Spearhead,Sweet Little Lies,reggae,TRFUJVJ128F426F2A2,Lauryn Hill,Interlude 5,r&b/soul,4.715249999999993
covariance,1,TRMVVWQ128F422BB64,McFly,The Way You Make Me Feel,reggae,TRWSYHO128F4282346,Twista,I'm A Winner (Amended Album Version),hip hop,5.531781249999969
covariance,2,TRMVVWQ128F422BB64,McFly,The Way You Make Me Feel,reggae,TRFUJVJ128F426F2A2,Lauryn Hill,Interlude 5,r&b/soul,5.499749999999999
covariance,3,TRMVVWQ128F422BB64,McFly,The Way You Make Me Feel,reggae,TREBGAA128E078FC52,Erykah Badu,I Want You,r&b/soul,4.984328125
covariance,1,TRRATGY12903D138DB,Daddy Yankee,Grito Mundial,reggae,TRZZQIP128F92EFEAD,Abba,Move On,pop,3.0081078125000023
covariance,2,TRRATGY12903D138DB,Daddy Yankee,Grito Mundial,reggae,TRDOJIR128F42840C0,Horace Andy,Horse With No Name,reggae,2.8170750000000226
covariance,3,TRRATGY12903D138DB,Daddy Yankee,Grito Mundial,reggae,TRTHNFG12903D0CE54,Violadores del Verso,Dale tiempo al rumor,hip hop,2.763198437499993
covariance,1,TRPSKLI128F425E42C,tobyMac,Get This Party Started: Ghost Remix,reggae,TREXCMT128F933D825,Vanilla Ice,It's A Party,hip hop,4.084003125000003
covariance,2,TRPSKLI128F425E42C,tobyMac,Get This Party Started: Ghost Remix,reggae,TRDPGXU128F9339C2A,Beastie Boys,B-Boy Bouillabaisse: A.W.O.L. (2009 Digital Remaster),hip hop,3.7017234375000094
covariance,3,TRPSKLI128F425E42C,tobyMac,Get This Party Started: Ghost Remix,reggae,TRFUJVJ128F426F2A2,Lauryn Hill,Interlude 5,r&b/soul,3.676150000000019
covariance,1,TRWQMVZ128E078F1F7,Bob Marley & The Wailers,Africa Unite,reggae,TRFUJVJ128F426F2A2,Lauryn Hill,Interlude 5,r&b/soul,2.5743000000000142
covariance,2,TRWQMVZ128E078F1F7,Bob Marley & The Wailers,Africa Unite,reggae,TRBVPVV128F425F14F,Daft Punk,Touch It / Technologic,electronic,2.0908531249999833
covariance,3,TRWQMVZ128E078F1F7,Bob Marley & The Wailers,Africa Unite,reggae,TRGUCIR128F933D817,Vanilla Ice,Ice Is Workin' It,hip hop,2.061775000000016
covariance,1,TRHDTPQ128F147733A,Bob Marley & The Wailers,Could You Be Loved,reggae,TRFUJVJ128F426F2A2,Lauryn Hill,Interlude 5,r&b/soul,10.042499999999992
covariance,2,TRHDTPQ128F147733A,Bob Marley & The Wailers,Could You Be Loved,reggae,TRWSYHO128F4282346,Twista,I'm A Winner (Amended Album Version),hip hop,7.978828124999991
covariance,3,TRHDTPQ128F147733A,Bob Marley & The Wailers,Could You Be Loved,reggae,TRQAWKR128F425EEC3,Michael Jackson,Man In The Mirror,pop,6.018046874999999
covariance,1,TRUVZTN128F424B846,Bob Marley,No Water,reggae,TRFUJVJ128F426F2A2,Lauryn Hill,Interlude 5,r&b/soul,2.1259500000000053
covariance,2,TRUVZTN128F424B846,Bob Marley,No Water,reggae,TRWSYHO128F4282346,Twista,I'm A Winner (Amended Album Version),hip hop,1.9944031250000063
covariance,3,TRUVZTN128F424B846,Bob Marley,No Water,reggae,TRDPGXU128F9339C2A,Beastie Boys,B-Boy Bouillabaisse: A.W.O.L. (2009 Digital Remaster),hip hop,1.9252484375000003
covariance,1,TRGPDHJ128F14527D5,Bob Marley & The Wailers,One Love / People Get Ready,reggae,TRLINLH128F9346400,Black Eyed Peas,One Tribe,hip hop,3.3391124999999966
covariance,2,TRGPDHJ128F14527D5,Bob Marley & The Wailers,One Love / People Get Ready,reggae,TRFUJVJ128F426F2A2,Lauryn Hill,Interlude 5,r&b/soul,2.9413000000000147
covariance,3,TRGPDHJ128F14527D5,Bob Marley & The Wailers,One Love / People Get Ready,reggae,TRTLIKK128E07862DA,Ja Rule,One of Us,hip hop,2.6277187499999997
covariance,1,TRHKHHL128F4251E2A,Bob Marley,Try Me,reggae,TRUGLTC128F4227B93,Danity Kane,Hold Me Down (Album Version),r&b/soul,5.6445000000000185
covariance,2,TRHKHHL128F4251E2A,Bob Marley,Try Me,reggae,TRVLIZK128F428845E,Five,That's What You Told Me,pop,5.30525000000001
covariance,3,TRHKHHL128F4251E2A,Bob Marley,Try Me,reggae,TRFUJVJ128F426F2A2,Lauryn Hill,Interlude 5,r&b/soul,3.7794999999999965
covariance,1,TRAMTEH128F930D496,Bob Marley & The Wailers,Baby We've Got A Date (Rock It Baby),reggae,TRBVPVV128F425F14F,Daft Punk,Touch It / Technologic,electronic,5.173445312499974
covariance,2,TRAMTEH128F930D496,Bob Marley & The Wailers,Baby We've Got A Date (Rock It Baby),reggae,TRFSCLD12903CD213F,The Prodigy,We Gonna Rock,electronic,4.832374999999987
covariance,3,TRAMTEH128F930D496,Bob Marley & The Wailers,Baby We've Got A Date (Rock It Baby),reggae,TRGUCIR128F933D817,Vanilla Ice,Ice Is Workin' It,hip hop,4.657937500000014
covariance,1,TRCGRJV128F1477322,Bob Marley & The Wailers,Johnny Was,reggae,TRFUJVJ128F426F2A2,Lauryn Hill,Interlude 5,r&b/soul,2.1822000000000146
covariance,2,TRCGRJV128F1477322,Bob Marley & The Wailers,Johnny Was,reggae,TRDPGXU128F9339C2A,Beastie Boys,B-Boy Bouillabaisse: A.W.O.L. (2009 Digital Remaster),hip hop,1.7409906250000013
covariance,3,TRCGRJV128F1477322,Bob Marley & The Wailers,Johnny Was,reggae,TRQAWKR128F425EEC3,Michael Jackson,Man In The Mirror,pop,1.6332312500000037
covariance,1,TRRVJJF128F9309F02,Bob Marley,Riding High,reggae,TRWSYHO128F4282346,Twista,I'm A Winner (Amended Album Version),hip hop,5.2985218750000085
covariance,2,TRRVJJF128F9309F02,Bob Marley,Riding High,reggae,TRFUJVJ128F426F2A2,Lauryn Hill,Interlude 5,r&b/soul,5.1916000000000055
covariance,3,TRRVJJF128F9309F02,Bob Marley,Riding High,reggae,TRLTYLK128F92FE6FF,Britney Spears,Radar,pop,4.218939062499999
covariance,1,TRDXHIR128F930E030,Bob Marley,Soul Shakedown,reggae,TRFUJVJ128F426F2A2,Lauryn Hill,Interlude 5,r&b/soul,3.009400000000005
covariance,2,TRDXHIR128F930E030,Bob Marley,Soul Shakedown,reggae,TRUGLTC128F4227B93,Danity Kane,Hold Me Down (Album Version),r&b/soul,2.683353124999995
covariance,3,TRDXHIR128F930E030,Bob Marley,Soul Shakedown,reggae,TRGLNKG128F9307689,Eminem,My Darling,hip hop,2.389301562500009
covariance,1,TRDTEUX12903CB4AD7,Bob Marley & The Wailers,Trenchtown Rock,reggae,TRFUJVJ128F426F2A2,Lauryn Hill,Interlude 5,r&b/soul,6.90995000000001
covariance,2,TRDTEUX12903CB4AD7,Bob Marley & The Wailers,Trenchtown Rock,reggae,TRWSYHO128F4282346,Twista,I'm A Winner (Amended Album Version),hip hop,5.736371875000003
covariance,3,TRDTEUX12903CB4AD7,Bob Marley & The Wailers,Trenchtown Rock,reggae,TREBGAA128E078FC52,Erykah Badu,I Want You,r&b/soul,5.117467187499986
covariance,1,TRVTZTY128E0781E22,Massive Attack,Eternal Feedback (Sly),reggae,TRFUJVJ128F426F2A2,Lauryn Hill,Interlude 5,r&b/soul,2.2670999999999886
covariance,2,TRVTZTY128E0781E22,Massive Attack,Eternal Feedback (Sly),reggae,TRCHZXW128E079288A,Eminem,8 Mile,hip hop,2.2189578124999927
covariance,3,TRVTZTY128E0781E22,Massive Attack,Eternal Feedback (Sly),reggae,TRDPGXU128F9339C2A,Beastie Boys,B-Boy Bouillabaisse: A.W.O.L. (2009 Digital Remaster),hip hop,2.1509171875000113
covariance,1,TRORKSH128F9320C21,Bob Marley & The Wailers,Black Progress,reggae,TRFUJVJ128F426F2A2,Lauryn Hill,Interlude 5,r&b/soul,2.2911499999999982
covariance,2,TRORKSH128F9320C21,Bob Marley & The Wailers,Black Progress,reggae,TRDPGXU128F9339C2A,Beastie Boys,B-Boy Bouillabaisse: A.W.O.L. (2009 Digital Remaster),hip hop,1.8002390624999913
covariance,3,TRORKSH128F9320C21,Bob Marley & The Wailers,Black Progress,reggae,TREBGAA128E078FC52,Erykah Badu,I Want You,r&b/soul,1.6329421874999903
covariance,1,TRGEMSN128E07944A8,Bob Marley & The Wailers,Reggae On Broadway,reggae,TREXCMT128F933D825,Vanilla Ice,It's A Party,hip hop,6.508174999999973
covariance,2,TRGEMSN128E07944A8,Bob Marley & The Wailers,Reggae On Broadway,reggae,TRDPGXU128F9339C2A,Beastie Boys,B-Boy Bouillabaisse: A.W.O.L. (2009 Digital Remaster),hip hop,5.44376249999997
covariance,3,TRGEMSN128E07944A8,Bob Marley & The Wailers,Reggae On Broadway,reggae,TRLTYLK128F92FE6FF,Britney Spears,Radar,pop,5.24341250000001
covariance,1,TRQMVYN128F4250E38,Bob Marley,Rebels Hop,reggae,TRFUJVJ128F426F2A2,Lauryn Hill,Interlude 5,r&b/soul,2.1228000000000016
covariance,2,TRQMVYN128F4250E38,Bob Marley,Rebels Hop,reggae,TRWSYHO128F4282346,Twista,I'm A Winner (Amended Album Version),hip hop,1.9898937500000065
covariance,3,TRQMVYN128F4250E38,Bob Marley,Rebels Hop,reggae,TRDPGXU128F9339C2A,Beastie Boys,B-Boy Bouillabaisse: A.W.O.L. (2009 Digital Remaster),hip hop,1.9282281250000013
covariance,1,TRDJCNG128F9339544,Bob Marley,Stop The Train,reggae,TRXHFMI128F429B2F2,Rufio,Over It (Acoustic),punk,3.662601562500017
covariance,2,TRDJCNG128F9339544,Bob Marley,Stop The Train,reggae,TRCHZXW128E079288A,Eminem,8 Mile,hip hop,3.53924218750002
covariance,3,TRDJCNG128F9339544,Bob Marley,Stop The Train,reggae,TRDPGXU128F9339C2A,Beastie Boys,B-Boy Bouillabaisse: A.W.O.L. (2009 Digital Remaster),hip hop,3.220132812499996
covariance,1,TRVSWGN12903CB4A44,Bob Marley & The Wailers,This Train,reggae,TRRSNPA128F148C45E,The Roots,Mellow My Man,hip hop,1.0816671875000015
covariance,2,TRVSWGN12903CB4A44,Bob Marley & The Wailers,This Train,reggae,TROLEFX128E078BD4F,C-Block,My Life,hip hop,0.9190718750000036
covariance,3,TRVSWGN12903CB4A44,Bob Marley & The Wailers,This Train,reggae,TRISBQQ128F93217A2,2Pac,Strictly 4 My N.I.G.G.A.Z.,hip hop,0.731859374999999
covariance,1,TRNJPBY128F92F621A,N-Dubz,Defeat You,reggae,TRWSYHO128F4282346,Twista,I'm A Winner (Amended Album Version),hip hop,7.629996875000043
covariance,2,TRNJPBY128F92F621A,N-Dubz,Defeat You,reggae,TREBGAA128E078FC52,Erykah Badu,I Want You,r&b/soul,7.07490468749996
covariance,3,TRNJPBY128F92F621A,N-Dubz,Defeat You,reggae,TRKLJAG128F42B31CF,Mario Vazquez,Everytime I...,r&b/soul,6.856796875000027
covariance,1,TRINMBD128F92F6211,N-Dubz,Don't Get Nine,reggae,TRFUJVJ128F426F2A2,Lauryn Hill,Interlude 5,r&b/soul,15.580100000000016
covariance,2,TRINMBD128F92F6211,N-Dubz,Don't Get Nine,reggae,TRWSYHO128F4282346,Twista,I'm A Winner (Amended Album Version),hip hop,15.258584375000005
covariance,3,TRINMBD128F92F6211,N-Dubz,Don't Get Nine,reggae,TREBGAA128E078FC52,Erykah Badu,I Want You,r&b/soul,12.873073437499938
covariance,1,TRRKBRB128EF35E2DA,N-Dubz,Feva Las Vegas,reggae,TRFUJVJ128F426F2A2,Lauryn Hill,Interlude 5,r&b/soul,8.196650000000007
covariance,2,TRRKBRB128EF35E2DA,N-Dubz,Feva Las Vegas,reggae,TRDPGXU128F9339C2A,Beastie Boys,B-Boy Bouillabaisse: A.W.O.L. (2009 Digital Remaster),hip hop,7.490762500000019
covariance,3,TRRKBRB128EF35E2DA,N-Dubz,Feva Las Vegas,reggae,TRCHZXW128E079288A,Eminem,8 Mile,hip hop,6.997487500000018
covariance,1,TRYPJXU128F92F621C,N-Dubz,Secrets,reggae,TRFUJVJ128F426F2A2,Lauryn Hill,Interlude 5,r&b/soul,7.347100000000022
covariance,2,TRYPJXU128F92F621C,N-Dubz,Secrets,reggae,TRDPGXU128F9339C2A,Beastie Boys,B-Boy Bouillabaisse: A.W.O.L. (2009 Digital Remaster),hip hop,6.951385937500022
covariance,3,TRYPJXU128F92F621C,N-Dubz,Secrets,reggae,TRWSYHO128F4282346,Twista,I'm A Winner (Amended Album Version),hip hop,6.674178125000025
covariance,1,TRGNBCC128F92F6218,N-Dubz,Work Work,reggae,TRFUJVJ128F426F2A2,Lauryn Hill,Interlude 5,r&b/soul,12.94604999999999
covariance,2,TRGNBCC128F92F6218,N-Dubz,Work Work,reggae,TRWSYHO128F4282346,Twista,I'm A Winner (Amended Album Version),hip hop,12.683299999999925
covariance,3,TRGNBCC128F92F6218,N-Dubz,Work Work,reggae,TREBGAA128E078FC52,Erykah Badu,I Want You,r&b/soul,11.33627499999998
covariance,1,TRDNAVT128F428A246,Dropkick Murphys,Good Rats (Live),reggae,TRFUJVJ128F426F2A2,Lauryn Hill,Interlude 5,r&b/soul,2.4263500000000056
covariance,2,TRDNAVT128F428A246,Dropkick Murphys,Good Rats (Live),reggae,TRQAWKR128F425EEC3,Michael Jackson,Man In The Mirror,pop,1.5166312500000019
covariance,3,TRDNAVT128F428A246,Dropkick Murphys,Good Rats (Live),reggae,TRDPGXU128F9339C2A,Beastie Boys,B-Boy Bouillabaisse: A.W.O.L. (2009 Digital Remaster),hip hop,1.407065625
covariance,1,TRRHCOS128F4248193,Tito El Bambino,Sol_ Playa Y Arena,reggae,TRTHNFG12903D0CE54,Violadores del Verso,Dale tiempo al rumor,hip hop,2.693934375000006
covariance,2,TRRHCOS128F4248193,Tito El Bambino,Sol_ Playa Y Arena,reggae,TRZZQIP128F92EFEAD,Abba,Move On,pop,2.654478125000025
covariance,3,TRRHCOS128F4248193,Tito El Bambino,Sol_ Playa Y Arena,reggae,TRDOJIR128F42840C0,Horace Andy,Horse With No Name,reggae,2.4937999999999825
covariance,1,TRFGOUF128F9348838,UB40,I Don't Want To See You Cry,reggae,TRFUJVJ128F426F2A2,Lauryn Hill,Interlude 5,r&b/soul,4.329650000000008
covariance,2,TRFGOUF128F9348838,UB40,I Don't Want To See You Cry,reggae,TRGLNKG128F9307689,Eminem,My Darling,hip hop,3.712199999999997
covariance,3,TRFGOUF128F9348838,UB40,I Don't Want To See You Cry,reggae,TRWSYHO128F4282346,Twista,I'm A Winner (Amended Album Version),hip hop,3.658900000000017
covariance,1,TRQLICG12903CBFAFD,UB40,Come Back Darling,reggae,TRFUJVJ128F426F2A2,Lauryn Hill,Interlude 5,r&b/soul,3.3955499999999965
covariance,2,TRQLICG12903CBFAFD,UB40,Come Back Darling,reggae,TRWSYHO128F4282346,Twista,I'm A Winner (Amended Album Version),hip hop,3.3948312499999895
covariance,3,TRQLICG12903CBFAFD,UB40,Come Back Darling,reggae,TRUGLTC128F4227B93,Danity Kane,Hold Me Down (Album Version),r&b/soul,2.7672062500000005
covariance,1,TREKDZI128F146A972,UB40,Here I Am (Come And Take Me),reggae,TRFUJVJ128F426F2A2,Lauryn Hill,Interlude 5,r&b/soul,6.285000000000001
covariance,2,TREKDZI128F146A972,UB40,Here I Am (Come And Take Me),reggae,TRUGLTC128F4227B93,Danity Kane,Hold Me Down (Album Version),r&b/soul,5.443593749999984
covariance,3,TREKDZI128F146A972,UB40,Here I Am (Come And Take Me),reggae,TRVLIZK128F428845E,Five,That's What You Told Me,pop,5.098437500000005
covariance,1,TRJDXEG128E07820DB,UB40,Light My Fire,reggae,TRFUJVJ128F426F2A2,Lauryn Hill,Interlude 5,r&b/soul,2.7938500000000044
covariance,2,TRJDXEG128E07820DB,UB40,Light My Fire,reggae,TRLTYLK128F92FE6FF,Britney Spears,Radar,pop,2.585829687499999
covariance,3,TRJDXEG128E07820DB,UB40,Light My Fire,reggae,TREXCMT128F933D825,Vanilla Ice,It's A Party,hip hop,2.5645906249999975
covariance,1,TRKHYKB128E0789D42,Coldplay,Til Kingdom Come,rock,TRFUJVJ128F426F2A2,Lauryn Hill,Interlude 5,r&b/soul,5.740149999999996
covariance,2,TRKHYKB128E0789D42,Coldplay,Til Kingdom Come,rock,TRWSYHO128F4282346,Twista,I'm A Winner (Amended Album Version),hip hop,4.660103125000017
covariance,3,TRKHYKB128E0789D42,Coldplay,Til Kingdom Come,rock,TRDPGXU128F9339C2A,Beastie Boys,B-Boy Bouillabaisse: A.W.O.L. (2009 Digital Remaster),hip hop,4.528098437500011
covariance,1,TRDVELE128F932810A,Bruce Springsteen,Brothers Under The Bridges ('83),rock,TRFUJVJ128F426F2A2,Lauryn Hill,Interlude 5,r&b/soul,2.6232000000000024
covariance,2,TRDVELE128F932810A,Bruce Springsteen,Brothers Under The Bridges ('83),rock,TRDPGXU128F9339C2A,Beastie Boys,B-Boy Bouillabaisse: A.W.O.L. (2009 Digital Remaster),hip hop,2.2151234375000004
covariance,3,TRDVELE128F932810A,Bruce Springsteen,Brothers Under The Bridges ('83),rock,TRFLWJZ128F425C9E4,The Pharcyde,Otha Fish,hip hop,1.586695312500002
covariance,1,TRCONIY128F932A7DA,Bruce Springsteen,The Big Payback,rock,TRFUJVJ128F426F2A2,Lauryn Hill,Interlude 5,r&b/soul,6.1103499999999915
covariance,2,TRCONIY128F932A7DA,Bruce Springsteen,The Big Payback,rock,TRDPGXU128F9339C2A,Beastie Boys,B-Boy Bouillabaisse: A.W.O.L. (2009 Digital Remaster),hip hop,5.581174999999999
covariance,3,TRCONIY128F932A7DA,Bruce Springsteen,The Big Payback,rock,TRCHZXW128E079288A,Eminem,8 Mile,hip hop,4.533075000000024
covariance,1,TRWULBB128F42670A3,Bruce Springsteen,The Ties That Bind,rock,TRFUJVJ128F426F2A2,Lauryn Hill,Interlude 5,r&b/soul,5.026050000000006
covariance,2,TRWULBB128F42670A3,Bruce Springsteen,The Ties That Bind,rock,TRWSYHO128F4282346,Twista,I'm A Winner (Amended Album Version),hip hop,3.6197062499999975
covariance,3,TRWULBB128F42670A3,Bruce Springsteen,The Ties That Bind,rock,TRGLNKG128F9307689,Eminem,My Darling,hip hop,3.407540625000001
covariance,1,TROQFYY128F429DBA0,The Killers,Sam's Town,rock,TRFUJVJ128F426F2A2,Lauryn Hill,Interlude 5,r&b/soul,5.197850000000001
covariance,2,TROQFYY128F429DBA0,The Killers,Sam's Town,rock,TRDPGXU128F9339C2A,Beastie Boys,B-Boy Bouillabaisse: A.W.O.L. (2009 Digital Remaster),hip hop,4.934339062499984
covariance,3,TROQFYY128F429DBA0,The Killers,Sam's Town,rock,TRBEBJO128C719646B,Nelly,Splurge,hip hop,4.0868921874999815
covariance,1,TRHFADH128F92E2BE3,Muse,Pink Ego Box,rock,TRFUJVJ128F426F2A2,Lauryn Hill,Interlude 5,r&b/soul,2.885550000000007
covariance,2,TRHFADH128F92E2BE3,Muse,Pink Ego Box,rock,TRWSYHO128F4282346,Twista,I'm A Winner (Amended Album Version),hip hop,2.864909374999986
covariance,3,TRHFADH128F92E2BE3,Muse,Pink Ego Box,rock,TRGLNKG128F9307689,Eminem,My Darling,hip hop,2.422798437500005
covariance,1,TROAQBZ128F9326213,OneRepublic,Secrets,rock,TRDPGXU128F9339C2A,Beastie Boys,B-Boy Bouillabaisse: A.W.O.L. (2009 Digital Remaster),hip hop,5.201520312500001
covariance,2,TROAQBZ128F9326213,OneRepublic,Secrets,rock,TRFUJVJ128F426F2A2,Lauryn Hill,Interlude 5,r&b/soul,5.078400000000007
covariance,3,TROAQBZ128F9326213,OneRepublic,Secrets,rock,TRCHZXW128E079288A,Eminem,8 Mile,hip hop,4.719854687500014
covariance,1,TRVZCTL128E078F0BE,Bon Jovi,Come Back,rock,TRFUJVJ128F426F2A2,Lauryn Hill,Interlude 5,r&b/soul,6.073450000000013
covariance,2,TRVZCTL128E078F0BE,Bon Jovi,Come Back,rock,TRHGZOJ128F14A2ED0,The Simpsons,Do The Bartman,hip hop,5.412915624999959
covariance,3,TRVZCTL128E078F0BE,Bon Jovi,Come Back,rock,TRYOUMI128E078F4DE,K-Ci & JoJo,Baby Come Back,blues,5.120710937499979
covariance,1,TRAERPT128F931103E,The Rolling Stones,Time Is On My Side,rock,TRFUJVJ128F426F2A2,Lauryn Hill,Interlude 5,r&b/soul,6.255200000000002
covariance,2,TRAERPT128F931103E,The Rolling Stones,Time Is On My Side,rock,TRWSYHO128F4282346,Twista,I'm A Winner (Amended Album Version),hip hop,4.772637500000003
covariance,3,TRAERPT128F931103E,The Rolling Stones,Time Is On My Side,rock,TRDPGXU128F9339C2A,Beastie Boys,B-Boy Bouillabaisse: A.W.O.L. (2009 Digital Remaster),hip hop,4.690381250000012
covariance,1,TRQXTQT128E0781DA7,The Rolling Stones,Fight (1994 Digital Remaster),rock,TRWSYHO128F4282346,Twista,I'm A Winner (Amended Album Version),hip hop,3.0056562500000137
covariance,2,TRQXTQT128E0781DA7,The Rolling Stones,Fight (1994 Digital Remaster),rock,TRDPGXU128F9339C2A,Beastie Boys,B-Boy Bouillabaisse: A.W.O.L. (2009 Digital Remaster),hip hop,2.7257968749999915
covariance,3,TRQXTQT128E0781DA7,The Rolling Stones,Fight (1994 Digital Remaster),rock,TRINMBD128F92F6211,N-Dubz,Don't Get Nine,reggae,2.5717656249999914
covariance,1,TRAUYZG12903CDA4E9,Bon Jovi,This Ain't A Love Song,rock,TRFUJVJ128F426F2A2,Lauryn Hill,Interlude 5,r&b/soul,8.566200000000002
covariance,2,TRAUYZG12903CDA4E9,Bon Jovi,This Ain't A Love Song,rock,TRDPGXU128F9339C2A,Beastie Boys,B-Boy Bouillabaisse: A.W.O.L. (2009 Digital Remaster),hip hop,7.760256250000018
covariance,3,TRAUYZG12903CDA4E9,Bon Jovi,This Ain't A Love Song,rock,TRWSYHO128F4282346,Twista,I'm A Winner (Amended Album Version),hip hop,7.319887500000034
covariance,1,TRGESLP12903CE31C8,Bon Jovi,Superman Tonight,rock,TRFUJVJ128F426F2A2,Lauryn Hill,Interlude 5,r&b/soul,7.762500000000002
covariance,2,TRGESLP12903CE31C8,Bon Jovi,Superman Tonight,rock,TRWSYHO128F4282346,Twista,I'm A Winner (Amended Album Version),hip hop,7.701640625000005
covariance,3,TRGESLP12903CE31C8,Bon Jovi,Superman Tonight,rock,TREBGAA128E078FC52,Erykah Badu,I Want You,r&b/soul,5.825039062500007
covariance,1,TRPAYRK128E0792986,Guns N' Roses,Bad Obsession,rock,TRFUJVJ128F426F2A2,Lauryn Hill,Interlude 5,r&b/soul,5.603050000000014
covariance,2,TRPAYRK128E0792986,Guns N' Roses,Bad Obsession,rock,TRGUCIR128F933D817,Vanilla Ice,Ice Is Workin' It,hip hop,5.090837500000007
covariance,3,TRPAYRK128E0792986,Guns N' Roses,Bad Obsession,rock,TRBVPVV128F425F14F,Daft Punk,Touch It / Technologic,electronic,5.0686265625000155
covariance,1,TRKMXIA128F4299423,Elvis Presley,Anything That's Part Of You,rock,TRFUJVJ128F426F2A2,Lauryn Hill,Interlude 5,r&b/soul,2.7748499999999967
covariance,2,TRKMXIA128F4299423,Elvis Presley,Anything That's Part Of You,rock,TRWSYHO128F4282346,Twista,I'm A Winner (Amended Album Version),hip hop,2.4839593750000084
covariance,3,TRKMXIA128F4299423,Elvis Presley,Anything That's Part Of You,rock,TREBGAA128E078FC52,Erykah Badu,I Want You,r&b/soul,2.1888859375000074
covariance,1,TRTQRHY128F4241AFD,Flyleaf,So I Thought,rock,TRFUJVJ128F426F2A2,Lauryn Hill,Interlude 5,r&b/soul,5.906050000000022
covariance,2,TRTQRHY128F4241AFD,Flyleaf,So I Thought,rock,TRDPGXU128F9339C2A,Beastie Boys,B-Boy Bouillabaisse: A.W.O.L. (2009 Digital Remaster),hip hop,4.530478124999988
covariance,3,TRTQRHY128F4241AFD,Flyleaf,So I Thought,rock,TRBEBJO128C719646B,Nelly,Splurge,hip hop,3.9911843749999836
covariance,1,TRXIEYZ128E078891B,The Smashing Pumpkins,You're All I've Got Tonight,rock,TRWSYHO128F4282346,Twista,I'm A Winner (Amended Album Version),hip hop,5.576034374999978
covariance,2,TRXIEYZ128E078891B,The Smashing Pumpkins,You're All I've Got Tonight,rock,TRFUJVJ128F426F2A2,Lauryn Hill,Interlude 5,r&b/soul,5.556049999999988
covariance,3,TRXIEYZ128E078891B,The Smashing Pumpkins,You're All I've Got Tonight,rock,TREBGAA128E078FC52,Erykah Badu,I Want You,r&b/soul,5.275298437499985
covariance,1,TRTGMIX128EF35E2B9,Snow Patrol,Signal Fire,rock,TRFUJVJ128F426F2A2,Lauryn Hill,Interlude 5,r&b/soul,4.903099999999992
covariance,2,TRTGMIX128EF35E2B9,Snow Patrol,Signal Fire,rock,TRUGLTC128F4227B93,Danity Kane,Hold Me Down (Album Version),r&b/soul,4.6561781250000145
covariance,3,TRTGMIX128EF35E2B9,Snow Patrol,Signal Fire,rock,TRWSYHO128F4282346,Twista,I'm A Winner (Amended Album Version),hip hop,4.112365625000013
covariance,1,TRHPKWO128F92E01D5,Snow Patrol,The Lightning Strike,rock,TRFUJVJ128F426F2A2,Lauryn Hill,Interlude 5,r&b/soul,10.773250000000026
covariance,2,TRHPKWO128F92E01D5,Snow Patrol,The Lightning Strike,rock,TRDPGXU128F9339C2A,Beastie Boys,B-Boy Bouillabaisse: A.W.O.L. (2009 Digital Remaster),hip hop,7.378304687500015
covariance,3,TRHPKWO128F92E01D5,Snow Patrol,The Lightning Strike,rock,TRWSYHO128F4282346,Twista,I'm A Winner (Amended Album Version),hip hop,6.9223906250000145
covariance,1,TRDMUWU128E078EDDB,Nirvana,Dumb,rock,TRCHZXW128E079288A,Eminem,8 Mile,hip hop,6.928356249999939
covariance,2,TRDMUWU128E078EDDB,Nirvana,Dumb,rock,TRKLJAG128F42B31CF,Mario Vazquez,Everytime I...,r&b/soul,6.78281250000006
covariance,3,TRDMUWU128E078EDDB,Nirvana,Dumb,rock,TRXHFMI128F429B2F2,Rufio,Over It (Acoustic),punk,6.4696687500000225
covariance,1,TRXEAZB128E078EDCE,Nirvana,Something In The Way,rock,TRFLWJZ128F425C9E4,The Pharcyde,Otha Fish,hip hop,1.8947109374999922
covariance,2,TRXEAZB128E078EDCE,Nirvana,Something In The Way,rock,TRDPGXU128F9339C2A,Beastie Boys,B-Boy Bouillabaisse: A.W.O.L. (2009 Digital Remaster),hip hop,1.8578453125000007
covariance,3,TRXEAZB128E078EDCE,Nirvana,Something In The Way,rock,TRFUJVJ128F426F2A2,Lauryn Hill,Interlude 5,r&b/soul,1.7105500000000202
covariance,1,TRLKNKC128F42BC213,Switchfoot,Oh! Gravity.,rock,TRZZQIP128F92EFEAD,Abba,Move On,pop,4.22613437500002
covariance,2,TRLKNKC128F42BC213,Switchfoot,Oh! Gravity.,rock,TRDOJIR128F42840C0,Horace Andy,Horse With No Name,reggae,3.918049999999978
covariance,3,TRLKNKC128F42BC213,Switchfoot,Oh! Gravity.,rock,TRBVPVV128F425F14F,Daft Punk,Touch It / Technologic,electronic,2.3048968749999914
covariance,1,TRVQBRZ128F423EEDC,The White Stripes,Hotel Yorba,rock,TRFUJVJ128F426F2A2,Lauryn Hill,Interlude 5,r&b/soul,3.9170000000000083
covariance,2,TRVQBRZ128F423EEDC,The White Stripes,Hotel Yorba,rock,TRDPGXU128F9339C2A,Beastie Boys,B-Boy Bouillabaisse: A.W.O.L. (2009 Digital Remaster),hip hop,3.7216640624999924
covariance,3,TRVQBRZ128F423EEDC,The White Stripes,Hotel Yorba,rock,TRWSYHO128F4282346,Twista,I'm A Winner (Amended Album Version),hip hop,3.4531718750000153
covariance,1,TRBNXZS12903D0A686,The White Stripes,Prickly Thorn_ But Sweetly Worn (Live),rock,TREAUAV128EF33FE50,Electrelane,Cut And Run,punk,2.4399874999999995
covariance,2,TRBNXZS12903D0A686,The White Stripes,Prickly Thorn_ But Sweetly Worn (Live),rock,TRSABJR128F429C84B,Tryo,Yakamonéyé,reggae,2.4081625000000138
covariance,3,TRBNXZS12903D0A686,The White Stripes,Prickly Thorn_ But Sweetly Worn (Live),rock,TRPNSHU128F428049F,The Darkness,Givin' Up (Clean Version),rock,2.2588562500000036
covariance,1,TRGGBKA128F428E461,The White Stripes,St. Andrew (This Battle Is In The Air),rock,TROIJDA128F9341E70,R. Kelly,I Mean (I Don't Mean It),r&b/soul,1.472014062499992
covariance,2,TRGGBKA128F428E461,The White Stripes,St. Andrew (This Battle Is In The Air),rock,TRDPGXU128F9339C2A,Beastie Boys,B-Boy Bouillabaisse: A.W.O.L. (2009 Digital Remaster),hip hop,1.4703640625000016
covariance,3,TRGGBKA128F428E461,The White Stripes,St. Andrew (This Battle Is In The Air),rock,TRCHZXW128E079288A,Eminem,8 Mile,hip hop,1.4410109374999944
covariance,1,TRICQHX128F93269FC,The Decemberists,I Was Meant For the Stage,rock,TRFUJVJ128F426F2A2,Lauryn Hill,Interlude 5,r&b/soul,3.710400000000001
covariance,2,TRICQHX128F93269FC,The Decemberists,I Was Meant For the Stage,rock,TRDPGXU128F9339C2A,Beastie Boys,B-Boy Bouillabaisse: A.W.O.L. (2009 Digital Remaster),hip hop,3.206387500000007
covariance,3,TRICQHX128F93269FC,The Decemberists,I Was Meant For the Stage,rock,TRGLNKG128F9307689,Eminem,My Darling,hip hop,2.797262499999997
covariance,1,TRAFWEV128F428D391,Cake,Alpha Beta Parking Lot,rock,TRFGJLT128F1491125,Public Enemy,Go Cat Go,hip hop,1.3925749999999892
covariance,2,TRAFWEV128F428D391,Cake,Alpha Beta Parking Lot,rock,TRCETEN128F42AD6D0,Bowling For Soup,Here We Go,punk,1.1019250000000065
covariance,3,TRAFWEV128F428D391,Cake,Alpha Beta Parking Lot,rock,TRIJLHF128F9322FE4,Jill Scott,Watching ME,r&b/soul,1.0764375000000013
covariance,1,TRJRIBM128E0788E18,The Smashing Pumpkins,An Ode To No One,rock,TRFUJVJ128F426F2A2,Lauryn Hill,Interlude 5,r&b/soul,6.391599999999987
covariance,2,TRJRIBM128E0788E18,The Smashing Pumpkins,An Ode To No One,rock,TRWSYHO128F4282346,Twista,I'm A Winner (Amended Album Version),hip hop,5.39234999999999
covariance,3,TRJRIBM128E0788E18,The Smashing Pumpkins,An Ode To No One,rock,TRDPGXU128F9339C2A,Beastie Boys,B-Boy Bouillabaisse: A.W.O.L. (2009 Digital Remaster),hip hop,4.8424250000000075
covariance,1,TRIVTJA128F92C1E80,The Fray,Over My Head (Cable Car),rock,TRDPGXU128F9339C2A,Beastie Boys,B-Boy Bouillabaisse: A.W.O.L. (2009 Digital Remaster),hip hop,5.7725859375000175
covariance,2,TRIVTJA128F92C1E80,The Fray,Over My Head (Cable Car),rock,TRFUJVJ128F426F2A2,Lauryn Hill,Interlude 5,r&b/soul,5.547749999999992
covariance,3,TRIVTJA128F92C1E80,The Fray,Over My Head (Cable Car),rock,TRXHFMI128F429B2F2,Rufio,Over It (Acoustic),punk,4.472492187499999
covariance,1,TRFLRXQ128F4280CCC,Interpol,No I In Threesome,rock,TRFUJVJ128F426F2A2,Lauryn Hill,Interlude 5,r&b/soul,3.934549999999999
covariance,2,TRFLRXQ128F4280CCC,Interpol,No I In Threesome,rock,TRDPGXU128F9339C2A,Beastie Boys,B-Boy Bouillabaisse: A.W.O.L. (2009 Digital Remaster),hip hop,2.456368749999988
covariance,3,TRFLRXQ128F4280CCC,Interpol,No I In Threesome,rock,TRFLWJZ128F425C9E4,The Pharcyde,Otha Fish,hip hop,2.0174062499999987
covariance,1,TRYBPGK128F4255BE3,Interpol,Pace Is The Trick,rock,TRFUJVJ128F426F2A2,Lauryn Hill,Interlude 5,r&b/soul,9.079199999999991
covariance,2,TRYBPGK128F4255BE3,Interpol,Pace Is The Trick,rock,TRWSYHO128F4282346,Twista,I'm A Winner (Amended Album Version),hip hop,8.099059374999968
covariance,3,TRYBPGK128F4255BE3,Interpol,Pace Is The Trick,rock,TREBGAA128E078FC52,Erykah Badu,I Want You,r&b/soul,7.66568593750003
covariance,1,TRGXNCJ128F425FB1C,Pink Floyd,Embryo,rock,TRDPGXU128F9339C2A,Beastie Boys,B-Boy Bouillabaisse: A.W.O.L. (2009 Digital Remaster),hip hop,0.6509500000000016
covariance,2,TRGXNCJ128F425FB1C,Pink Floyd,Embryo,rock,TRCHZXW128E079288A,Eminem,8 Mile,hip hop,0.6060499999999983
covariance,3,TRGXNCJ128F425FB1C,Pink Floyd,Embryo,rock,TRRSNPA128F148C45E,The Roots,Mellow My Man,hip hop,0.5633999999999991
covariance,1,TRFNRGN128E0791E0E,Buckcherry,Borderline,rock,TRFUJVJ128F426F2A2,Lauryn Hill,Interlude 5,r&b/soul,5.066149999999994
covariance,2,TRFNRGN128E0791E0E,Buckcherry,Borderline,rock,TRWSYHO128F4282346,Twista,I'm A Winner (Amended Album Version),hip hop,3.746337499999993
covariance,3,TRFNRGN128E0791E0E,Buckcherry,Borderline,rock,TRDPGXU128F9339C2A,Beastie Boys,B-Boy Bouillabaisse: A.W.O.L. (2009 Digital Remaster),hip hop,3.357231249999978
covariance,1,TROLTZX128E0791C1A,Nine Inch Nails,March Of The Pigs,rock,TRBVPVV128F425F14F,Daft Punk,Touch It / Technologic,electronic,3.8555531249999984
covariance,2,TROLTZX128E0791C1A,Nine Inch Nails,March Of The Pigs,rock,TRGUCIR128F933D817,Vanilla Ice,Ice Is Workin' It,hip hop,3.750725000000025
covariance,3,TROLTZX128E0791C1A,Nine Inch Nails,March Of The Pigs,rock,TRFUJVJ128F426F2A2,Lauryn Hill,Interlude 5,r&b/soul,3.651950000000011
covariance,1,TRJZZCN128E07938C5,Nine Inch Nails,Burn,rock,TRFUJVJ128F426F2A2,Lauryn Hill,Interlude 5,r&b/soul,8.118750000000034
covariance,2,TRJZZCN128E07938C5,Nine Inch Nails,Burn,rock,TRWSYHO128F4282346,Twista,I'm A Winner (Amended Album Version),hip hop,7.630390624999954
covariance,3,TRJZZCN128E07938C5,Nine Inch Nails,Burn,rock,TREBGAA128E078FC52,Erykah Badu,I Want You,r&b/soul,6.802539062500009
covariance,1,TRCZLLQ128E0792778,Nine Inch Nails,Something I Can Never Have,rock,TRFUJVJ128F426F2A2,Lauryn Hill,Interlude 5,r&b/soul,6.728749999999975
covariance,2,TRCZLLQ128E0792778,Nine Inch Nails,Something I Can Never Have,rock,TRWSYHO128F4282346,Twista,I'm A Winner (Amended Album Version),hip hop,6.5679687499999595
covariance,3,TRCZLLQ128E0792778,Nine Inch Nails,Something I Can Never Have,rock,TREBGAA128E078FC52,Erykah Badu,I Want You,r&b/soul,5.57617187499998
covariance,1,TRUIAKW128F428C787,Eagles,It's Your World Now,rock,TRFUJVJ128F426F2A2,Lauryn Hill,Interlude 5,r&b/soul,2.3967500000000026
covariance,2,TRUIAKW128F428C787,Eagles,It's Your World Now,rock,TRGUCIR128F933D817,Vanilla Ice,Ice Is Workin' It,hip hop,2.163062499999994
covariance,3,TRUIAKW128F428C787,Eagles,It's Your World Now,rock,TRDPGXU128F9339C2A,Beastie Boys,B-Boy Bouillabaisse: A.W.O.L. (2009 Digital Remaster),hip hop,2.117632812500001
covariance,1,TRCRHFK128F427FD8F,Bob Dylan,Something There Is About You,rock,TRFUJVJ128F426F2A2,Lauryn Hill,Interlude 5,r&b/soul,4.2749499999999925
covariance,2,TRCRHFK128F427FD8F,Bob Dylan,Something There Is About You,rock,TRDPGXU128F9339C2A,Beastie Boys,B-Boy Bouillabaisse: A.W.O.L. (2009 Digital Remaster),hip hop,3.1186937499999887
covariance,3,TRCRHFK128F427FD8F,Bob Dylan,Something There Is About You,rock,TRWSYHO128F4282346,Twista,I'm A Winner (Amended Album Version),hip hop,2.850512499999994
covariance,1,TRMOUUU128F14ADE16,Hawk Nelson,From Underneath,rock,TRFUJVJ128F426F2A2,Lauryn Hill,Interlude 5,r&b/soul,6.144850000000019
covariance,2,TRMOUUU128F14ADE16,Hawk Nelson,From Underneath,rock,TRWSYHO128F4282346,Twista,I'm A Winner (Amended Album Version),hip hop,4.901146875000016
covariance,3,TRMOUUU128F14ADE16,Hawk Nelson,From Underneath,rock,TREBGAA128E078FC52,Erykah Badu,I Want You,r&b/soul,4.339354687500019
covariance,1,TRCURQD128F427C75B,Hawk Nelson,Turn It On,rock,TRBVPVV128F425F14F,Daft Punk,Touch It / Technologic,electronic,6.200470312500015
covariance,2,TRCURQD128F427C75B,Hawk Nelson,Turn It On,rock,TRGUCIR128F933D817,Vanilla Ice,Ice Is Workin' It,hip hop,4.867837499999982
covariance,3,TRCURQD128F427C75B,Hawk Nelson,Turn It On,rock,TREXCMT128F933D825,Vanilla Ice,It's A Party,hip hop,4.3336781250000085
covariance,1,TRRKJGZ128F148128F,Hawk Nelson,Something On My Mind,rock,TRFUJVJ128F426F2A2,Lauryn Hill,Interlude 5,r&b/soul,5.9789000000000225
covariance,2,TRRKJGZ128F148128F,Hawk Nelson,Something On My Mind,rock,TRDPGXU128F9339C2A,Beastie Boys,B-Boy Bouillabaisse: A.W.O.L. (2009 Digital Remaster),hip hop,5.95950468750001
covariance,3,TRRKJGZ128F148128F,Hawk Nelson,Something On My Mind,rock,TRCHZXW128E079288A,Eminem,8 Mile,hip hop,5.118120312499999
correlation,1,TRVYEUW128F148C08D,Michael Jackson,All The Things You Are,blues,TRQBTYN128F92EA704,Tony Bennett,You're All The World To Me,jazz,0.7336968310393863
correlation,2,TRVYEUW128F148C08D,Michael Jackson,All The Things You Are,blues,TRCRGKS128F92C57A8,Patricia Barber,You're The Top,jazz,0.7271838626050499
correlation,3,TRVYEUW128F148C08D,Michael Jackson,All The Things You Are,blues,TRYMECK128F428253F,Husker Du,You're A Soldier,rock,0.6887269177639489
correlation,1,TRCXKPC128F92FD04C,John Mayer,Vultures,blues,TRDHQHB128F421FE15,Naked Aggression,Plastic World,punk,0.6568703206763402
correlation,2,TRCXKPC128F92FD04C,John Mayer,Vultures,blues,TRZSMVL128F4289D4C,Ozma,The Ups And Downs,rock,0.6411269509264942
correlation,3,TRCXKPC128F92FD04C,John Mayer,Vultures,blues,TRTPMBB128F42934F8,Sage Francis,Keep Moving,hip hop,0.6134740359507607
correlation,1,TRMMALW128F92FD049,John Mayer,Out Of My Mind,blues,TRVVIWJ128F42697BA,Fat Joe,Preacher On A Sunday Morning,hip hop,0.6669323712356565
correlation,2,TRMMALW128F92FD049,John Mayer,Out Of My Mind,blues,TRRJXRE128F93141F6,Calvin Harris,Ready For The Weekend,electronic,0.6648010039503709
correlation,3,TRMMALW128F92FD049,John Mayer,Out Of My Mind,blues,TRPYPOE128F4248543,KATAKLYSM,Beyond Salvation,metal,0.6619949063669088
correlation,1,TRJWAJC128F9327C4F,R. Kelly,Hump Bounce,blues,TRUNGLI128F425AD28,The Derek Trucks Band,All I Do,blues,0.6579208891618373
correlation,2,TRJWAJC128F9327C4F,R. Kelly,Hump Bounce,blues,TRAVJGH128F14ADDB7,Avalon,Overjoyed,pop,0.6397699791344673
correlation,3,TRJWAJC128F9327C4F,R. Kelly,Hump Bounce,blues,TRKSSMT128E07948E7,Billie Piper,Day And Night,pop,0.6306836382560345
correlation,1,TRPEBTH128F9327C4D,R. Kelly,Intro - The Sermon,blues,TROXHLM128F4266510,Blues Traveler,Hook,blues,0.7430112475755655
correlation,2,TRPEBTH128F9327C4D,R. Kelly,Intro - The Sermon,blues,TRAFLMU128F4274A4D,G-Unit,I Don't Want To Talk About It,hip hop,0.7428348407469471
correlation,3,TRPEBTH128F9327C4D,R. Kelly,Intro - The Sermon,blues,TRDPGXU128F9339C2A,Beastie Boys,B-Boy Bouillabaisse: A.W.O.L. (2009 Digital Remaster),hip hop,0.741684672691694
correlation,1,TRNWHUD128F932E304,Michael Jackson,Call On Me,blues,TRKEINR128F4258B98,Albert Hammond Jr,G Up,rock,0.8027120628514757
correlation,2,TRNWHUD128F932E304,Michael Jackson,Call On Me,blues,TRZCHKB128F92CB740,Anastacia,Club Megamix,rock,0.7988456432230597
correlation,3,TRNWHUD128F932E304,Michael Jackson,Call On Me,blues,TROXHLM128F4266510,Blues Traveler,Hook,blues,0.7916165377099661
correlation,1,TRFGGSX128F427A723,The Black Keys,Oceans and Streams,blues,TRGLGNR128F1487A6F,Manafest,Runaway,hip hop,0.703824987969557
correlation,2,TRFGGSX128F427A723,The Black Keys,Oceans and Streams,blues,TRZPHVT128F4298109,The Cat Empire,The Car Song,reggae,0.6949109189982393
correlation,3,TRFGGSX128F427A723,The Black Keys,Oceans and Streams,blues,TRMDSAH12903CAF58C,Ballboy,I Don't Have Time To Stand Here With You Fighting About The Size Of My Dick,pop,0.6864159482424259
correlation,1,TRPTCMZ128F9340B09,The Black Keys,10 A.M. Automatic,blues,TRVJCBD128F4268421,Warrant,Bad Tattoo,metal,0.6446113692397283
correlation,2,TRPTCMZ128F9340B09,The Black Keys,10 A.M. Automatic,blues,TRGPUVY128F9313AD9,Doyle Bramhall,Dimples,jazz,0.6116015460079213
correlation,3,TRPTCMZ128F9340B09,The Black Keys,10 A.M. Automatic,blues,TRSTDLM128EF3431B6,Ayo,Only You,r&b/soul,0.6044967567223913
correlation,1,TRVKLGW12903CB4523,The Black Keys,Aeroplane Blues,blues,TRGZDBB128F4270A4C,Johnny Cash,I Don't Know Where I'm Bound,country,0.7786412276587259
correlation,2,TRVKLGW12903CB4523,The Black Keys,Aeroplane Blues,blues,TRFSQXF128F9311B25,LMFAO,I Am Not A Whore,electronic,0.7519388605715372
correlation,3,TRVKLGW12903CB4523,The Black Keys,Aeroplane Blues,blues,TRSXWSL128F933DFE5,Sneaky Sound System,16,pop,0.7472018993356732
correlation,1,TRFBNZN128F9340B0E,The Black Keys,All Hands Against His Own,blues,TRHWJQG128F92FD821,Brandy,Give Me You,r&b/soul,0.4733953967025472
correlation,2,TRFBNZN128F9340B0E,The Black Keys,All Hands Against His Own,blues,TRHRXAE128F92C1CDE,Leonard Cohen,The Stranger Song,folk,0.4719178276956937
correlation,3,TRFBNZN128F9340B0E,The Black Keys,All Hands Against His Own,blues,TRWUEMB128F148CCAC,Athlete,New Project,rock,0.47047447228676814
correlation,1,TRBYDKJ12903CA9D33,The Black Keys,Black Door,blues,TRVJCDB128F4263466,Kandi,I Wanna Know,r&b/soul,0.8412829926310784
correlation,2,TRBYDKJ12903CA9D33,The Black Keys,Black Door,blues,TRUQRFW128F145877E,Julia Fordham,Genius,electronic,0.7249993384308598
correlation,3,TRBYDKJ12903CA9D33,The Black Keys,Black Door,blues,TRGXDVA128F9350A48,Psapp,I Want That,electronic,0.6876158558692357
correlation,1,TRWJKJK128F9338FEF,The Black Keys,Busted,blues,TRMJBIJ128F93391B9,Bow Wow,Sunshine,hip hop,0.7536221354329551
correlation,2,TRWJKJK128F9338FEF,The Black Keys,Busted,blues,TRVWMAR128F425A2DA,The Clash,1-2 Crush On You,punk,0.7443815803404349
correlation,3,TRWJKJK128F9338FEF,The Black Keys,Busted,blues,TRJJTPI128F4276759,Hawthorne Heights,Rescue Me,punk,0.7314517269101162
correlation,1,TRUULBP12903CA9D23,The Black Keys,Give Your Heart Away,blues,TRPCYSR128EF35F745,Elton John,Heart In The Right Place,pop,0.5441008891197968
correlation,2,TRUULBP12903CA9D23,The Black Keys,Give Your Heart Away,blues,TRXZNNF12903CA6F9B,Kenny Rogers,Endless love,country,0.5403284263397514
correlation,3,TRUULBP12903CA9D23,The Black Keys,Give Your Heart Away,blues,TRBGUJV128E078FE5D,Dru Hill,Share My World,r&b/soul,0.5322735785615362
correlation,1,TRYYJHJ128F9340B19,The Black Keys,Grown So Ugly,blues,TRDBLNP128F93427D7,Robert Johnson,32 20 Blues,blues,0.6710883643746605
correlation,2,TRYYJHJ128F9340B19,The Black Keys,Grown So Ugly,blues,TRPMDDK12903D0D320,Robert Johnson,Kindhearted Woman Blues,blues,0.6515867411708274
correlation,3,TRYYJHJ128F9340B19,The Black Keys,Grown So Ugly,blues,TRBJSDA128F42413CC,Once Nothing,The Dust Of A Town,metal,0.651058363458035
correlation,1,TRHHJCL12903CB44B7,The Black Keys,Hard Row,blues,TRKKXHG128F421A24C,Dance Hall Crashers,Othello,reggae,0.6117260740013419
correlation,2,TRHHJCL12903CB44B7,The Black Keys,Hard Row,blues,TRDRMPD12903CD03B2,Eyes Set to Kill,All You Ever Knew,metal,0.6078508917863588
correlation,3,TRHHJCL12903CB44B7,The Black Keys,Hard Row,blues,TRSIDED12903CC71E0,The Acacia Strain,Skynet,metal,0.6011325136942293
correlation,1,TRWZXDS128F427A71B,The Black Keys,I Got Mine,blues,TRVFUON128F92E2B10,Gary Moore,Ain't Nobody,blues,0.6978075195678681
correlation,2,TRWZXDS128F427A71B,The Black Keys,I Got Mine,blues,TRCPSEE128F934BC20,Veronica Maggio,I staden växer inga blommor,pop,0.6900789820755479
correlation,3,TRWZXDS128F427A71B,The Black Keys,I Got Mine,blues,TRJHQUI128F9355211,Judy Garland,I Got Rhythm,pop,0.6830195837462163
correlation,1,TRZDLWE12903CB44DE,The Black Keys,If You See Me,blues,TRPALTN128F42614D4,Ann Lee,Smooth & Sweet,pop,0.7373697365172451
correlation,2,TRZDLWE12903CB44DE,The Black Keys,If You See Me,blues,TRKNZBD12903CD4DCD,Hafdis Huld,Plastic Halo,pop,0.73490575299576
correlation,3,TRZDLWE12903CB44DE,The Black Keys,If You See Me,blues,TRYDNTB128F9331278,Ginuwine,Only When ur Lonely,r&b/soul,0.72778559592363
correlation,1,TRNZQVO128F427A71E,The Black Keys,Lies,blues,TRITIFV128F4294213,Pop Will Eat Itself,I've Always Been A Coward Baby,electronic,0.6242314817702685
correlation,2,TRNZQVO128F427A71E,The Black Keys,Lies,blues,TRPUCJZ12903D12FDD,Das Ich,Lügen Und Das Ich,electronic,0.6200440763937277
correlation,3,TRNZQVO128F427A71E,The Black Keys,Lies,blues,TRUWJOP128F42420DC,Linda Ronstadt,Lies  (LP Version),folk,0.6084335483863188
correlation,1,TRAECHJ12903CC36DA,The Black Keys,Next Girl,blues,TRNGIXM128F148D3E6,Jesse Johnson,I Want My Girl,r&b/soul,0.725831126750282
correlation,2,TRAECHJ12903CC36DA,The Black Keys,Next Girl,blues,TRPVEXL128F42732C5,OTT,Be My Girl,electronic,0.6669760036417856
correlation,3,TRAECHJ12903CC36DA,The Black Keys,Next Girl,blues,TRALZXZ128F92E26EF,The Jeff Healey Band,My Little Girl,blues,0.6612700940139845
correlation,1,TRRVSIN128F9338FD5,The Black Keys,No Fun,blues,TROPHLE128F14546AE,The Stooges,No Fun (Remasterd LP Version),punk,0.8684616207768188
correlation,2,TRRVSIN128F9338FD5,The Black Keys,No Fun,blues,TRVPQXR128F9333711,Yerba Buena,No No No,latin,0.5649271907256386
correlation,3,TRRVSIN128F9338FD5,The Black Keys,No Fun,blues,TRQPNOU128F429488E,Mecano,La Estación,latin,0.5337115544310191
correlation,1,TRYMMVG128F9340B1B,The Black Keys,Stack Shot Billy,blues,TRAQYXB128F92EC315,George Jones,Who Shot Sam,country,0.47011079870343614
correlation,2,TRYMMVG128F9340B1B,The Black Keys,Stack Shot Billy,blues,TRPCRIV12903CD6882,Thursday,Unintended Long Term Effects,punk,0.44545317329925127
correlation,3,TRYMMVG128F9340B1B,The Black Keys,Stack Shot Billy,blues,TRGJECL128F146752C,John Hiatt,Trudy And Dave,rock,0.43178694687703667
correlation,1,TRKSEEY12903CCD312,The Black Keys,Ten Cent Pistol,blues,TRZFCJS128E0784D05,The Boomtown Rats,Diamond Smiles,rock,0.536455216973207
correlation,2,TRKSEEY12903CCD312,The Black Keys,Ten Cent Pistol,blues,TRXJTJZ128F4295464,The Corrs,Queen Of Hollywood ( LP Version ),pop,0.5226359783709535
correlation,3,TRKSEEY12903CCD312,The Black Keys,Ten Cent Pistol,blues,TROBUHQ128F149D98B,Tracy Byrd,Right About Now,country,0.4882027329799319
correlation,1,TRFOGQC12903CA9D2E,The Black Keys,The Flame,blues,TRDJYOH128F429B2F8,Midtown,Knew It All Along (Acoustic),folk,0.6133117060829746
correlation,2,TRFOGQC12903CA9D2E,The Black Keys,The Flame,blues,TRYXYFR128E078C6B5,Digital Underground,Sex Packets (LP Version),hip hop,0.6126989488661135
correlation,3,TRFOGQC12903CA9D2E,The Black Keys,The Flame,blues,TRFUJVJ128F426F2A2,Lauryn Hill,Interlude 5,r&b/soul,0.610279114980718
correlation,1,TREVCQU12903CCD318,The Black Keys,These Days,blues,TRKDVQI128F4271B77,Gregg Allman,These Days,country,0.6577582435087547
correlation,2,TREVCQU12903CCD318,The Black Keys,These Days,blues,TRLAEHY128F4262611,Hot Water Music,The Sense,punk,0.614118023327495
correlation,3,TREVCQU12903CCD318,The Black Keys,These Days,blues,TRVMHRC128F9308C9A,Rhymefest,These Days,hip hop,0.601615712468455
correlation,1,TRFLJNE12903CB44F1,The Black Keys,When The Lights Go Out,blues,TRVLVOT128F1460C61,Donnie,Do You Know?,r&b/soul,0.565262225957532
correlation,2,TRFLJNE12903CB44F1,The Black Keys,When The Lights Go Out,blues,TRBEWAM128F145CA91,Shannon McNally,Down And Dirty,blues,0.5648937104498954
correlation,3,TRFLJNE12903CB44F1,The Black Keys,When The Lights Go Out,blues,TRGESLP12903CE31C8,Bon Jovi,Superman Tonight,rock,0.5602434622845055
correlation,1,TRQNNKX12903CB44CA,The Black Keys,Have Love Will Travel,blues,TRTNMJU128F4299B34,Lisa Stansfield,Somewhere In Time,jazz,0.6597663237313336
correlation,2,TRQNNKX12903CB44CA,The Black Keys,Have Love Will Travel,blues,TRLVIKC12903CF81B9,Burden Of A Day,My Forfeit,metal,0.6182797427861451
correlation,3,TRQNNKX12903CB44CA,The Black Keys,Have Love Will Travel,blues,TRCKORX128F1480B65,Bronski Beat,I Feel Love,pop,0.6164859183592413
correlation,1,TRKNKGC128F42A746A,Ray Charles,C.C. Rider,blues,TRPBTSJ128F42A3168,Harry Belafonte,Angelina,latin,0.7030176047073953
correlation,2,TRKNKGC128F42A746A,Ray Charles,C.C. Rider,blues,TRHMLCK128F93085F2,Jeff Timmons,Can't You See,pop,0.6977799812634011
correlation,3,TRKNKGC128F42A746A,Ray Charles,C.C. Rider,blues,TRBEWAM128F145CA91,Shannon McNally,Down And Dirty,blues,0.6937393530547816
correlation,1,TRWEHQE128F935A2D6,Ray Charles,I Got a Woman,blues,TRBDCAH128EF362D31,The Pharcyde,Passin' Me By,hip hop,0.6087311125223549
correlation,2,TRWEHQE128F935A2D6,Ray Charles,I Got a Woman,blues,TRVJFHH12903CA2811,Josh Turner,Haywire,country,0.6038000443257115
correlation,3,TRWEHQE128F935A2D6,Ray Charles,I Got a Woman,blues,TRAPEZB128F92FEFBC,Gentleman,Empress,reggae,0.6030790764798426
correlation,1,TRPMJOK128F92F317A,Ray Charles,The Sun's Gonna Shine Again,blues,TRRDSTH12903CF37F7,Skip James,Devil Got My Woman,blues,0.5526260631506804
correlation,2,TRPMJOK128F92F317A,Ray Charles,The Sun's Gonna Shine Again,blues,TRFSOAL128F931B19F,Robben Ford,The Way You Treated Me (You're Gonna Be Sorry),blues,0.543469737304919
correlation,3,TRPMJOK128F92F317A,Ray Charles,The Sun's Gonna Shine Again,blues,TRYVYKU128F426F26F,Lauryn Hill,Interlude 1,r&b/soul,0.5295659750403547
correlation,1,TRGXECP12903CDDC43,Ray Charles,Losing Hand,blues,TRWBWCV12903CF1327,Wild Strawberries,Heroine,folk,0.7490418712182673
correlation,2,TRGXECP12903CDDC43,Ray Charles,Losing Hand,blues,TRNODEK128E07861DD,LL Cool J,Lollipop,hip hop,0.7480762379464769
correlation,3,TRGXECP12903CDDC43,Ray Charles,Losing Hand,blues,TRLTTDC128E079380E,Rufus Wainwright,Baby,folk,0.7397508372346276
correlation,1,TREQYGT128E07859FA,Blake Shelton,Nobody But Me (Album Version),blues,TRZFWHP12903D13D18,Webb Pierce,I Ain't Never,country,0.7001392651379819
correlation,2,TREQYGT128E07859FA,Blake Shelton,Nobody But Me (Album Version),blues,TRIJWAB128F148AA50,En Vogue,Love Don't Love You (LP Version),r&b/soul,0.6915751644784818
correlation,3,TREQYGT128E07859FA,Blake Shelton,Nobody But Me (Album Version),blues,TRAEPAC12903CE5DC8,Ray Charles,Let's Go,jazz,0.6873740898651677
correlation,1,TROFEVE12903CD8AAA,Etta James,A Sunday Kind of Love,blues,TRWWLCH128F9307E59,Astrud Gilberto,And Roses And Roses,jazz,0.638785748743472
correlation,2,TROFEVE12903CD8AAA,Etta James,A Sunday Kind of Love,blues,TRSLGXM12903CE5B9C,Melissa Etheridge,Fearless Love,rock,0.6243458212698544
correlation,3,TROFEVE12903CD8AAA,Etta James,A Sunday Kind of Love,blues,TRNEDXS128EF347095,W.A.S.P.,Fistful Of Diamonds,metal,0.6204365192080417
correlation,1,TRCFPJF128F428A872,Etta James,I Just Want To Make Love To You,blues,TRLVWXW128F4253365,Willie Dixon,I Just Want To Make Love To You,blues,0.8572527623051509
correlation,2,TRCFPJF128F428A872,Etta James,I Just Want To Make Love To You,blues,TRNZPAS128F148D3EB,Jesse Johnson,Love Struck,r&b/soul,0.8294796744438501
correlation,3,TRCFPJF128F428A872,Etta James,I Just Want To Make Love To You,blues,TRECXRG128F426AF2B,Jon Secada,Want You_ Miss You_ Love You,latin,0.7970538844156028
correlation,1,TRBFTHL128C7196B42,Etta James,My Dearest Darling,blues,TRXZNNF12903CA6F9B,Kenny Rogers,Endless love,country,0.698973110322311
correlation,2,TRBFTHL128C7196B42,Etta James,My Dearest Darling,blues,TRJXBDJ128F4292591,Angie Stone,Snowflakes,r&b/soul,0.6900703783444958
correlation,3,TRBFTHL128C7196B42,Etta James,My Dearest Darling,blues,TRSAKRH128F4247F79,Mint Condition,Breakin' My Heart (Pretty Brown Eyes),r&b/soul,0.6869805448877185
correlation,1,TRFEGGQ128E07898AA,Etta James,W.O.M.A.N.,blues,TRKKSER128F4241C16,Pretty Maids,Perfect Stranger,metal,0.735270409532742
correlation,2,TRFEGGQ128E07898AA,Etta James,W.O.M.A.N.,blues,TRPNSHU128F428049F,The Darkness,Givin' Up (Clean Version),rock,0.7313282315519747
correlation,3,TRFEGGQ128E07898AA,Etta James,W.O.M.A.N.,blues,TRUOWXS128F4232239,Little Anthony & The Imperials,Shimmy_ Shimmy_ Ko-Ko-Bop (Single Version),latin,0.7258297353358544
correlation,1,TRDDDDX128E0793212,Eric Clapton,Alberta,blues,TRYOFCJ128F425A6B6,Bay City Rollers,Lovely To See You,pop,0.6170007710107551
correlation,2,TRDDDDX128E0793212,Eric Clapton,Alberta,blues,TRBEWAM128F145CA91,Shannon McNally,Down And Dirty,blues,0.6132646651337125
correlation,3,TRDDDDX128E0793212,Eric Clapton,Alberta,blues,TRXNKTE128F427F992,Jennifer Lopez,Theme From Mahagony (Do You Know Where You're Going To),electronic,0.6086252255072369
correlation,1,TRWBAGY128F93034BF,Eric Clapton,Before You Accuse Me (Take A Look At Yourself),blues,TROIRUX128F92FC956,Bo Diddley,Before You Accuse Me,blues,0.8800229295853735
correlation,2,TRWBAGY128F93034BF,Eric Clapton,Before You Accuse Me (Take A Look At Yourself),blues,TRVVIWJ128F42697BA,Fat Joe,Preacher On A Sunday Morning,hip hop,0.6131911839346947
correlation,3,TRWBAGY128F93034BF,Eric Clapton,Before You Accuse Me (Take A Look At Yourself),blues,TRLKEFU128F422C555,Joss Stone,You Had Me (Live),r&b/soul,0.6047578537285812
correlation,1,TRLWIBC128E0792E2C,Eric Clapton,Early In The Morning,blues,TRZRBOX128EF3435A7,Seventh Day Slumber,Broken Buildings,rock,0.5768927835311545
correlation,2,TRLWIBC128E0792E2C,Eric Clapton,Early In The Morning,blues,TRTKXNY12903CB661C,Gil Scott-Heron,Me And The Devil,blues,0.5755248582468051
correlation,3,TRLWIBC128E0792E2C,Eric Clapton,Early In The Morning,blues,TRQFRJG128F4260199,Opeth,The Moor,metal,0.5619421027428236
correlation,1,TRAZQIG128F146372E,Eric Clapton,Floating Bridge,blues,TRLURQM128F1484267,Lupe Fiasco,Hurt Me Soul (Explicit Album Version),hip hop,0.6499208281616807
correlation,2,TRAZQIG128F146372E,Eric Clapton,Floating Bridge,blues,TRLSHDW128E078A58A,Jackie Greene,About Cell Block #9,blues,0.6376201798270513
correlation,3,TRAZQIG128F146372E,Eric Clapton,Floating Bridge,blues,TRZLNPM128F42B3BF5,Onyx,Feel Me,hip hop,0.6374150792990885
correlation,1,TRQUJCP128F4238206,Eric Clapton,Kind Hearted Woman Blues (Album Version),blues,TRPMDDK12903D0D320,Robert Johnson,Kindhearted Woman Blues,blues,0.9459268741555864
correlation,2,TRQUJCP128F4238206,Eric Clapton,Kind Hearted Woman Blues (Album Version),blues,TRYYRLU12903D082FF,Jonny Lang,Breakin Me,blues,0.6862688998070454
correlation,3,TRQUJCP128F4238206,Eric Clapton,Kind Hearted Woman Blues (Album Version),blues,TRHJXVO128F9308F9F,The Mick Fleetwood Blues Band,Black Magic Woman,blues,0.6838707621408135
correlation,1,TRIDJMD128E078B984,Michael Bublé,That's All (Album Version),classical,TRHLQOF12903CDF360,Hindi Zahra,Fascination (Album Version),jazz,0.77905829808797
correlation,2,TRIDJMD128E078B984,Michael Bublé,That's All (Album Version),classical,TREXDDS128F4277776,Mayday Parade,One Man Drinking Games,punk,0.7268641223323935
correlation,3,TRIDJMD128E078B984,Michael Bublé,That's All (Album Version),classical,TRPJPVB128F930A092,KC And The Sunshine Band,All My Love,r&b/soul,0.7260595305313344
correlation,1,TRYRCXF128F424183D,Josh Groban,America (Revised Live Version),classical,TRFWXOJ12903CED198,Simon & Garfunkel,America,folk,0.9944536467064881
correlation,2,TRYRCXF128F424183D,Josh Groban,America (Revised Live Version),classical,TROOJPJ128F14A2A86,Brand Nubian,All For One (Explicit) (2006 Remastered LP Version),hip hop,0.7371923298814116
correlation,3,TRYRCXF128F424183D,Josh Groban,America (Revised Live Version),classical,TRQCXUL128E078A9D6,The Streets,The Irony Of It All (Album Version),electronic,0.7230060150130563
correlation,1,TRDQLTF128E0787809,Josh Groban,Broken Vow (Album Version),classical,TRGDGKP128F42A34A7,G4,Broken Vow,classical,0.9990835607231928
correlation,2,TRDQLTF128E0787809,Josh Groban,Broken Vow (Album Version),classical,TRDPNYI12903D0517A,Alexandra Burke,Overcome,r&b/soul,0.8109955569163301
correlation,3,TRDQLTF128E0787809,Josh Groban,Broken Vow (Album Version),classical,TRKLJAG128F42B31CF,Mario Vazquez,Everytime I...,r&b/soul,0.7977621163644556
correlation,1,TRUAAEQ128F423C52D,Josh Groban,Gira Con Me Questa Notte (Album Version),classical,TRKKUWM128F92E4E1C,Gemelli Diversi,Istruzioni Per L'(Ill)uso,hip hop,0.7512308791639798
correlation,2,TRUAAEQ128F423C52D,Josh Groban,Gira Con Me Questa Notte (Album Version),classical,TRGNRZC128F146D620,Vittorio Grigolo,Roma Sogna,classical,0.7386685807760796
correlation,3,TRUAAEQ128F423C52D,Josh Groban,Gira Con Me Questa Notte (Album Version),classical,TRETSHC128F4232E14,Paolo Conte,Nord,jazz,0.7384056412490743
correlation,1,TRYGDNA128E078780C,Josh Groban,Hymne A L'Amour (Album Version),classical,TRNERSA128F92E5B78,Amandine Bourgeois,L'Homme De La Situation,pop,0.766150873861434
correlation,2,TRYGDNA128E078780C,Josh Groban,Hymne A L'Amour (Album Version),classical,TRTFZCQ128F1492159,Zazie,Tomber Le Masque,pop,0.7434953961936286
correlation,3,TRYGDNA128E078780C,Josh Groban,Hymne A L'Amour (Album Version),classical,TRQPAUT128F148AFF8,Lokua Kanza,A Tes Côtés,folk,0.7109584331368659
correlation,1,TRDFTPP128F427550C,Josh Groban,It Came Upon A Midnight Clear (Album Version),classical,TRXXGET128F4259B88,Travis,Sing,pop,0.5430517263162166
correlation,2,TRDFTPP128F427550C,Josh Groban,It Came Upon A Midnight Clear (Album Version),classical,TRMXMTG128F428CE24,Barry Manilow,Sing It,rock,0.44851043563519205
correlation,3,TRDFTPP128F427550C,Josh Groban,It Came Upon A Midnight Clear (Album Version),classical,TRYPKXM128F932A9EE,Cinderella Effect,Israel,classical,0.3974293048565734
correlation,1,TRRBWRX128F423C535,Josh Groban,Let Me Fall (From Cirque du Soleil) (Album Version),classical,TRMHLKD12903C98020,JET,Let Me Out,rock,0.6617910751137906
correlation,2,TRRBWRX128F423C535,Josh Groban,Let Me Fall (From Cirque du Soleil) (Album Version),classical,TREWIVO128E0782339,Robbie Williams,Come Take Me Over,pop,0.6458772537453995
correlation,3,TRRBWRX128F423C535,Josh Groban,Let Me Fall (From Cirque du Soleil) (Album Version),classical,TRFLMEK128F428D4D2,Charley Pride,Let The Chips Fall,country,0.6395527112980527
correlation,1,TRJSTLV128F4241832,Josh Groban,Mi Mancherai (Il Postino) (Revised Live Version),classical,TREPYPE128F92EB38C,Il Divo,Adagio,classical,0.709643285687609
correlation,2,TRJSTLV128F4241832,Josh Groban,Mi Mancherai (Il Postino) (Revised Live Version),classical,TRWYIWJ128F42BC158,Il Divo,Musica,classical,0.6900844975768141
correlation,3,TRJSTLV128F4241832,Josh Groban,Mi Mancherai (Il Postino) (Revised Live Version),classical,TRUMJMF128F4276BEE,Vinicio Capossela,Il Pugile Sentimentale ( Live ),folk,0.6711890965627451
correlation,1,TRBRHPE128E0787803,Josh Groban,My Confession (Album Version),classical,TRVJKTB128F4262283,The Distillers,I Understand,punk,0.7829224960132067
correlation,2,TRBRHPE128E0787803,Josh Groban,My Confession (Album Version),classical,TREBQOW128F92C4549,Common,Book Of Life,hip hop,0.7592618832784607
correlation,3,TRBRHPE128E0787803,Josh Groban,My Confession (Album Version),classical,TRWILVQ128F42644B3,Ben Folds Five,Don't Change Your Plans,rock,0.7591900611297431
correlation,1,TRLJSTZ128F4241831,Josh Groban,Oceano (Revised Live Version),classical,TRYVOZZ128F42738F6,Bluvertigo,Niente Per Scontato,electronic,0.8169154145436225
correlation,2,TRLJSTZ128F4241831,Josh Groban,Oceano (Revised Live Version),classical,TRBPDOM128F9316691,Paul Potts,Mamma,classical,0.7934835846678115
correlation,3,TRLJSTZ128F4241831,Josh Groban,Oceano (Revised Live Version),classical,TRPLIYP128F9316695,Paul Potts,Bellamore,classical,0.7560820803505194
correlation,1,TRGURIJ128E078780B,Josh Groban,Remember When It Rained (Album Version),classical,TRYKKOX128F4241839,Josh Groban,Remember When It Rained (Revised Live Version),classical,0.9999999999999898
correlation,2,TRGURIJ128E078780B,Josh Groban,Remember When It Rained (Album Version),classical,TRVIJFO128F92D7E38,Copeland,The Day I Lost My Voice (The Suitcase Song),rock,0.5348766313315326
correlation,3,TRGURIJ128E078780B,Josh Groban,Remember When It Rained (Album Version),classical,TRVZCMZ128F92F15D2,Steely Dan,I Can't Function,rock,0.481317633587759
correlation,1,TRYKKOX128F4241839,Josh Groban,Remember When It Rained (Revised Live Version),classical,TRGURIJ128E078780B,Josh Groban,Remember When It Rained (Album Version),classical,0.9999999999999898
correlation,2,TRYKKOX128F4241839,Josh Groban,Remember When It Rained (Revised Live Version),classical,TRVIJFO128F92D7E38,Copeland,The Day I Lost My Voice (The Suitcase Song),rock,0.5348766313315326
correlation,3,TRYKKOX128F4241839,Josh Groban,Remember When It Rained (Revised Live Version),classical,TRVZCMZ128F92F15D2,Steely Dan,I Can't Function,rock,0.481317633587759
correlation,1,TRUVBEG128F92F0B48,Josh Groban,Smile,classical,TRRXGDP128F933AD43,a1,Learn To Fly,pop,0.678563338291529
correlation,2,TRUVBEG128F92F0B48,Josh Groban,Smile,classical,TRLDRYJ128F930BBB4,Pain of Salvation,Spitfall,metal,0.6521045244466175
correlation,3,TRUVBEG128F92F0B48,Josh Groban,Smile,classical,TRSYOTR128E078E784,B.B. King,Jack_ You're Dead!,blues,0.6304020480052953
correlation,1,TRJBNZG128EF35A1AA,Josh Groban,Solo Por Ti (Album Version),classical,TRVEYKM128F1482F51,Fey,Solo Por Bailar,pop,0.6296382700753229
correlation,2,TRJBNZG128EF35A1AA,Josh Groban,Solo Por Ti (Album Version),classical,TRLCMGN128F92FFA2E,Sebastien Tellier,League Chicanos,latin,0.625065312354425
correlation,3,TRJBNZG128EF35A1AA,Josh Groban,Solo Por Ti (Album Version),classical,TRCBKYM128F424378A,Buena Vista Social Club,De Camino a la Vereda,latin,0.615636100032962
correlation,1,TRPJAPP128EF35A1AC,Josh Groban,Un Giorno Per Noi (Album Version),classical,TRGGYCR128F426837F,Sergio Cammariere,Oggi,jazz,0.7177346849438779
correlation,2,TRPJAPP128EF35A1AC,Josh Groban,Un Giorno Per Noi (Album Version),classical,TRWZTMS128F42AD03C,Frankie HI-NRG MC,Sana E Robusta,hip hop,0.6646155564629634
correlation,3,TRPJAPP128EF35A1AC,Josh Groban,Un Giorno Per Noi (Album Version),classical,TRZKRRE128F4264095,Andrea Bocelli,L'Attesa,classical,0.6516753202104445
correlation,1,TRUDTXB128F423C537,Josh Groban,Vincent (Starry_ Starry Night) (Album Version),classical,TROSICW128F933ADB8,Damien Dempsey,Colony,folk,0.6681568837212675
correlation,2,TRUDTXB128F423C537,Josh Groban,Vincent (Starry_ Starry Night) (Album Version),classical,TRZBPGN128F92EDF7E,HELLYEAH,Nausea,metal,0.662171160131959
correlation,3,TRUDTXB128F423C537,Josh Groban,Vincent (Starry_ Starry Night) (Album Version),classical,TRFUJVJ128F426F2A2,Lauryn Hill,Interlude 5,r&b/soul,0.6588950984079025
correlation,1,TRMVVDP128E0787806,Josh Groban,When You Say You Love Me (Album Version),classical,TRHXTSH128F932472E,Lyle Lovett,North Dakota,country,0.7949397208293707
correlation,2,TRMVVDP128E0787806,Josh Groban,When You Say You Love Me (Album Version),classical,TRSDDPK128F146AF76,Liz Phair,Go On Ahead,rock,0.7915556229330092
correlation,3,TRMVVDP128E0787806,Josh Groban,When You Say You Love Me (Album Version),classical,TRXXGPE128F42916C7,Monica,Hurts The Most,r&b/soul,0.788358534612551
correlation,1,TRIEQWR128E078780D,Josh Groban,You Raise Me Up (Album Version),classical,TRQBRPI12903D0FCFB,Russell Watson,You Raise Me Up,classical,0.9949111152533242
correlation,2,TRIEQWR128E078780D,Josh Groban,You Raise Me Up (Album Version),classical,TRGVTSO12903CABC19,David Crowder*Band,All Around Me,classical,0.7043813639732492
correlation,3,TRIEQWR128E078780D,Josh Groban,You Raise Me Up (Album Version),classical,TRUBZKT128F9307E53,All Time Low,Therapy,punk,0.6975033815037782
correlation,1,TRBEYYM128F1493C56,Josh Groban,Believe (Album Version),classical,TRMIVIX128F42731D4,Beverley Craven,Phoenix From The Fire,folk,0.6117977647093787
correlation,2,TRBEYYM128F1493C56,Josh Groban,Believe (Album Version),classical,TRWRNNB128F429FE6B,Cilla Black,Alfie,pop,0.6045658836197513
correlation,3,TRBEYYM128F1493C56,Josh Groban,Believe (Album Version),classical,TRLDRYJ128F930BBB4,Pain of Salvation,Spitfall,metal,0.5789936782914018
correlation,1,TRPITXR128F427FA1B,Johnny Cash,Away In A Manger,classical,TRYLIGF128F428CFBC,Kenny G,Away In A Manger,jazz,0.9851946117751881
correlation,2,TRPITXR128F427FA1B,Johnny Cash,Away In A Manger,classical,TRKVITQ128F4271B31,Johnny Cash,Daddy Sang Bass,country,0.4717626823815643
correlation,3,TRPITXR128F427FA1B,Johnny Cash,Away In A Manger,classical,TRRPLDV128F92D6086,Current 93,Raio No Terrasu (Jesus Wept),electronic,0.4613590640693702
correlation,1,TRGFMUJ128F423C52F,Josh Groban,Cinema Paradiso (Se) (Album Version),classical,TRMUOCQ128F92EB38B,Il Divo,La Promesa,classical,0.7919585206062493
correlation,2,TRGFMUJ128F423C52F,Josh Groban,Cinema Paradiso (Se) (Album Version),classical,TRHEJBV128F146D61D,Vittorio Grigolo,Se Tu Non Sei Lei,classical,0.727541112430302
correlation,3,TRGFMUJ128F423C52F,Josh Groban,Cinema Paradiso (Se) (Album Version),classical,TRGGYCR128F426837F,Sergio Cammariere,Oggi,jazz,0.6879236235056065
correlation,1,TRGVTSO12903CABC19,David Crowder*Band,All Around Me,classical,TRRDVQC128EF3495E4,Godsmack,Asleep,folk,0.8567074364279835
correlation,2,TRGVTSO12903CABC19,David Crowder*Band,All Around Me,classical,TRGAGNZ128F42712C3,Room Eleven,Bitch,jazz,0.8038748392853617
correlation,3,TRGVTSO12903CABC19,David Crowder*Band,All Around Me,classical,TRPIGYF12903CC71FD,The Acacia Strain,Kraken,metal,0.7992850251281367
correlation,1,TRJGMSL128F4230A6C,The Game,Black Opera,classical,TRNHSZN128F930FF03,Clawfinger,Revenge,metal,0.7939266769314628
correlation,2,TRJGMSL128F4230A6C,The Game,Black Opera,classical,TRAJLRQ12903D0CD64,Wu-Tang Clan,Brooklyn Zoo,hip hop,0.7912797376236401
correlation,3,TRJGMSL128F4230A6C,The Game,Black Opera,classical,TRAQOZG128F4263EE2,Level 42,To Be With You Again,pop,0.7823691771274297
correlation,1,TRBGUUE128F1494FB6,David Bowie,Baal's Hymn,classical,TRMFOTI128F931989A,King Geedorah,The Fine Print,hip hop,0.6091824319418252
correlation,2,TRBGUUE128F1494FB6,David Bowie,Baal's Hymn,classical,TRMQVEX128F92F29D1,MC Paul Barman,Anarchist Bookstore part 1,hip hop,0.5956694101641499
correlation,3,TRBGUUE128F1494FB6,David Bowie,Baal's Hymn,classical,TRVFFNK128F9336F8D,Sopor Aeternus & The Ensemble Of Shadows,Architecture II,classical,0.5882815523691857
correlation,1,TREPYPE128F92EB38C,Il Divo,Adagio,classical,TRWYIWJ128F42BC158,Il Divo,Musica,classical,0.9160747184901767
correlation,2,TREPYPE128F92EB38C,Il Divo,Adagio,classical,TRQXNGQ128F4266139,Amici Forever,Adagio,classical,0.9080379585676575
correlation,3,TREPYPE128F92EB38C,Il Divo,Adagio,classical,TRBPDOM128F9316691,Paul Potts,Mamma,classical,0.79455048169473
correlation,1,TRGZRPJ128F92EF7E2,Il Divo,Adeste Fideles,classical,TRQWNOI128F92CFEF0,Markus Krunegård,Maria & Jag,pop,0.486864897942135
correlation,2,TRGZRPJ128F92EF7E2,Il Divo,Adeste Fideles,classical,TRLVNQX128F42975E7,Rory Gallagher,Out On The Western Plain,blues,0.4245488852532956
correlation,3,TRGZRPJ128F92EF7E2,Il Divo,Adeste Fideles,classical,TRERQQR128F9312ADF,Siouxsie And The Banshees,Belladonna,punk,0.42205843106062185
correlation,1,TRGXTYR128F42ACF5F,Il Divo,All By Myself (Solo Otra Vez),classical,TRTYPUW128F42BC14C,Il Divo,La Vida Sin Amor,classical,0.5914294182866676
correlation,2,TRGXTYR128F42ACF5F,Il Divo,All By Myself (Solo Otra Vez),classical,TRXJXAE128F93174B5,Cristian Castro,Mi Vida Sin Tu Amor,latin,0.5446364791786965
correlation,3,TRGXTYR128F42ACF5F,Il Divo,All By Myself (Solo Otra Vez),classical,TRJYBDF128F9337B51,Rey Ruiz,Mienteme Otra Véz,latin,0.5004269385304961
correlation,1,TRVXXVG128F933AB88,Il Divo,Amazing Grace,classical,TRNLJWY128F1455FA9,Hayley Westenra,Amazing Grace,classical,0.9352360411135344
correlation,2,TRVXXVG128F933AB88,Il Divo,Amazing Grace,classical,TRFAIBW128F428B7A6,RKL,Heavily Sedated,metal,0.6420973266552743
correlation,3,TRVXXVG128F933AB88,Il Divo,Amazing Grace,classical,TRWWDQR128F149DADE,Robben Ford & The Blue Line,Rugged Road,blues,0.6365660706208571
correlation,1,TRLFGML128F92EB391,Il Divo,Angelina,classical,TRBMILM128F42795A1,Héroes del Silencio,El Camino Del Exceso,rock,0.6899152110650045
correlation,2,TRLFGML128F92EB391,Il Divo,Angelina,classical,TRRUSZX128F1480C9F,El sueño de Morfeo,Sonrisa especial,latin,0.6389071264115203
correlation,3,TRLFGML128F92EB391,Il Divo,Angelina,classical,TRNRKRY128F147627E,Nach Scratch,Abre tu puerta (y cruza el universo),hip hop,0.6333320060240253
correlation,1,TRVFSWI128F42ACE94,Il Divo,Ave Maria,classical,TRGNRZC128F146D620,Vittorio Grigolo,Roma Sogna,classical,0.7834470209670589
correlation,2,TRVFSWI128F42ACE94,Il Divo,Ave Maria,classical,TRMUOCQ128F92EB38B,Il Divo,La Promesa,classical,0.7765437410035189
correlation,3,TRVFSWI128F42ACE94,Il Divo,Ave Maria,classical,TRJQRGK128F42A8AF9,Frankie HI-NRG MC,Fili,rock,0.7362207740291857
correlation,1,TRMKTUF128F42BC140,Il Divo,Caruso,classical,TRKDIWP128F92F19AA,Lara Fabian,Caruso,classical,0.9179863709908402
correlation,2,TRMKTUF128F42BC140,Il Divo,Caruso,classical,TRKKUWM128F92E4E1C,Gemelli Diversi,Istruzioni Per L'(Ill)uso,hip hop,0.8266983567642733
correlation,3,TRMKTUF128F42BC140,Il Divo,Caruso,classical,TRZITCI128F426837D,Sergio Cammariere,La Canzone Dell' Impossibile,jazz,0.8020099597545729
correlation,1,TRXNYOZ128F42BC146,Il Divo,Come Primavera,classical,TRNKSYE128F145C9C9,Emma Shapplin,Spente Le Stelle,classical,0.7972877016601291
correlation,2,TRXNYOZ128F42BC146,Il Divo,Come Primavera,classical,TRKKUWM128F92E4E1C,Gemelli Diversi,Istruzioni Per L'(Ill)uso,hip hop,0.7541673297397197
correlation,3,TRXNYOZ128F42BC146,Il Divo,Come Primavera,classical,TRGNRZC128F146D620,Vittorio Grigolo,Roma Sogna,classical,0.7224198266299307
correlation,1,TRYFLQK128F92EF7F1,Il Divo,Dentro Un Altro Si,classical,TRVIAUV128E0788AD4,Marlene Kuntz,L'Abbraccio,rock,0.6972267565706703
correlation,2,TRYFLQK128F92EF7F1,Il Divo,Dentro Un Altro Si,classical,TRTUKTS128F92D1044,Le Luci Della Centrale Elettrica,Per combattere l'acne,folk,0.6617229035375272
correlation,3,TRYFLQK128F92EF7F1,Il Divo,Dentro Un Altro Si,classical,TRLJSTZ128F4241831,Josh Groban,Oceano (Revised Live Version),classical,0.6614475128767461
correlation,1,TRRWCOL128F42AD05D,Il Divo,En Aranjuez Con Tu Amor,classical,TRZYVQE128F42660F7,Amici Forever,Aranjuez Ma Pensee,classical,0.9321148223529377
correlation,2,TRRWCOL128F42AD05D,Il Divo,En Aranjuez Con Tu Amor,classical,TRYFBLW128F428A81A,Joan Manuel Serrat,Mediterraneo,folk,0.7437784077572428
correlation,3,TRRWCOL128F42AD05D,Il Divo,En Aranjuez Con Tu Amor,classical,TRNTYGF128F9302BD8,Juanes,Tu Y Yo,latin,0.7269128451580092
correlation,1,TRVRPTI128F92EB390,Il Divo,Enamorado,classical,TRYYIRY128F93171A0,Maelo Ruiz,Te Amo,latin,0.597189338215359
correlation,2,TRVRPTI128F92EB390,Il Divo,Enamorado,classical,TRNZIBT128F427CC40,Monica Naranjo,Mi Vida Por Un Hombre,latin,0.5932097832665238
correlation,3,TRVRPTI128F92EB390,Il Divo,Enamorado,classical,TRQXUSM128F4223ED1,Terranova,De Oro,electronic,0.5830311984479136
correlation,1,TRGRNWU128F42AE46D,Il Divo,Esisti Dentro Me,classical,TRBPJQR128F9317942,Elvis Crespo,Tu Sonrisa,latin,0.7334557295919116
correlation,2,TRGRNWU128F42AE46D,Il Divo,Esisti Dentro Me,classical,TRMYOHL128F423D24B,Luis Miguel,Tú Sólo Tú,latin,0.6913094202202982
correlation,3,TRGRNWU128F42AE46D,Il Divo,Esisti Dentro Me,classical,TREUOVP128F146D616,Vittorio Grigolo,Tu Sei,classical,0.6727634517307924
correlation,1,TRNXWLK128F92EC9A7,Il Divo,Everytime I Look At You,classical,TRGDGKP128F42A34A7,G4,Broken Vow,classical,0.7775174918346037
correlation,2,TRNXWLK128F92EC9A7,Il Divo,Everytime I Look At You,classical,TRDQLTF128E0787809,Josh Groban,Broken Vow (Album Version),classical,0.777282498438479
correlation,3,TRNXWLK128F92EC9A7,Il Divo,Everytime I Look At You,classical,TRXZNNF12903CA6F9B,Kenny Rogers,Endless love,country,0.7578529350414327
correlation,1,TRITOVK128F92EC9A0,Il Divo,Feelings,classical,TROKHCW12903CD0148,Amari,30 Anni Che Non Ci Vediamo,rock,0.5551393354656294
correlation,2,TRITOVK128F92EC9A0,Il Divo,Feelings,classical,TRYVOZZ128F42738F6,Bluvertigo,Niente Per Scontato,electronic,0.5115784360217388
correlation,3,TRITOVK128F92EC9A0,Il Divo,Feelings,classical,TRJCBGS128F14689B3,Dean Martin,I've Grown Accustomed To Her Face,jazz,0.5072315955167704
correlation,1,TRRLVOI128F92EB38D,Il Divo,Hallelujah (Aleluya),classical,TRLLFVB128F92C3138,La Oreja de Van Gogh,El 28,pop,0.8027166334162186
correlation,2,TRRLVOI128F92EB38D,Il Divo,Hallelujah (Aleluya),classical,TRMAYJY128F4281A3C,Grupo Niche,Buenaventura Y Caney,latin,0.7878915708190365
correlation,3,TRRLVOI128F92EB38D,Il Divo,Hallelujah (Aleluya),classical,TRIJHLY12903D0CE4D,Violadores del Verso,Cantando,hip hop,0.7839062020684369
correlation,1,TRHPPNF128F42ACFA9,Il Divo,Hasta Mi Final,classical,TRYYIRY128F93171A0,Maelo Ruiz,Te Amo,latin,0.7453735730132726
correlation,2,TRHPPNF128F42ACFA9,Il Divo,Hasta Mi Final,classical,TRQXUSM128F4223ED1,Terranova,De Oro,electronic,0.717126750532042
correlation,3,TRHPPNF128F42ACFA9,Il Divo,Hasta Mi Final,classical,TRKFYYC128F9342443,Ana Gabriel,Clemencia,latin,0.7127110156339996
correlation,1,TRUXYDP128F93234BD,Taylor Swift,Crazier,country,TREXHBK128F9312A37,Amerie,Higher,r&b/soul,0.8218904041266756
correlation,2,TRUXYDP128F93234BD,Taylor Swift,Crazier,country,TREUZWP128F421CBB7,Chely Wright,Between A Mother And A Child,country,0.7946808589311728
correlation,3,TRUXYDP128F93234BD,Taylor Swift,Crazier,country,TRVDUQM128F42932E4,Clint Black,You Made Me Feel,country,0.7936992085754452
correlation,1,TRKVVVK12903CB592C,Taylor Swift,Fifteen,country,TRTVKVY128E07953E4,Damian Marley,In 2 Deep,reggae,0.7873680478929139
correlation,2,TRKVVVK12903CB592C,Taylor Swift,Fifteen,country,TRZBPGN128F92EDF7E,HELLYEAH,Nausea,metal,0.775603759608799
correlation,3,TRKVVVK12903CB592C,Taylor Swift,Fifteen,country,TRYGKRK128F9353545,Junior Boys,Double Shadow,electronic,0.765466336652078
correlation,1,TRUVVME12903CBA350,Taylor Swift,Change,country,TRAVDBM128EF35E257,Ella Fitzgerald,Manhattan,jazz,0.6896416646929389
correlation,2,TRUVVME12903CBA350,Taylor Swift,Change,country,TROCPYO128F92F9ADC,Modern Life Is War,Destination: Death or Better Days,metal,0.6784816334852282
correlation,3,TRUVVME12903CBA350,Taylor Swift,Change,country,TRPCNVU128F931389D,Dean Martin,Side By Side,jazz,0.6523434053863221
correlation,1,TRZGWCY12903CEF521,Toby Keith,You Can't Read My Mind,country,TRZCHKB128F92CB740,Anastacia,Club Megamix,rock,0.7715347166060129
correlation,2,TRZGWCY12903CEF521,Toby Keith,You Can't Read My Mind,country,TRLOMAF128F92DF3DB,Amanda Jenssen,Don't Worry,r&b/soul,0.7486272854510237
correlation,3,TRZGWCY12903CEF521,Toby Keith,You Can't Read My Mind,country,TRZHYJX128F92EB952,New Order,Bizarre Love Triangle,electronic,0.729849787084974
correlation,1,TRMAVQT128F4270DBF,Johnny Cash,Man In White,country,TRYLVAV128F931F5AF,Faron Young,Riverboat,country,0.7716132672660059
correlation,2,TRMAVQT128F4270DBF,Johnny Cash,Man In White,country,TRNVKOI128E0799173,Snoop Dogg,Snoopafella (Edited),hip hop,0.7629610403632221
correlation,3,TRMAVQT128F4270DBF,Johnny Cash,Man In White,country,TRGXGMH128F92F5B48,John Denver,El Paso,rock,0.7608241346319572
correlation,1,TRWVEDL128F4293EA3,Rascal Flatts,Holes,country,TRXAQDZ128F14B0EDA,Joni Mitchell,Lesson In Survival  (LP Version),folk,0.7158342283700427
correlation,2,TRWVEDL128F4293EA3,Rascal Flatts,Holes,country,TRFAIBW128F428B7A6,RKL,Heavily Sedated,metal,0.7027140977083919
correlation,3,TRWVEDL128F4293EA3,Rascal Flatts,Holes,country,TRDPGXU128F9339C2A,Beastie Boys,B-Boy Bouillabaisse: A.W.O.L. (2009 Digital Remaster),hip hop,0.7006472589628946
correlation,1,TRTVVYX128F9328DBA,Sugarland,Baby Girl,country,TRFUJLG128F4255312,Michael Bublé,Stuck In The Middle With You (Non-Album Track),jazz,0.7493148423653349
correlation,2,TRTVVYX128F9328DBA,Sugarland,Baby Girl,country,TRCRZZQ128F4286AF2,Gary Allan,Promise Broken,country,0.7431070002705654
correlation,3,TRTVVYX128F9328DBA,Sugarland,Baby Girl,country,TRBWKZD128F428AAEB,A Tribe Called Quest,Hot Sex,hip hop,0.729799251524693
correlation,1,TRTGPPK128F1459DD4,Billy Currington,Growin' Up Down There,country,TRQCXUL128E078A9D6,The Streets,The Irony Of It All (Album Version),electronic,0.5919794308295285
correlation,2,TRTGPPK128F1459DD4,Billy Currington,Growin' Up Down There,country,TRMTSMP128F92F621B,N-Dubz,Sex,hip hop,0.5853366568201277
correlation,3,TRTGPPK128F1459DD4,Billy Currington,Growin' Up Down There,country,TRJUJAH128F425A752,Westlife,That's Life,jazz,0.5784479132598211
correlation,1,TRHUIRM128F426BFD5,Billy Currington,Hangin' Around,country,TRKLAOB12903C9A1CD,Kevin Devine,Fever Moon,folk,0.7753531320234768
correlation,2,TRHUIRM128F426BFD5,Billy Currington,Hangin' Around,country,TRVXESF128E0787315,The Corrs,Irresistible ( LP Version ),pop,0.7564148458224597
correlation,3,TRHUIRM128F426BFD5,Billy Currington,Hangin' Around,country,TRSFQTA128F426690E,Ricky Skaggs,I Wouldn't Change You If I Could,country,0.7445983195078418
correlation,1,TRJNTQQ128F426BFD0,Billy Currington,Here I Am,country,TRODGUE128F429E5E0,Aesop Rock,Shovel,hip hop,0.6528919046537467
correlation,2,TRJNTQQ128F426BFD0,Billy Currington,Here I Am,country,TRFUJLG128F4255312,Michael Bublé,Stuck In The Middle With You (Non-Album Track),jazz,0.647992894889349
correlation,3,TRJNTQQ128F426BFD0,Billy Currington,Here I Am,country,TRFFJLM128F148BCEF,Momus,Closer To You,electronic,0.6414116964125729
correlation,1,TRZJCNT128F426BFCC,Billy Currington,She's Got A Way With Me,country,TRVJFHH12903CA2811,Josh Turner,Haywire,country,0.6759041373871896
correlation,2,TRZJCNT128F426BFCC,Billy Currington,She's Got A Way With Me,country,TRLVRJP128F93519FB,Atmosphere,Hair,hip hop,0.6666930975095199
correlation,3,TRZJCNT128F426BFCC,Billy Currington,She's Got A Way With Me,country,TROZEMN128F4262CCA,James Taylor,Something In The Way She Moves,folk,0.64771242681624
correlation,1,TRPZEWS128F92F585E,Billy Currington,That's How Country Boys Roll,country,TRBJDUF128F92D74D1,The Dubliners,The Molly Maguires,folk,0.6494427371512239
correlation,2,TRPZEWS128F92F585E,Billy Currington,That's How Country Boys Roll,country,TRDNAVT128F428A246,Dropkick Murphys,Good Rats (Live),reggae,0.6411415645622978
correlation,3,TRPZEWS128F92F585E,Billy Currington,That's How Country Boys Roll,country,TRIAGUC12903CE3DA2,Valient Thorr,False Profits,rock,0.6093621931119324
correlation,1,TRYPBLE128F1459DD1,Billy Currington,Where The Girls Are,country,TRWREZO128F1458FAC,Public Image Ltd,Where Are You?,punk,0.6110328052812753
correlation,2,TRYPBLE128F1459DD1,Billy Currington,Where The Girls Are,country,TRRHARM128F9327ADE,Antimatter,Legions,rock,0.573271620874991
correlation,3,TRYPBLE128F1459DD1,Billy Currington,Where The Girls Are,country,TRQJRCN12903CAF915,Leo Sayer,Wondering Where The Lions Are,jazz,0.5726762495305341
correlation,1,TRKVITQ128F4271B31,Johnny Cash,Daddy Sang Bass,country,TRDBCEL128F932105C,Pentangle,Will the Circle Be Unbroken?,folk,0.6355808356741117
correlation,2,TRKVITQ128F4271B31,Johnny Cash,Daddy Sang Bass,country,TRORMHQ128F92CB796,Opera IX,Immortal Chant,metal,0.595287552737609
correlation,3,TRKVITQ128F4271B31,Johnny Cash,Daddy Sang Bass,country,TRDVELE128F932810A,Bruce Springsteen,Brothers Under The Bridges ('83),rock,0.5874314502412195
correlation,1,TRGZDBB128F4270A4C,Johnny Cash,I Don't Know Where I'm Bound,country,TRFSQXF128F9311B25,LMFAO,I Am Not A Whore,electronic,0.811849120950759
correlation,2,TRGZDBB128F4270A4C,Johnny Cash,I Don't Know Where I'm Bound,country,TRXBHJP128F42B8FF1,Sylver,Fallin',electronic,0.8026720753057176
correlation,3,TRGZDBB128F4270A4C,Johnny Cash,I Don't Know Where I'm Bound,country,TRSXWSL128F933DFE5,Sneaky Sound System,16,pop,0.7868293085160765
correlation,1,TRMBNRH12903D02C23,Johnny Cash,I Was There When It Happened,country,TREBQOW128F92C4549,Common,Book Of Life,hip hop,0.733602636573111
correlation,2,TRMBNRH12903D02C23,Johnny Cash,I Was There When It Happened,country,TRJIONO128F1452C88,Bananarama,Lovebite,pop,0.7322172275288598
correlation,3,TRMBNRH12903D02C23,Johnny Cash,I Was There When It Happened,country,TRLURQM128F1484267,Lupe Fiasco,Hurt Me Soul (Explicit Album Version),hip hop,0.723350132290087
correlation,1,TRBXYKU128F427915D,Johnny Cash,The Big Battle,country,TRHZGWZ128F424F477,Solefald,Loki Trickster God,metal,0.6886809609254025
correlation,2,TRBXYKU128F427915D,Johnny Cash,The Big Battle,country,TRUVVFR128F4248609,KRS ONE,I'm On The Mic,reggae,0.6805643412469564
correlation,3,TRBXYKU128F427915D,Johnny Cash,The Big Battle,country,TRHPKWO128F92E01D5,Snow Patrol,The Lightning Strike,rock,0.6753140731104038
correlation,1,TRFRXGD128F42717FF,Johnny Cash,A Thing Called Love,country,TRAURYK128F92C490D,Pete Murray,My Time,folk,0.6056473753693289
correlation,2,TRFRXGD128F42717FF,Johnny Cash,A Thing Called Love,country,TRUQTEZ128F9314E5D,Reckless Kelly,Broken Heart,country,0.601366595081689
correlation,3,TRFRXGD128F42717FF,Johnny Cash,A Thing Called Love,country,TRPWCMZ128F9300B63,Aesop Rock,Mars Attacks,hip hop,0.6013502505447992
correlation,1,TRYIYFG128F42603CC,Johnny Cash,You Dreamer You,country,TRIXAYK128F427F151,Heavenly,Tool,pop,0.7286355859195899
correlation,2,TRYIYFG128F42603CC,Johnny Cash,You Dreamer You,country,TRKVZXR128F429035D,Jay-Jay Johanson,I fantasize of you,electronic,0.722120054883444
correlation,3,TRYIYFG128F42603CC,Johnny Cash,You Dreamer You,country,TRLQBZP12903CECC4A,Hello Saferide,Get Sick Soon,folk,0.7167680783185957
correlation,1,TRQHDNY128F92E3A01,Johnny Cash,I Walk The Line,country,TRNPSMI128F14A8E06,Brian McKnight,Holdin' On [Missin' U] (Album Version),r&b/soul,0.7390007204118447
correlation,2,TRQHDNY128F92E3A01,Johnny Cash,I Walk The Line,country,TRWILVQ128F42644B3,Ben Folds Five,Don't Change Your Plans,rock,0.731418494553061
correlation,3,TRQHDNY128F92E3A01,Johnny Cash,I Walk The Line,country,TRKLJAG128F42B31CF,Mario Vazquez,Everytime I...,r&b/soul,0.7291790111232078
correlation,1,TRGCHXM128F429CBB9,Johnny Cash,Life's Railway To Heaven,country,TRFVTWH128F932768E,Andrea Bocelli,The Lords Prayer,classical,0.5108215952909305
correlation,2,TRGCHXM128F429CBB9,Johnny Cash,Life's Railway To Heaven,country,TRXPLNT128F42660F4,Amici Forever,The Prayer,classical,0.479159482678046
correlation,3,TRGCHXM128F429CBB9,Johnny Cash,Life's Railway To Heaven,country,TRJAPCW128F930BBC8,Pain of Salvation,Kingdom of Loss,metal,0.43192543563044816
correlation,1,TRSJGNV128F92F4124,Darius Rucker,If I Had Wings,country,TRFLRFH12903CB021D,Unsung Zeros,Intermission,punk,0.7585475465480144
correlation,2,TRSJGNV128F92F4124,Darius Rucker,If I Had Wings,country,TRGLGNR128F1487A6F,Manafest,Runaway,hip hop,0.7186512271556165
correlation,3,TRSJGNV128F92F4124,Darius Rucker,If I Had Wings,country,TRZKNSG128F9326727,Alice Peacock,Here I Go Again,folk,0.7048628584472396
correlation,1,TRHTOYT128F429FEF4,Luke Bryan,Pray About Everything,country,TRWDZIO128F92EF1BB,Diamond Rio,One More Day,country,0.617278826376936
correlation,2,TRHTOYT128F429FEF4,Luke Bryan,Pray About Everything,country,TRRXJSQ128F149054A,Savoy Brown,Stay While The Night Is Young,blues,0.5532239337557792
correlation,3,TRHTOYT128F429FEF4,Luke Bryan,Pray About Everything,country,TRPUZPN128F4232193,Chicago,Life It What It Is (Remastered LP Version),pop,0.5245035346466213
correlation,1,TRCFFVR128F145D6DF,Keith Urban,Your Everything,country,TRWKDZE128F1451EAC,The Dells,It's All Up To You,r&b/soul,0.761125949038393
correlation,2,TRCFFVR128F145D6DF,Keith Urban,Your Everything,country,TRQQXAH128F429146D,Amici Forever,Whisper of Angels,classical,0.6982091345446221
correlation,3,TRCFFVR128F145D6DF,Keith Urban,Your Everything,country,TRFFJLM128F148BCEF,Momus,Closer To You,electronic,0.6941897679290925
correlation,1,TRQSGEL128F4242DFC,Toby Keith,A Little Too Late,country,TRAIWMN128F93422AC,Smokie,Little Lucy,rock,0.5026902029454323
correlation,2,TRQSGEL128F4242DFC,Toby Keith,A Little Too Late,country,TRSIKJZ128F92E2FCF,Zeromancer,My Little Tragedy,electronic,0.4672659098562685
correlation,3,TRQSGEL128F4242DFC,Toby Keith,A Little Too Late,country,TRTJQZD128F92EF881,Little Walter,Too Late,blues,0.4190112817670718
correlation,1,TRAIMRN128E0791E72,Toby Keith,Who's Your Daddy?,country,TROSVHF128F4282676,Aretha Franklin,Who's Zoomin' Who?,r&b/soul,0.646934612739627
correlation,2,TRAIMRN128E0791E72,Toby Keith,Who's Your Daddy?,country,TRLCWTH128F92C7F82,Marques Houston,Cancel (Album Version),r&b/soul,0.6217219044172908
correlation,3,TRAIMRN128E0791E72,Toby Keith,Who's Your Daddy?,country,TRRCJWJ128F93335F8,Dar Williams,Your Fire Your Soul,folk,0.6042823128761631
correlation,1,TRRSVGD128F4242DDC,Toby Keith,A Woman's Touch,country,TRRKYWZ128E078B55B,Moxy Fruvous,The Greatest Man In America,folk,0.5065414082447282
correlation,2,TRRSVGD128F4242DDC,Toby Keith,A Woman's Touch,country,TRMQVEX128F92F29D1,MC Paul Barman,Anarchist Bookstore part 1,hip hop,0.49382264258559394
correlation,3,TRRSVGD128F4242DDC,Toby Keith,A Woman's Touch,country,TRQPUTX128F4262438,Billy Gilman,Oklahoma,country,0.4932612986174911
correlation,1,TRTXHKL128F4242DD9,Toby Keith,Big Ol' Truck,country,TRWVXWR128F92CF848,Mark Wills,She's In Love,country,0.6832871857418209
correlation,2,TRTXHKL128F4242DD9,Toby Keith,Big Ol' Truck,country,TRAFBIV128F93321D4,Ben Kweller,Magic,rock,0.6377126508230622
correlation,3,TRTXHKL128F4242DD9,Toby Keith,Big Ol' Truck,country,TRLEOAU128F932B646,Ben E. King,Spanish Harlem (LP Version),r&b/soul,0.6163465380041719
correlation,1,TRADETN128F148CF19,Toby Keith,Blue Bedroom,country,TRSTDLM128EF3431B6,Ayo,Only You,r&b/soul,0.8025507284868407
correlation,2,TRADETN128F148CF19,Toby Keith,Blue Bedroom,country,TRJIQFW128F428DE49,7L & Esoteric,Boxcutter Rap,hip hop,0.7692676771309683
correlation,3,TRADETN128F148CF19,Toby Keith,Blue Bedroom,country,TRUASRT12903CEFCDD,Stuck Mojo,Suburban Ranger,rock,0.7642991974896548
correlation,1,TRKKXKG128E0791E74,Toby Keith,It's All Good,country,TRXWSOU128F42662B0,Above The Law,Flow On (Move Me No Mountain),hip hop,0.703016783831346
correlation,2,TRKKXKG128E0791E74,Toby Keith,It's All Good,country,TRNMFHV128F92EF2A1,Set Your Goals,our ethos: a legacy to pass on,metal,0.6718666167112858
correlation,3,TRKKXKG128E0791E74,Toby Keith,It's All Good,country,TRCNQIU128F1469E36,Mack 10,LBC And The ING (Explicit),hip hop,0.6635790160291565
correlation,1,TRSSUAV128F148D60F,Toby Keith,Sweet,country,TREBQOW128F92C4549,Common,Book Of Life,hip hop,0.8528984320076204
correlation,2,TRSSUAV128F148D60F,Toby Keith,Sweet,country,TRKXFLD128F1479BC0,Remy Ma,I'm,hip hop,0.8423214063757698
correlation,3,TRSSUAV128F148D60F,Toby Keith,Sweet,country,TRFOGZN128F42882B5,OutKast,Claimin' True,hip hop,0.8415004276059864
correlation,1,TRFROET128F148CF1F,Toby Keith,You Shouldn't Kiss Me Like This,country,TRFUJVJ128F426F2A2,Lauryn Hill,Interlude 5,r&b/soul,0.7189756077845468
correlation,2,TRFROET128F148CF1F,Toby Keith,You Shouldn't Kiss Me Like This,country,TRJKREO128E07821BB,Kenickie,I Never Complain,punk,0.7159224340786317
correlation,3,TRFROET128F148CF1F,Toby Keith,You Shouldn't Kiss Me Like This,country,TRFYGMB128F425A7A2,Natasha Bedingfield,Stumble,pop,0.7124575910656289
correlation,1,TRFHVTT12903CF7CD9,Sara Evans,A Real Fine Place To Start,country,TRKSXRS128F14AA089,Natalie Cole,I'm Catching Hell (Living Here Alone) (Digitally Remastered 02),jazz,0.5974637708639153
correlation,2,TRFHVTT12903CF7CD9,Sara Evans,A Real Fine Place To Start,country,TRUXRZH128F92F703B,Black Sabbath,Sweet Leaf,metal,0.596651787080182
correlation,3,TRFHVTT12903CF7CD9,Sara Evans,A Real Fine Place To Start,country,TRYXYFR128E078C6B5,Digital Underground,Sex Packets (LP Version),hip hop,0.5928117920857675
correlation,1,TRXZNNF12903CA6F9B,Kenny Rogers,Endless love,country,TRLQBZP12903CECC4A,Hello Saferide,Get Sick Soon,folk,0.82527263821519
correlation,2,TRXZNNF12903CA6F9B,Kenny Rogers,Endless love,country,TRCTLQY128F92F1539,Next,I Still Love You,r&b/soul,0.8240806273792614
correlation,3,TRXZNNF12903CA6F9B,Kenny Rogers,Endless love,country,TRABMIY128F426EA8F,Babyface,Seven Seas,r&b/soul,0.8146744329988959
correlation,1,TRTSAUB128E07859FC,Blake Shelton,Love Gets In The Way (Album Version),country,TRJAJTB128F42A63EA,Fairground Attraction,Whispers,pop,0.7249203320796268
correlation,2,TRTSAUB128E07859FC,Blake Shelton,Love Gets In The Way (Album Version),country,TRJEJXZ128F9321015,The Supremes,Stranger In Paradise,r&b/soul,0.7106971724492556
correlation,3,TRTSAUB128E07859FC,Blake Shelton,Love Gets In The Way (Album Version),country,TRKOBMA12903CA8574,Nguru,The Way It Is,reggae,0.7051937753778034
correlation,1,TRFMGIO128F42591F0,George Strait,I'd Like To Have That One Back,country,TRFLRFH12903CB021D,Unsung Zeros,Intermission,punk,0.7206050145585987
correlation,2,TRFMGIO128F42591F0,George Strait,I'd Like To Have That One Back,country,TRALZXZ128F92E26EF,The Jeff Healey Band,My Little Girl,blues,0.7053896461729873
correlation,3,TRFMGIO128F42591F0,George Strait,I'd Like To Have That One Back,country,TRIGERV128F1478764,Con Funk Shun,Electric Lady,r&b/soul,0.7022729560194505
correlation,1,TRDYUVI128E078F725,George Strait,Marina Del Rey,country,TRGJJTY12903CF8E82,Strung Out,Dead Spaces,metal,0.5804213294158039
correlation,2,TRDYUVI128E078F725,George Strait,Marina Del Rey,country,TRCQTAG128F4260E18,Cyndi Lauper,Sally's Pigeons,pop,0.5751007267239432
correlation,3,TRDYUVI128E078F725,George Strait,Marina Del Rey,country,TRLEOAU128F932B646,Ben E. King,Spanish Harlem (LP Version),r&b/soul,0.5399669961494018
correlation,1,TRPNLLB128F14956A5,George Strait,Milk Cow Blues,country,TRNHSZN128F930FF03,Clawfinger,Revenge,metal,0.7339075863975584
correlation,2,TRPNLLB128F14956A5,George Strait,Milk Cow Blues,country,TRQYLYP12903CC26F6,Barry White,Never Gonna Give You Up,r&b/soul,0.7335461186468143
correlation,3,TRPNLLB128F14956A5,George Strait,Milk Cow Blues,country,TRGLNKG128F9307689,Eminem,My Darling,hip hop,0.7274136259136363
correlation,1,TRTDHSB128F422B90F,Josh Turner,Another Try,country,TRGGLKN128F934D0C9,Elizabeth Cotten,When I'm Gone,blues,0.7232603556166355
correlation,2,TRTDHSB128F422B90F,Josh Turner,Another Try,country,TRQAOWZ128F93000A4,Clint Black,Killin' Time,country,0.7203280609566937
correlation,3,TRTDHSB128F422B90F,Josh Turner,Another Try,country,TRKUCYF12903D06F03,David Ball,Blowin' Smoke,country,0.7074885181726174
correlation,1,TREXZYC12903CA281A,Josh Turner,As Fast As I Could,country,TREBQOW128F92C4549,Common,Book Of Life,hip hop,0.7904553736750494
correlation,2,TREXZYC12903CA281A,Josh Turner,As Fast As I Could,country,TRHSMEG128F42BC646,Aaron Carter,That's How I Beat Shaq,pop,0.764935973305184
correlation,3,TREXZYC12903CA281A,Josh Turner,As Fast As I Could,country,TRKLJAG128F42B31CF,Mario Vazquez,Everytime I...,r&b/soul,0.7638827224623077
correlation,1,TRDXSGX128F425F173,Daft Punk,One More Time / Aerodynamic,electronic,TRVBBVN128E078A608,Fair Warning,Take Me Up,metal,0.5106393392788859
correlation,2,TRDXSGX128F425F173,Daft Punk,One More Time / Aerodynamic,electronic,TREAQSX128E07818CA,Daft Punk,One More Time (Romanthony's Unplugged),electronic,0.4897199584040772
correlation,3,TRDXSGX128F425F173,Daft Punk,One More Time / Aerodynamic,electronic,TRVPPSC128F92EC9C2,Colbie Caillat,Midnight Bottle,pop,0.477592308515123
correlation,1,TREAQSX128E07818CA,Daft Punk,One More Time (Romanthony's Unplugged),electronic,TRUQLCG12903CC5630,Fractured,One More Time,electronic,0.685388137025228
correlation,2,TREAQSX128E07818CA,Daft Punk,One More Time (Romanthony's Unplugged),electronic,TRCXWON128F424936F,Hot Tuna,Come Back Baby,blues,0.672882809869679
correlation,3,TREAQSX128E07818CA,Daft Punk,One More Time (Romanthony's Unplugged),electronic,TRLOZGV128F42A06E6,Tanya Tucker,One Love At A Time,jazz,0.5739555978494522
correlation,1,TRBVPVV128F425F14F,Daft Punk,Touch It / Technologic,electronic,TRDLQGL128F1458AA5,Devo,Whip It,pop,0.8022483556158282
correlation,2,TRBVPVV128F425F14F,Daft Punk,Touch It / Technologic,electronic,TRYXRXL128F427F13A,Robbie Williams,It's De-Lovely,jazz,0.8012193944770019
correlation,3,TRBVPVV128F425F14F,Daft Punk,Touch It / Technologic,electronic,TRJKYRB128F1498AF7,Blossom Dearie,It's Too Good To Talk About Now,jazz,0.7852561888559793
correlation,1,TRBROFT128F92F8769,Ke$ha,Boots &  Boys,electronic,TRUVRBS128F42A34DD,Stephanie McIntosh,Overcome,pop,0.6719483285043911
correlation,2,TRBROFT128F92F8769,Ke$ha,Boots &  Boys,electronic,TRIFVIF128F425E56A,Carpark North,I And You,rock,0.6600725475635841
correlation,3,TRBROFT128F92F8769,Ke$ha,Boots &  Boys,electronic,TRFIUTM128F426343C,Ty Herndon,Pray For Me,country,0.6520101000869694
correlation,1,TRIIWCU128F92F876A,Ke$ha,Animal,electronic,TROIYWE128F146BD93,Bird York,Lovely Thing,pop,0.6375834916155468
correlation,2,TRIIWCU128F92F876A,Ke$ha,Animal,electronic,TRSXLCE128F4296591,Wyclef Jean,Intro,reggae,0.5801707693236798
correlation,3,TRIIWCU128F92F876A,Ke$ha,Animal,electronic,TRYAPRE128F425EE39,Tanya Tucker,Complicated,country,0.5798884517782965
correlation,1,TRVDAHO128F92F231E,Katy Perry,Hot N Cold (Innerpartysystem Main),electronic,TRHZNFT128F4292FE4,Sleeper,Delicious,pop,0.8796194992871562
correlation,2,TRVDAHO128F92F231E,Katy Perry,Hot N Cold (Innerpartysystem Main),electronic,TRYMECK128F428253F,Husker Du,You're A Soldier,rock,0.846066749665943
correlation,3,TRVDAHO128F92F231E,Katy Perry,Hot N Cold (Innerpartysystem Main),electronic,TRCRGKS128F92C57A8,Patricia Barber,You're The Top,jazz,0.8429231955348998
correlation,1,TRUGOGT128F92F29E9,Owl City,Captains and Cruise Ships,electronic,TRDPGXU128F9339C2A,Beastie Boys,B-Boy Bouillabaisse: A.W.O.L. (2009 Digital Remaster),hip hop,0.8014736013738424
correlation,2,TRUGOGT128F92F29E9,Owl City,Captains and Cruise Ships,electronic,TRPKXVV128F92F29CD,MC Paul Barman,Excuse You,hip hop,0.7923761769762354
correlation,3,TRUGOGT128F92F29E9,Owl City,Captains and Cruise Ships,electronic,TRKLAOB12903C9A1CD,Kevin Devine,Fever Moon,folk,0.7891953159490283
correlation,1,TRNEITZ128F92F29EA,Owl City,Designer Skyline,electronic,TRYLJVY128F4246873,General Surgery,Viva ! blunt force trauma,metal,0.7850568512363821
correlation,2,TRNEITZ128F92F29EA,Owl City,Designer Skyline,electronic,TRJWDHU128F14AE7F6,Further Seems Forever,Snowbirds And Townies,punk,0.7583086763456934
correlation,3,TRNEITZ128F92F29EA,Owl City,Designer Skyline,electronic,TRVMMTF128F930A7B8,Motörhead,Out of the sun,metal,0.7471961108518602
correlation,1,TRMIHFS128F92F2A01,Owl City,Early Birdie,electronic,TRQCXUL128E078A9D6,The Streets,The Irony Of It All (Album Version),electronic,0.5385817768846342
correlation,2,TRMIHFS128F92F2A01,Owl City,Early Birdie,electronic,TRTHFTG128F42550BC,Lil Wyte,Ten Toes Tall,hip hop,0.5313540375936848
correlation,3,TRMIHFS128F92F2A01,Owl City,Early Birdie,electronic,TRRFUEU128F42144C6,Blackstreet,How We Do,r&b/soul,0.5288951534172677
correlation,1,TRDEVZQ128F931BAED,Owl City,Meteor Shower,electronic,TRPEAPG128F4294CC0,K'Naan,Soobax,hip hop,0.7593739172246371
correlation,2,TRDEVZQ128F931BAED,Owl City,Meteor Shower,electronic,TRSWQYN128F92FAAB6,Ashley MacIsaac,I Don't Need This,electronic,0.7287674858818689
correlation,3,TRDEVZQ128F931BAED,Owl City,Meteor Shower,electronic,TRTPMBB128F42934F8,Sage Francis,Keep Moving,hip hop,0.7274486509287494
correlation,1,TRCXWLU128F92F2A0D,Owl City,This Is The Future,electronic,TREVTQG128F9312034,Unter Null,Disgrace (Unholy Remix),classical,0.6902772515996165
correlation,2,TRCXWLU128F92F2A0D,Owl City,This Is The Future,electronic,TRUIJKW128F147C8DB,Pencey Prep,Fat And Alone,rock,0.6786236136764252
correlation,3,TRCXWLU128F92F2A0D,Owl City,This Is The Future,electronic,TRLDRYJ128F930BBB4,Pain of Salvation,Spitfall,metal,0.6645160295322156
correlation,1,TRVJTNA128F934D19D,30 Seconds To Mars,Kings and Queens (Innerpartysystem Remix Main),electronic,TRPUDOQ128F9344F23,Dead Kennedys,Goons of Hazzard,punk,0.6314949282611033
correlation,2,TRVJTNA128F934D19D,30 Seconds To Mars,Kings and Queens (Innerpartysystem Remix Main),electronic,TRDRPZZ128F421D0DA,Zeigeist,Black Milk,electronic,0.6311563772142132
correlation,3,TRVJTNA128F934D19D,30 Seconds To Mars,Kings and Queens (Innerpartysystem Remix Main),electronic,TRBYTSU128F4253708,IMMORTAL,Tyrants,metal,0.6297434736907194
correlation,1,TRRBLPE128F9311B20,LMFAO,Bounce,electronic,TRFOGZN128F42882B5,OutKast,Claimin' True,hip hop,0.7861324977280801
correlation,2,TRRBLPE128F9311B20,LMFAO,Bounce,electronic,TRSLSWO128E0786285,Redman,Soopaman Luva 3,hip hop,0.7719323700847792
correlation,3,TRRBLPE128F9311B20,LMFAO,Bounce,electronic,TRWFXWM128F148D2D1,Warren G,We Brings Heat,hip hop,0.7713215963318206
correlation,1,TRWQYOY128F425BD4C,Crystal Castles,Vanished,electronic,TRFGVIL128E0791D8F,Gin Blossoms,Cheatin',rock,0.6262122347220709
correlation,2,TRWQYOY128F425BD4C,Crystal Castles,Vanished,electronic,TRXVRUP12903CFD9F3,The Jazz Butcher,She's On Drugs,rock,0.6200279075286189
correlation,3,TRWQYOY128F425BD4C,Crystal Castles,Vanished,electronic,TRKKLQS128F42537F2,Blanks77,We Don't Need You,punk,0.61919477394648
correlation,1,TRLLRQA128F427C709,Crystal Castles,Xxzxcuzx,electronic,TRJIBBZ128F425149A,Dead Kennedys,Kinky Sex Makes the World Go 'Round,punk,0.6109624207020965
correlation,2,TRLLRQA128F427C709,Crystal Castles,Xxzxcuzx,electronic,TRESCVU128F145C136,Gang Starr,The Place We Dwell,hip hop,0.5894185888591084
correlation,3,TRLLRQA128F427C709,Crystal Castles,Xxzxcuzx,electronic,TRJZXOC128F933A199,Pink Martini,Tea For Two (Featuring Jimmy Scott),jazz,0.5860526591609093
correlation,1,TRDFWPG128F148D4DF,Madonna,Die Another Day [Live],electronic,TRVOXNR128F421A58C,Bracket,Cynically Depressed,punk,0.7041875228920763
correlation,2,TRDFWPG128F148D4DF,Madonna,Die Another Day [Live],electronic,TRYLSNH12903CF1373,The Runaways,School Days,punk,0.6952795734270474
correlation,3,TRDFWPG128F148D4DF,Madonna,Die Another Day [Live],electronic,TRCEIDF128F1452C5F,Floetry,I'll Die,r&b/soul,0.6837579398186364
correlation,1,TRVWMWN128E0788952,The Smashing Pumpkins,Perfect (Nellee Hooper Instrumental),electronic,TRIJVMA128F427F37E,RIDDLIN' KIDS,Ship Jumper,punk,0.6266795042970396
correlation,2,TRVWMWN128E0788952,The Smashing Pumpkins,Perfect (Nellee Hooper Instrumental),electronic,TRBAQPR128F92F4AB0,The Wonder Years,Dude_ What Is a Land Pirate?,punk,0.6205517855389104
correlation,3,TRVWMWN128E0788952,The Smashing Pumpkins,Perfect (Nellee Hooper Instrumental),electronic,TRIKPWO128F4265FA9,Harry Connick_ Jr.,We Are In Love,jazz,0.614635070918118
correlation,1,TRDHPGJ128F4289C44,Kylie Minogue,Love At First Sight (The Scumfrog's Beauty And The Beast Vocal Edit),electronic,TRQRKOW128F42BC127,Neil Diamond,Delirious Love,folk,0.5979906907297189
correlation,2,TRDHPGJ128F4289C44,Kylie Minogue,Love At First Sight (The Scumfrog's Beauty And The Beast Vocal Edit),electronic,TRGXIWD128F1464482,Bonnie Raitt,Hear Me Lord,blues,0.5825957330051749
correlation,3,TRDHPGJ128F4289C44,Kylie Minogue,Love At First Sight (The Scumfrog's Beauty And The Beast Vocal Edit),electronic,TRVOIPE128F149C472,Smokey Robinson,Cruisin',r&b/soul,0.5816239727435737
correlation,1,TRFSQXF128F9311B25,LMFAO,I Am Not A Whore,electronic,TRLFWOJ12903CC6976,Phosphorescent,Not A Heel,folk,0.8576282426995412
correlation,2,TRFSQXF128F9311B25,LMFAO,I Am Not A Whore,electronic,TREHMYJ128F42BA1E6,Björk,Hunter,electronic,0.8558602835677414
correlation,3,TRFSQXF128F9311B25,LMFAO,I Am Not A Whore,electronic,TRGAGNZ128F42712C3,Room Eleven,Bitch,jazz,0.8534008405706082
correlation,1,TRXACXM12903CEC365,Cascada,Fever,electronic,TRDLQGL128F1458AA5,Devo,Whip It,pop,0.6581809624414591
correlation,2,TRXACXM12903CEC365,Cascada,Fever,electronic,TRJIDCS128F4255289,The Plasmatics,Corruption,punk,0.6498733519758839
correlation,3,TRXACXM12903CEC365,Cascada,Fever,electronic,TRXNFZG12903CAC9D9,Uriah Heep,Save It,rock,0.6492831485413483
correlation,1,TRWWVGC12903CB5C50,Depeche Mode,Freestate,electronic,TRCVXLC128F4233F8E,Damn Yankees,Firefly (LP Version),rock,0.5771870902534969
correlation,2,TRWWVGC12903CB5C50,Depeche Mode,Freestate,electronic,TRLCWTH128F92C7F82,Marques Houston,Cancel (Album Version),r&b/soul,0.5693732708733615
correlation,3,TRWWVGC12903CB5C50,Depeche Mode,Freestate,electronic,TRDOVAF128F93112F7,Animal Collective,Brother Sport,latin,0.5593264021266134
correlation,1,TRYIJWH128F146948C,Depeche Mode,Personal Jesus,electronic,TRUYEQB128F930F787,Lollipop Lust Kill,Personal Jesus,metal,0.9556725161525976
correlation,2,TRYIJWH128F146948C,Depeche Mode,Personal Jesus,electronic,TRKAIPI128C719636E,Blackalicious,Just What Can Happen,hip hop,0.5727308994551963
correlation,3,TRYIJWH128F146948C,Depeche Mode,Personal Jesus,electronic,TROJYOU12903CBD2A8,Martin Jondo,Hold You,reggae,0.521898734075937
correlation,1,TRDIAZY12903CB6532,Gorillaz,Broken,electronic,TRRKJTN128F1464EDD,Erasure,The Circus,pop,0.45928913077505085
correlation,2,TRDIAZY12903CB6532,Gorillaz,Broken,electronic,TRWZWOX128F935A084,Sean Kingston,Magical,hip hop,0.45819817020507064
correlation,3,TRDIAZY12903CB6532,Gorillaz,Broken,electronic,TRGAEVY128F428BEF6,Bad Religion,Operation Rescue,punk,0.4484141269558652
correlation,1,TRTUJAL128F423E18D,Gorillaz,Kids With Guns (Quiet Village Remix),electronic,TRBVPVV128F425F14F,Daft Punk,Touch It / Technologic,electronic,0.7012722158831243
correlation,2,TRTUJAL128F423E18D,Gorillaz,Kids With Guns (Quiet Village Remix),electronic,TRFRZVN128F92FA34F,The Specials,Doesn't Make It Alright,reggae,0.6553017338529203
correlation,3,TRTUJAL128F423E18D,Gorillaz,Kids With Guns (Quiet Village Remix),electronic,TRDLQGL128F1458AA5,Devo,Whip It,pop,0.6496500809904918
correlation,1,TRBTXNE12903CB6528,Gorillaz,Rhinestone Eyes,electronic,TRTMQWK128F4241384,Kottonmouth Kings,Bump,hip hop,0.5849977751029998
correlation,2,TRBTXNE12903CB6528,Gorillaz,Rhinestone Eyes,electronic,TRLSQAR128F4263CBC,A Tribe Called Quest,Peace_ Prosperity & Paper,hip hop,0.5839860179193006
correlation,3,TRBTXNE12903CB6528,Gorillaz,Rhinestone Eyes,electronic,TRXWSOU128F42662B0,Above The Law,Flow On (Move Me No Mountain),hip hop,0.5766482991474798
correlation,1,TRKQRSQ128F92D5134,The Prodigy,Invaders Must Die,electronic,TRJUTIP128F4291F98,PeterLicht,Popkultur / Meide,electronic,0.5327178845109568
correlation,2,TRKQRSQ128F92D5134,The Prodigy,Invaders Must Die,electronic,TRWXYBL128F424CFF9,Jungle Rot,Immersed In Pain,metal,0.4856317986201869
correlation,3,TRKQRSQ128F92D5134,The Prodigy,Invaders Must Die,electronic,TRRQZDE128F931AC02,Mylène Farmer,We'll Never Die,pop,0.47887097142310253
correlation,1,TRBFVAA128F423C356,The Prodigy,Wake Up Call (Album Version),electronic,TRJFWGH128F42359FE,Marissa Nadler,Undertaker,country,0.5534850779073052
correlation,2,TRBFVAA128F423C356,The Prodigy,Wake Up Call (Album Version),electronic,TREKOGX128E07919DD,Trisha Yearwood,Come Back When It Ain't Rainin',country,0.5247829463286909
correlation,3,TRBFVAA128F423C356,The Prodigy,Wake Up Call (Album Version),electronic,TRRXXQS128F14B027B,Black Box,Strike It Up,electronic,0.504833036492417
correlation,1,TRFSCLD12903CD213F,The Prodigy,We Gonna Rock,electronic,TREBBJP128F4275C4D,The B-52s,Rock Lobster (Live),electronic,0.5274072335093802
correlation,2,TRFSCLD12903CD213F,The Prodigy,We Gonna Rock,electronic,TRNKIVH128F421D429,Charlie Robison,Good Times,country,0.4797700221226981
correlation,3,TRFSCLD12903CD213F,The Prodigy,We Gonna Rock,electronic,TRTSGEL128EF34F8BA,Ferlin Husky,Convoy,country,0.47322679039582083
correlation,1,TRZTQEP128E0792526,Nine Inch Nails,The Great Collapse,electronic,TRUUAMI128F93438D4,Dillinger Four,A Floater Left With Pleasure In The Executive Washroom.,punk,0.584168308826939
correlation,2,TRZTQEP128E0792526,Nine Inch Nails,The Great Collapse,electronic,TRARHON128F4260D95,Time Again,Day Like This,punk,0.5678809889455793
correlation,3,TRZTQEP128E0792526,Nine Inch Nails,The Great Collapse,electronic,TRDJFEZ128F932AAEE,Agonoize,C.O.A.,electronic,0.5574882644141771
correlation,1,TRLTFVP128E0782B34,Duran Duran,Electric Barbarella (Radio Edit),electronic,TRDKUSZ12903CF188B,The Antlers,Epilogue,rock,0.7478695192864786
correlation,2,TRLTFVP128E0782B34,Duran Duran,Electric Barbarella (Radio Edit),electronic,TRDZHMB128F14925BA,Marissa Nadler,Famous Blue Raincoat,folk,0.7292397946188035
correlation,3,TRLTFVP128E0782B34,Duran Duran,Electric Barbarella (Radio Edit),electronic,TRWFHUB128F1476AFB,Small Sins,She's The Source,rock,0.7290728805281607
correlation,1,TRFVWXW128F931A0E9,Björk,Pluto,electronic,TRHKSPQ12903D09F7E,Fear My Thoughts,Wasteland,metal,0.5476552289852937
correlation,2,TRFVWXW128F931A0E9,Björk,Pluto,electronic,TRLSNDQ128F4266BD7,Incubus,Pardon Me,rock,0.5251614858386787
correlation,3,TRFVWXW128F931A0E9,Björk,Pluto,electronic,TRRMOUK128F4281975,Basia Bulat,Birds Of Paradise,electronic,0.5123571601648278
correlation,1,TRKQQMW128F92D54DF,Empire Of The Sun,Delta Bay,electronic,TRDZATL128F4260FFB,Memphis Minnie,Down In The Alley,blues,0.5411379504774784
correlation,2,TRKQQMW128F92D54DF,Empire Of The Sun,Delta Bay,electronic,TRCQNWN128F92EA07D,Wu-Tang Clan,The What,hip hop,0.4868686956592899
correlation,3,TRKQQMW128F92D54DF,Empire Of The Sun,Delta Bay,electronic,TRPCRIV12903CD6882,Thursday,Unintended Long Term Effects,punk,0.4793278095282874
correlation,1,TRFYMPB128F93100C0,Empire Of The Sun,We Are The People (Shazam Remix),electronic,TRNHSZN128F930FF03,Clawfinger,Revenge,metal,0.7456428303160677
correlation,2,TRFYMPB128F93100C0,Empire Of The Sun,We Are The People (Shazam Remix),electronic,TRMEUKT128F4263312,Jay-Jay Johanson,Rush,electronic,0.7304206635896375
correlation,3,TRFYMPB128F93100C0,Empire Of The Sun,We Are The People (Shazam Remix),electronic,TRVXESF128E0787315,The Corrs,Irresistible ( LP Version ),pop,0.715231635003172
correlation,1,TRBCSDW128F424D686,The Maine,You Left Me,electronic,TROYCQJ128F148EC2A,Les Valentins,It's Too Late,pop,0.6832478050671892
correlation,2,TRBCSDW128F424D686,The Maine,You Left Me,electronic,TRQGLNM128F42618C6,The Isley Brothers,Touch Me,blues,0.6442541133802578
correlation,3,TRBCSDW128F424D686,The Maine,You Left Me,electronic,TRGTQCP128F932573A,Hilary Duff,Play With Fire,pop,0.6283818352416831
correlation,1,TRRXQJA128F1472A56,Hot Chip,The Warning,electronic,TRUYHIL128F92E4B2C,Annihilator,Hunter killer,metal,0.6989437317707959
correlation,2,TRRXQJA128F1472A56,Hot Chip,The Warning,electronic,TRWXSWA128F1456793,Shai,Waiting For The Day,r&b/soul,0.697437222779012
correlation,3,TRRXQJA128F1472A56,Hot Chip,The Warning,electronic,TRWKDZE128F1451EAC,The Dells,It's All Up To You,r&b/soul,0.6843409112271129
correlation,1,TRMDYBW128F14A17E8,Enter Shikari,Keep It On Ice,electronic,TRPKHSW12903CF5D1D,At The Gates,Captor Of Sin (Slayer Cover),metal,0.6284530678419504
correlation,2,TRMDYBW128F14A17E8,Enter Shikari,Keep It On Ice,electronic,TRDPTHW12903CF2E0E,Kotipelto,Lord Of Eternity,metal,0.6160767380690639
correlation,3,TRMDYBW128F14A17E8,Enter Shikari,Keep It On Ice,electronic,TRNOOMW128F4257F9C,Gorefest,Super Reality,metal,0.5959436238059861
correlation,1,TRCNUNL128F93437CF,Enter Shikari,The Jester,electronic,TRJADED128E078FB2A,Lost Boyz,Keep It Real,hip hop,0.7098437463373409
correlation,2,TRCNUNL128F93437CF,Enter Shikari,The Jester,electronic,TRTAYPD128F42A4C9C,Murs,You & I,hip hop,0.6838021961195028
correlation,3,TRCNUNL128F93437CF,Enter Shikari,The Jester,electronic,TRXWSOU128F42662B0,Above The Law,Flow On (Move Me No Mountain),hip hop,0.6829748169205639
correlation,1,TRIPJIJ128F1453AE0,Enya,Lazy Days,electronic,TRDHLAL128F423EE08,Anjali,Mistress Of Disguise,electronic,0.5859491664024561
correlation,2,TRIPJIJ128F1453AE0,Enya,Lazy Days,electronic,TRWETHX128F421ABA5,Darden Smith,Swept Away,country,0.5791766037625361
correlation,3,TRIPJIJ128F1453AE0,Enya,Lazy Days,electronic,TRJXNGY128F93319CB,Earlimart,It's Okay To Think About Ending,electronic,0.5725591622596179
correlation,1,TRPLRVY128F1473EBE,Enya,Someone Said Goodbye,electronic,TRKBSYP128F42647E7,Rosanne Cash,I Don't Know Why You Don't Want Me,country,0.7192580977680829
correlation,2,TRPLRVY128F1473EBE,Enya,Someone Said Goodbye,electronic,TRURGUR128F149409A,Mr. Vegas,I Don't Know Why I Love You,reggae,0.6600251045552625
correlation,3,TRPLRVY128F1473EBE,Enya,Someone Said Goodbye,electronic,TRXIBFV128F424D8AB,Ten Years After,I Don't Know That You Don't Know My Name (2004 Digital Remaster),blues,0.6196878869366113
correlation,1,TRWPUDX128F148F907,Enya,The Magic Of The Night,electronic,TRZKYAK128F4244485,Lard,The Power Of Lard,punk,0.5713510788110234
correlation,2,TRWPUDX128F148F907,Enya,The Magic Of The Night,electronic,TRXBSQC128F932A12A,Seelenkrank,Lost,electronic,0.5432385530818818
correlation,3,TRWPUDX128F148F907,Enya,The Magic Of The Night,electronic,TRVWMKK128F422AD41,Assemblage 23,MAPS OF REALITY,pop,0.515459781119115
correlation,1,TRZQTSM128F9328120,Bruce Springsteen,Gave It A Name,folk,TRRHFQK128F4264FE9,Rasputina,Mr. E. Leon Rauis,rock,0.5796968952234592
correlation,2,TRZQTSM128F9328120,Bruce Springsteen,Gave It A Name,folk,TRSLSBV128F427D1EB,Freezepop,Ninja Of Love (Album Version),pop,0.578735565778664
correlation,3,TRZQTSM128F9328120,Bruce Springsteen,Gave It A Name,folk,TRIFKJG128F1458AA3,Devo,Mongoloid,punk,0.5507517765195601
correlation,1,TRNZCWJ128F427099F,Johnny Cash,The Vanishing Race,folk,TRPYVFQ128F9314D82,Domine,The Ride Of The Valkyries,classical,0.6723403340498206
correlation,2,TRNZCWJ128F427099F,Johnny Cash,The Vanishing Race,folk,TREIMWU128F14570E1,Helen Reddy,Peaceful,pop,0.6598012519105716
correlation,3,TRNZCWJ128F427099F,Johnny Cash,The Vanishing Race,folk,TRBOMMX128F426593B,Art Garfunkel,The Sound of Silence,folk,0.6452087927872626
correlation,1,TRJQRAP128F9314B3F,John Mayer,All We Ever Do Is Say Goodbye,folk,TRTBBGQ128E078FE63,Kelly Price,Don't Say Goodbye,r&b/soul,0.5440054369177505
correlation,2,TRJQRAP128F9314B3F,John Mayer,All We Ever Do Is Say Goodbye,folk,TRQBWDI128F429A40E,Lisa Stansfield,Goodbye,punk,0.501685680317282
correlation,3,TRJQRAP128F9314B3F,John Mayer,All We Ever Do Is Say Goodbye,folk,TRWJNEC128E079654F,Morcheeba,Part Of The Process,electronic,0.49571303337761635
correlation,1,TRETJUU128F426402A,John Mayer,Clarity,folk,TRBJPJS128F932F173,Cat Stevens,Rubylove,folk,0.7899779050641551
correlation,2,TRETJUU128F426402A,John Mayer,Clarity,folk,TRPKSBZ128F423EDB3,Gorky's Zygotic Mynci,Honeymoon With You,pop,0.5841660214865276
correlation,3,TRETJUU128F426402A,John Mayer,Clarity,folk,TRFHZWK128F427068B,Teena Marie,Dear Lover,r&b/soul,0.5288989868982465
correlation,1,TRNOUUF128F4280B8D,John Mayer,Why Georgia,folk,TRCHZXW128E079288A,Eminem,8 Mile,hip hop,0.7480160130617056
correlation,2,TRNOUUF128F4280B8D,John Mayer,Why Georgia,folk,TRTVTYS128E0792887,Eminem,Rabbit Run,hip hop,0.7477634748512636
correlation,3,TRNOUUF128F4280B8D,John Mayer,Why Georgia,folk,TREBQOW128F92C4549,Common,Book Of Life,hip hop,0.7462799898868046
correlation,1,TREKVTY128E0784BA3,Jack Johnson,Mudfootball (For Moe Lerner),folk,TRVJYQS128F428E2EA,Shane MacGowan And The Popes,More Pricks Than Kicks,folk,0.5190026997832172
correlation,2,TREKVTY128E0784BA3,Jack Johnson,Mudfootball (For Moe Lerner),folk,TRVGBNB128F92FA809,Beast,Devil,electronic,0.5055528952192958
correlation,3,TREKVTY128E0784BA3,Jack Johnson,Mudfootball (For Moe Lerner),folk,TRROKDH128F4262405,Bouncing Souls,East Coast Fuck You,punk,0.49552706496584165
correlation,1,TRYNAAP128F427EF64,Sufjan Stevens,Sister Winter,folk,TRVQVOK128F423C8B6,Bette Midler,Friends/Oh My My (LIve),folk,0.7716130694009691
correlation,2,TRYNAAP128F427EF64,Sufjan Stevens,Sister Winter,folk,TRMJEPW128F422A4AE,Diary of Dreams,Tears of Laughter,punk,0.6869066333973702
correlation,3,TRYNAAP128F427EF64,Sufjan Stevens,Sister Winter,folk,TRJWMLB128E0793F6C,Abba,Waterloo,pop,0.6837850855869905
correlation,1,TRFMWVJ128E0791E70,Rufus Wainwright,In A Graveyard,folk,TRPDTGI128F425E1E4,Birth Control,Gamma Ray,rock,0.47311578474522
correlation,2,TRFMWVJ128E0791E70,Rufus Wainwright,In A Graveyard,folk,TRXUNRT12903CF1024,Asphyx,Indulge In Frenzy,metal,0.4366263292243037
correlation,3,TRFMWVJ128E0791E70,Rufus Wainwright,In A Graveyard,folk,TRFXAIO12903CF2567,Naglfar,And The World Shall Be Your Grave,metal,0.42981246760051506
correlation,1,TRLTTDC128E079380E,Rufus Wainwright,Baby,folk,TRSTJFQ128F428DA21,Less Than Jake,I Think I Love You,reggae,0.8339074933245773
correlation,2,TRLTTDC128E079380E,Rufus Wainwright,Baby,folk,TRCTLQY128F92F1539,Next,I Still Love You,r&b/soul,0.8239305960493942
correlation,3,TRLTTDC128E079380E,Rufus Wainwright,Baby,folk,TRKLJAG128F42B31CF,Mario Vazquez,Everytime I...,r&b/soul,0.8152414104270774
correlation,1,TRUCWXA128F92E4944,Edward Sharpe & The Magnetic Zeros,Janglin,folk,TRORNTH12903CC53F0,Suicide Commando,Dead March,electronic,0.6719954819835088
correlation,2,TRUCWXA128F92E4944,Edward Sharpe & The Magnetic Zeros,Janglin,folk,TRPUDOQ128F9344F23,Dead Kennedys,Goons of Hazzard,punk,0.6659943286996235
correlation,3,TRUCWXA128F92E4944,Edward Sharpe & The Magnetic Zeros,Janglin,folk,TRJOQXR128F92EB51A,Thompson Twins,We Are Detective,pop,0.6419592206954017
correlation,1,TRGQBAX128F426EFCA,Bob Dylan,Ballad In Plain D,folk,TRIGERV128F1478764,Con Funk Shun,Electric Lady,r&b/soul,0.7656771058305044
correlation,2,TRGQBAX128F426EFCA,Bob Dylan,Ballad In Plain D,folk,TRAQDFB128F4234E3B,Example,Birthday Card,hip hop,0.7493331908470019
correlation,3,TRGQBAX128F426EFCA,Bob Dylan,Ballad In Plain D,folk,TRTDVZO128F146EB73,Chicago,Caroline (Album Version),pop,0.7444217104322816
correlation,1,TRGSDTP128F92F76D1,Bob Dylan,One Of Us Must Know (Sooner Or Later),folk,TRWNUXN128F93095BF,Angela Bofill,I Try,r&b/soul,0.8249023999190265
correlation,2,TRGSDTP128F92F76D1,Bob Dylan,One Of Us Must Know (Sooner Or Later),folk,TRIOKOC128F4267572,Leonard Cohen,Chelsea Hotel #2,folk,0.8194665364814038
correlation,3,TRGSDTP128F92F76D1,Bob Dylan,One Of Us Must Know (Sooner Or Later),folk,TRNHSZN128F930FF03,Clawfinger,Revenge,metal,0.8091981097180747
correlation,1,TRMRMTN128F92D426F,James Taylor,It's Growing,folk,TRAOTAR128E07846FE,Big Bad Voodoo Daddy,Big And Bad,jazz,0.6544471983993501
correlation,2,TRMRMTN128F92D426F,James Taylor,It's Growing,folk,TRGSGOW128EF3456D4,16 Horsepower,Coal Black Horses,country,0.6411735414584397
correlation,3,TRMRMTN128F92D426F,James Taylor,It's Growing,folk,TRNWQYN128F4284F1D,TLC,Shock Dat Monkey,r&b/soul,0.5359128863342283
correlation,1,TRDFPTZ128F14B108C,James Taylor,Oh_ Susannah (LP Version),folk,TRNVKOI128E0799173,Snoop Dogg,Snoopafella (Edited),hip hop,0.7393268470616084
correlation,2,TRDFPTZ128F14B108C,James Taylor,Oh_ Susannah (LP Version),folk,TRJPNAE128F425FAFB,King Tee,Act A Fool,hip hop,0.7233995794695375
correlation,3,TRDFPTZ128F14B108C,James Taylor,Oh_ Susannah (LP Version),folk,TRPIVIW128F42B63B0,Arc Angels,Shape I'm In,blues,0.7175666732967869
correlation,1,TROZEMN128F4262CCA,James Taylor,Something In The Way She Moves,folk,TRLVRJP128F93519FB,Atmosphere,Hair,hip hop,0.6717997645006959
correlation,2,TROZEMN128F4262CCA,James Taylor,Something In The Way She Moves,folk,TRYWUBG128F14771B5,Obie Trice,Got Some Teeth,hip hop,0.650091079989487
correlation,3,TROZEMN128F4262CCA,James Taylor,Something In The Way She Moves,folk,TRBDCAH128EF362D31,The Pharcyde,Passin' Me By,hip hop,0.6495420206197366
correlation,1,TRGAZWQ12903CB0BA9,David Gray,Draw The Line,folk,TRZEZAI128F42A8EB8,Against All Authority,Stand In Line,reggae,0.437082666043113
correlation,2,TRGAZWQ12903CB0BA9,David Gray,Draw The Line,folk,TRBJKLA128EF343637,Beck,Farewell Ride,rock,0.43543919986695595
correlation,3,TRGAZWQ12903CB0BA9,David Gray,Draw The Line,folk,TRYKNCT128F148B016,Pat Green,California,country,0.4310093323832417
correlation,1,TRSNACX128E078AA88,David Gray,Sail Away,folk,TRGCYUP12903CF418D,OV7,Angelica,latin,0.6312952792090789
correlation,2,TRSNACX128E078AA88,David Gray,Sail Away,folk,TRRZSBO128F428BE44,Usher,Nice & Slow,r&b/soul,0.6208463246777799
correlation,3,TRSNACX128E078AA88,David Gray,Sail Away,folk,TRAEJKZ128F4280CA5,The Quireboys,Misled,rock,0.6154786750501651
correlation,1,TRXCQOC12903CB0BBA,David Gray,Stella The Artist,folk,TRGQBAX128F426EFCA,Bob Dylan,Ballad In Plain D,folk,0.47014208976611754
correlation,2,TRXCQOC12903CB0BBA,David Gray,Stella The Artist,folk,TRMZUWA12903C9AF06,Biz Markie,Vapors,hip hop,0.470138789354414
correlation,3,TRXCQOC12903CB0BBA,David Gray,Stella The Artist,folk,TRCUZVN128F92F3C9A,Karan Casey,Song Of Lies,folk,0.46324994839952494
correlation,1,TRPGPVH128F429B2F0,Rise Against,Swing Life Away (Acoustic),folk,TRELWVS128F422B91A,Josh Turner,Soulmate,country,0.704621305800495
correlation,2,TRPGPVH128F429B2F0,Rise Against,Swing Life Away (Acoustic),folk,TRFUNRS128F9346BF4,Tony Sly,On the Outside,folk,0.689861665468377
correlation,3,TRPGPVH128F429B2F0,Rise Against,Swing Life Away (Acoustic),folk,TRDGGRW128F931EA53,Skankin' Pickle,Gas In My Car,reggae,0.6801670204477912
correlation,1,TRHLRGU128F42643FB,Bob Dylan,Billy 4,folk,TRLDRYJ128F930BBB4,Pain of Salvation,Spitfall,metal,0.6418661041430558
correlation,2,TRHLRGU128F42643FB,Bob Dylan,Billy 4,folk,TRYHHPK128F42A4CAF,Murs,The Dance,hip hop,0.5932247393876967
correlation,3,TRHLRGU128F42643FB,Bob Dylan,Billy 4,folk,TRGHLRP128F425A01D,Warrant,Hollywood (So Far_ So Good),rock,0.586598902834534
correlation,1,TRFCCKL128F426EE8E,Bob Dylan,Stuck Inside Of Mobile With The Memphis Blues Again,folk,TRMZUWA12903C9AF06,Biz Markie,Vapors,hip hop,0.6353965509281019
correlation,2,TRFCCKL128F426EE8E,Bob Dylan,Stuck Inside Of Mobile With The Memphis Blues Again,folk,TRZGDIA128F4294E98,Tonedeff,Ridiculous,hip hop,0.6167885032279079
correlation,3,TRFCCKL128F426EE8E,Bob Dylan,Stuck Inside Of Mobile With The Memphis Blues Again,folk,TRJISRM128F9328AD4,The Arrogant Sons Of Bitches,Kill The President,punk,0.61605839824782
correlation,1,TRGOYOU128F93223F2,Bob Dylan,Pretty Peggy-O,folk,TRRHFQK128F4264FE9,Rasputina,Mr. E. Leon Rauis,rock,0.5228907274239614
correlation,2,TRGOYOU128F93223F2,Bob Dylan,Pretty Peggy-O,folk,TRMQMTC128F428A516,Bad Religion,Automatic Man (Album Version),punk,0.5110774648400733
correlation,3,TRGOYOU128F93223F2,Bob Dylan,Pretty Peggy-O,folk,TRNTOIK128F42586F1,Bauhaus,The Sanity Assassin,punk,0.5018354299347365
correlation,1,TROMGSH128F427A408,Bob Dylan,She Belongs To Me,folk,TRFEVDF128F4214874,Lionel Richie,She's Amazing,r&b/soul,0.7441348931319406
correlation,2,TROMGSH128F427A408,Bob Dylan,She Belongs To Me,folk,TRNIMKL128F9301867,Janie Fricke,She's Single Again,country,0.7286398001650655
correlation,3,TROMGSH128F427A408,Bob Dylan,She Belongs To Me,folk,TREEGKN128F1461867,DAN SEALS,Addicted,country,0.7259392328589419
correlation,1,TRFBWEC128F42B8346,Bob Dylan,When The Deal Goes Down,folk,TROJYOU12903CBD2A8,Martin Jondo,Hold You,reggae,0.7790156913243238
correlation,2,TRFBWEC128F42B8346,Bob Dylan,When The Deal Goes Down,folk,TREEAAM128F4278BF4,Hieroglyphics,Shift Shape,hip hop,0.7589073932774968
correlation,3,TRFBWEC128F42B8346,Bob Dylan,When The Deal Goes Down,folk,TRQCXUL128E078A9D6,The Streets,The Irony Of It All (Album Version),electronic,0.7532121135683536
correlation,1,TRDVYVJ128F426F7C0,Bob Dylan,With God On Our Side,folk,TRJADED128E078FB2A,Lost Boyz,Keep It Real,hip hop,0.7048937862645734
correlation,2,TRDVYVJ128F426F7C0,Bob Dylan,With God On Our Side,folk,TRWFXWM128F148D2D1,Warren G,We Brings Heat,hip hop,0.6934558728704352
correlation,3,TRDVYVJ128F426F7C0,Bob Dylan,With God On Our Side,folk,TRCNQIU128F1469E36,Mack 10,LBC And The ING (Explicit),hip hop,0.6713103670352473
correlation,1,TREKVGV128E0788976,The Smashing Pumpkins,Terrapin,folk,TRVVIWJ128F42697BA,Fat Joe,Preacher On A Sunday Morning,hip hop,0.6865053958938906
correlation,2,TREKVGV128E0788976,The Smashing Pumpkins,Terrapin,folk,TRSTDLM128EF3431B6,Ayo,Only You,r&b/soul,0.6764096026138877
correlation,3,TREKVGV128E0788976,The Smashing Pumpkins,Terrapin,folk,TRSOZIK128F934C856,Y&T,Beautiful Dreamer,rock,0.6739731453621973
correlation,1,TRUUBKE128F426F5C0,James Taylor,On The 4th of July,folk,TRQXNOX128F1460E10,Kurt Elling,Moonlight Serenade,jazz,0.656424770193377
correlation,2,TRUUBKE128F426F5C0,James Taylor,On The 4th of July,folk,TRFIFYV128F93556D2,Sebadoh,Showtape '91,electronic,0.6470054100429348
correlation,3,TRUUBKE128F426F5C0,James Taylor,On The 4th of July,folk,TRVWTVK128F429AAAB,Immortal Technique,The 4th Branch,hip hop,0.646352862101765
correlation,1,TRJZYIT128F426D5BE,James Taylor,Company Man,folk,TRHMLCK128F93085F2,Jeff Timmons,Can't You See,pop,0.7833967498079505
correlation,2,TRJZYIT128F426D5BE,James Taylor,Company Man,folk,TRSTDLM128EF3431B6,Ayo,Only You,r&b/soul,0.769025046049766
correlation,3,TRJZYIT128F426D5BE,James Taylor,Company Man,folk,TRZBPGN128F92EDF7E,HELLYEAH,Nausea,metal,0.7671443386897415
correlation,1,TRYOIZM128F14567A0,Jimmy Buffett,Ace,folk,TRTLLMP128F9307700,Bellamy Brothers,Old Hippie,country,0.6759179570691117
correlation,2,TRYOIZM128F14567A0,Jimmy Buffett,Ace,folk,TRQZEGA128F428FEFE,Suicidal Tendencies,Possessed To Skate,metal,0.6572485236858991
correlation,3,TRYOIZM128F14567A0,Jimmy Buffett,Ace,folk,TROFSLV128F92E389A,Binary Star,Wolfman Jack,hip hop,0.6500895763653666
correlation,1,TRQYFLB128E078941E,Ryan Adams,How Do You Keep Love Alive,folk,TRFUJUF128E078895E,The Smashing Pumpkins,The Guns of Love Disastrous,rock,0.6441043207316769
correlation,2,TRQYFLB128E078941E,Ryan Adams,How Do You Keep Love Alive,folk,TRUUGTX128F4285B90,Jim White,Buzzards of Love,folk,0.6376504192751721
correlation,3,TRQYFLB128E078941E,Ryan Adams,How Do You Keep Love Alive,folk,TRHMLCK128F93085F2,Jeff Timmons,Can't You See,pop,0.6358794944887617
correlation,1,TRZUSDI128F4259806,Ryan Adams,When The Stars Go Blue,folk,TRKMBHB128F14624A9,Diana Ross,Do You Know Where You're Going To,r&b/soul,0.5674580868569575
correlation,2,TRZUSDI128F4259806,Ryan Adams,When The Stars Go Blue,folk,TRXNKTE128F427F992,Jennifer Lopez,Theme From Mahagony (Do You Know Where You're Going To),electronic,0.5529860298617054
correlation,3,TRZUSDI128F4259806,Ryan Adams,When The Stars Go Blue,folk,TRGESLP12903CE31C8,Bon Jovi,Superman Tonight,rock,0.5365564444532794
correlation,1,TRWUFEW128F14782F3,Ray LaMontagne,Forever My Friend,folk,TRNRDBW12903CF1361,The Tear Garden,Judgement Hour,electronic,0.6032377995339966
correlation,2,TRWUFEW128F14782F3,Ray LaMontagne,Forever My Friend,folk,TRDFGKU128F9307788,Demi Lovato,This Is Me (Acoustic Full Version),pop,0.602742652004759
correlation,3,TRWUFEW128F14782F3,Ray LaMontagne,Forever My Friend,folk,TRBXSYV128F428957A,The Thermals,Time to Lose,punk,0.6026333497750016
correlation,1,TRPZXTD128F14856D4,Ray LaMontagne,How Come [Acoustic Mix],folk,TRGFFYK128F933CB76,Nick Cave & The Bad Seeds,Midnight Man,rock,0.5627382432243
correlation,2,TRPZXTD128F14856D4,Ray LaMontagne,How Come [Acoustic Mix],folk,TRYBPGK128F4255BE3,Interpol,Pace Is The Trick,rock,0.5611403390898229
correlation,3,TRPZXTD128F14856D4,Ray LaMontagne,How Come [Acoustic Mix],folk,TRDPGXU128F9339C2A,Beastie Boys,B-Boy Bouillabaisse: A.W.O.L. (2009 Digital Remaster),hip hop,0.5554083855171671
correlation,1,TRIOKOC128F4267572,Leonard Cohen,Chelsea Hotel #2,folk,TRPBTSJ128F42A3168,Harry Belafonte,Angelina,latin,0.8419100364972383
correlation,2,TRIOKOC128F4267572,Leonard Cohen,Chelsea Hotel #2,folk,TRAVRZW128F932016E,The Blues Brothers,Everybody Needs Somebody To Love,blues,0.8379721205027808
correlation,3,TRIOKOC128F4267572,Leonard Cohen,Chelsea Hotel #2,folk,TRGSDTP128F92F76D1,Bob Dylan,One Of Us Must Know (Sooner Or Later),folk,0.8194665364814038
correlation,1,TREBQMO128F42828DB,We Are Scientists,Lethal Enforcer (Live From Union Chapel_ London),folk,TROXHLM128F4266510,Blues Traveler,Hook,blues,0.680883149585774
correlation,2,TREBQMO128F42828DB,We Are Scientists,Lethal Enforcer (Live From Union Chapel_ London),folk,TRNBWQY128F42425D0,Greeley Estates,This Song Goes Out To (Album Version),punk,0.6728202770664783
correlation,3,TREBQMO128F42828DB,We Are Scientists,Lethal Enforcer (Live From Union Chapel_ London),folk,TRPJCEM128F424ECC8,Tristan Prettyman,War Out Of Peace,folk,0.6695478507569025
correlation,1,TRIQKDQ128F146F504,KT Tunstall,Change,folk,TRMEKRF12903CC80A6,Bouncing Souls_ The,Pervert,electronic,0.7534982285256793
correlation,2,TRIQKDQ128F146F504,KT Tunstall,Change,folk,TRHEDYV128F14856FC,Cherish,Oooh,r&b/soul,0.7449380765193667
correlation,3,TRIQKDQ128F146F504,KT Tunstall,Change,folk,TRFVQEA128F4218DD2,Matt Nathanson,More Than This,folk,0.7408473371049424
correlation,1,TRBFURI128F1455498,KT Tunstall,Under The Weather,folk,TRMMAIV128F92E7F55,Eagles Of Death Metal,Already Died,rock,0.7231795474917105
correlation,2,TRBFURI128F1455498,KT Tunstall,Under The Weather,folk,TRCUSJS128F4277162,Soul Asylum,Stranger,rock,0.7166639685347104
correlation,3,TRBFURI128F1455498,KT Tunstall,Under The Weather,folk,TRVNXAG128E079098F,Conway Twitty,Where I Stand,country,0.6976664602578585
correlation,1,TRVLECJ128E078235B,The Verve,So Sister,folk,TRBWKZD128F428AAEB,A Tribe Called Quest,Hot Sex,hip hop,0.7770050661458109
correlation,2,TRVLECJ128E078235B,The Verve,So Sister,folk,TRHEDYV128F14856FC,Cherish,Oooh,r&b/soul,0.7470661000618807
correlation,3,TRVLECJ128E078235B,The Verve,So Sister,folk,TRSTJFQ128F428DA21,Less Than Jake,I Think I Love You,reggae,0.7283906212623193
correlation,1,TRMLKKJ128E0798A59,Liz Phair,Lost Tonight,folk,TREPPUG128F9301FAB,Black Eyed Peas,Sexy,hip hop,0.7484415930715346
correlation,2,TRMLKKJ128E0798A59,Liz Phair,Lost Tonight,folk,TRYVYKU128F426F26F,Lauryn Hill,Interlude 1,r&b/soul,0.745364296445938
correlation,3,TRMLKKJ128E0798A59,Liz Phair,Lost Tonight,folk,TRTYLFM12903CD2C97,Eric B. & Rakim,I Know You Got Soul,hip hop,0.7401118409903481
correlation,1,TRYBZQD12903CD1380,The Pogues,Sunnyside Of The Street,folk,TRUSZCW128F92F13E1,Charlotte Martin,In Parentheses,rock,0.7842984035407844
correlation,2,TRYBZQD12903CD1380,The Pogues,Sunnyside Of The Street,folk,TRDSUZH128F425BAC3,RODNEY CROWELL,Preachin' To The Choir,country,0.7796691403611387
correlation,3,TRYBZQD12903CD1380,The Pogues,Sunnyside Of The Street,folk,TREBQOW128F92C4549,Common,Book Of Life,hip hop,0.7784546780979884
correlation,1,TRHYZQR128F428F5C5,Kanye West,Can't Tell Me Nothing,hip hop,TRHJAUP128F145E735,Pat Travers,I La La La Love You,blues,0.6925987322478173
correlation,2,TRHYZQR128F428F5C5,Kanye West,Can't Tell Me Nothing,hip hop,TRIUAZO128C71965EF,Puressence,India,classical,0.688871321165637
correlation,3,TRHYZQR128F428F5C5,Kanye West,Can't Tell Me Nothing,hip hop,TRQZHWS128E0787004,Grand Puba,Very Special (LP Version),hip hop,0.6720073692897215
correlation,1,TRPQDHV128E07845CB,Kanye West,Graduation Day,hip hop,TRIUYFJ128F421FBCA,Immortal Technique,Crossing the Boundary,hip hop,0.7823577457682104
correlation,2,TRPQDHV128E07845CB,Kanye West,Graduation Day,hip hop,TRNHSZN128F930FF03,Clawfinger,Revenge,metal,0.758694245988108
correlation,3,TRPQDHV128E07845CB,Kanye West,Graduation Day,hip hop,TRPBTSJ128F42A3168,Harry Belafonte,Angelina,latin,0.757977537843489
correlation,1,TRHAGFQ128F428B8EA,Kanye West,Wake Up Mr. West,hip hop,TRUMCTQ128F42BAEA6,Todd Snider,Looking For A Job,country,0.705380312309065
correlation,2,TRHAGFQ128F428B8EA,Kanye West,Wake Up Mr. West,hip hop,TRPBTSJ128F42A3168,Harry Belafonte,Angelina,latin,0.7048338001882207
correlation,3,TRHAGFQ128F428B8EA,Kanye West,Wake Up Mr. West,hip hop,TRBEWAM128F145CA91,Shannon McNally,Down And Dirty,blues,0.6976273475421846
correlation,1,TRQXYGU128E079236A,Black Eyed Peas,A8,hip hop,TRHMLCK128F93085F2,Jeff Timmons,Can't You See,pop,0.7695401493939121
correlation,2,TRQXYGU128E079236A,Black Eyed Peas,A8,hip hop,TRAVRZW128F932016E,The Blues Brothers,Everybody Needs Somebody To Love,blues,0.7644836441216569
correlation,3,TRQXYGU128E079236A,Black Eyed Peas,A8,hip hop,TRRBFPC12903CDF853,The Berzerker,All About You,metal,0.7629142957633492
correlation,1,TRBUESY128F92F81F6,Black Eyed Peas,Boom Boom Guetta,hip hop,TRUEGMJ128F148D40C,Slick Rick,Let's Get Crazy,hip hop,0.7763683564334097
correlation,2,TRBUESY128F92F81F6,Black Eyed Peas,Boom Boom Guetta,hip hop,TRUYSOV12903CED603,Esmée Denters,Getting Over You,r&b/soul,0.5809463170148151
correlation,3,TRBUESY128F92F81F6,Black Eyed Peas,Boom Boom Guetta,hip hop,TRQXTQT128E0781DA7,The Rolling Stones,Fight (1994 Digital Remaster),rock,0.5719654414363782
correlation,1,TRPDBLM128E0792367,Black Eyed Peas,Communication,hip hop,TRFIYKD128F1460F2A,Dilated Peoples,Live On Stage,hip hop,0.7080047235054043
correlation,2,TRPDBLM128E0792367,Black Eyed Peas,Communication,hip hop,TRCFORL128F427670A,Slum Village,Conant Gardens,hip hop,0.687182159139665
correlation,3,TRPDBLM128E0792367,Black Eyed Peas,Communication,hip hop,TRXWSOU128F42662B0,Above The Law,Flow On (Move Me No Mountain),hip hop,0.681550250604009
correlation,1,TRLINLH128F9346400,Black Eyed Peas,One Tribe,hip hop,TRFUZIQ128F14591A7,Cutting Crew,One For The Mockingbird,rock,0.638780910041082
correlation,2,TRLINLH128F9346400,Black Eyed Peas,One Tribe,hip hop,TRBDUTO128F421A441,Avail,N30,punk,0.6258167391979074
correlation,3,TRLINLH128F9346400,Black Eyed Peas,One Tribe,hip hop,TRGPDHJ128F14527D5,Bob Marley & The Wailers,One Love / People Get Ready,reggae,0.5869638593102416
correlation,1,TREPPUG128F9301FAB,Black Eyed Peas,Sexy,hip hop,TRYQPDL128F4265A48,Kat DeLuna,Run The Show,r&b/soul,0.7988137786752578
correlation,2,TREPPUG128F9301FAB,Black Eyed Peas,Sexy,hip hop,TRFYGMB128F425A7A2,Natasha Bedingfield,Stumble,pop,0.7928167495154005
correlation,3,TREPPUG128F9301FAB,Black Eyed Peas,Sexy,hip hop,TRTNLQZ128F425C3D2,The Zutons,What's Your Problem,rock,0.7910204605077393
correlation,1,TRBBVNR128E078E1E4,Black Eyed Peas,Tell Your Momma Come,hip hop,TRGFFYK128F933CB76,Nick Cave & The Bad Seeds,Midnight Man,rock,0.5732986916526902
correlation,2,TRBBVNR128E078E1E4,Black Eyed Peas,Tell Your Momma Come,hip hop,TRHUGKY128F92E5EB3,Misery Speaks,Sounds Of Brutality,metal,0.5566868914053564
correlation,3,TRBBVNR128E078E1E4,Black Eyed Peas,Tell Your Momma Come,hip hop,TRLXIWQ128F428AB13,Dungeon Family,Trans DF Express,r&b/soul,0.5504982982156498
correlation,1,TRTJVGX128E078EB1C,Black Eyed Peas,The Apl Song,hip hop,TRJADED128E078FB2A,Lost Boyz,Keep It Real,hip hop,0.6453813894774338
correlation,2,TRTJVGX128E078EB1C,Black Eyed Peas,The Apl Song,hip hop,TRJBVSW128F9314E72,Souls Of Mischief,Fa Sho Fo Real,hip hop,0.6249810593350325
correlation,3,TRTJVGX128E078EB1C,Black Eyed Peas,The Apl Song,hip hop,TRNDOZZ128F92F336C,Dead Prez,Fucked Up,hip hop,0.6212271001065224
correlation,1,TRDJOCY128F4294CD5,Kanye West,Diamonds From Sierra Leone,hip hop,TRLUOOO128F42B3BF4,Onyx,Onyx Is Back,hip hop,0.6774987218359171
correlation,2,TRDJOCY128F4294CD5,Kanye West,Diamonds From Sierra Leone,hip hop,TRNYSCS128F427055D,Archers Of Loaf,Web In Front,rock,0.5897832951715068
correlation,3,TRDJOCY128F4294CD5,Kanye West,Diamonds From Sierra Leone,hip hop,TRWFFHM128F92F99C4,Chrisette Michele,All I Ever Think About,r&b/soul,0.5807370983003975
correlation,1,TREADOS128E078EC1F,Eminem,If I Had,hip hop,TRPNIKB12903CE690B,Skip James,I'm So Glad,blues,0.7339131273986786
correlation,2,TREADOS128E078EC1F,Eminem,If I Had,hip hop,TRCEFOS128F933D79B,Clipse,Freedom,hip hop,0.6942984443687404
correlation,3,TREADOS128E078EC1F,Eminem,If I Had,hip hop,TREYKNZ128F92F41C1,Swollen Members,Concerto,hip hop,0.6889559816502897
correlation,1,TRHPAVK128E078EC9C,Eminem,Ken Kaniff,hip hop,TRADFVJ12903CA80F0,Madness,Cardiac Arrest,reggae,0.7270522887071026
correlation,2,TRHPAVK128E078EC9C,Eminem,Ken Kaniff,hip hop,TRMLERK128F4294CBC,K'Naan,Voices In My Head,hip hop,0.7269704479576563
correlation,3,TRHPAVK128E078EC9C,Eminem,Ken Kaniff,hip hop,TRETTPG128F9343EE4,Organized Konfusion,Releasing Hypnotical Gases,hip hop,0.7257340005560267
correlation,1,TRGLNKG128F9307689,Eminem,My Darling,hip hop,TRKLAOB12903C9A1CD,Kevin Devine,Fever Moon,folk,0.8462124674347398
correlation,2,TRGLNKG128F9307689,Eminem,My Darling,hip hop,TRNHSZN128F930FF03,Clawfinger,Revenge,metal,0.8416920316225481
correlation,3,TRGLNKG128F9307689,Eminem,My Darling,hip hop,TRJOXWB128F92D8498,The Inchtabokatables,Underdrive,rock,0.8393010640528763
correlation,1,TRCHZXW128E079288A,Eminem,8 Mile,hip hop,TREBQOW128F92C4549,Common,Book Of Life,hip hop,0.8921928015781623
correlation,2,TRCHZXW128E079288A,Eminem,8 Mile,hip hop,TRTVTYS128E0792887,Eminem,Rabbit Run,hip hop,0.8693785025650097
correlation,3,TRCHZXW128E079288A,Eminem,8 Mile,hip hop,TRQMGEQ128F145F0AF,Gang Starr,Gotta Get Over (Taking Loot) (Explicit),hip hop,0.8653391439458455
correlation,1,TRCDLUM128F9331CA9,Usher,Love Was Here,hip hop,TRMASAZ128F428EF4E,The Jeff Healey Band,You're Coming Home,blues,0.7483436842603619
correlation,2,TRCDLUM128F9331CA9,Usher,Love Was Here,hip hop,TRJLMAI128F92EBB04,Marques Houston,Naked,r&b/soul,0.7201320871740161
correlation,3,TRCDLUM128F9331CA9,Usher,Love Was Here,hip hop,TRMWVDI128F92FFA8A,Gotye,Coming Back,rock,0.7148908365381222
correlation,1,TRPMNRL128F9302AD7,Akon,Be With You,hip hop,TRNHSZN128F930FF03,Clawfinger,Revenge,metal,0.8135375366003731
correlation,2,TRPMNRL128F9302AD7,Akon,Be With You,hip hop,TRHVNJF128F934B8C0,Machinemade God,With You,metal,0.7757605977112669
correlation,3,TRPMNRL128F9302AD7,Akon,Be With You,hip hop,TRQCMLS128F933DB3B,Boyz II Men,Could It Be I'm Falling In Love,r&b/soul,0.7635556890909756
correlation,1,TRRIRMX128F92E6272,Akon,Locked Up,hip hop,TRHJDKU128F1456E10,Ice Cube,When I Get To Heaven (Remix) (Explicit),hip hop,0.6788456750240742
correlation,2,TRRIRMX128F92E6272,Akon,Locked Up,hip hop,TRMHLKD12903C98020,JET,Let Me Out,rock,0.6362666877782996
correlation,3,TRRIRMX128F92E6272,Akon,Locked Up,hip hop,TRJEZJN128F421AD62,Tommy Castro,Nasty Habits,blues,0.6321070553838419
correlation,1,TRCEYQJ128E07862DE,Jay-Z,So Ghetto,hip hop,TRSEKVK128F4289138,Amel Larrieux,lucky to be me,jazz,0.7741734030921313
correlation,2,TRCEYQJ128E07862DE,Jay-Z,So Ghetto,hip hop,TRTPMBB128F42934F8,Sage Francis,Keep Moving,hip hop,0.7599273913551389
correlation,3,TRCEYQJ128E07862DE,Jay-Z,So Ghetto,hip hop,TRQXHBL128F42A56FE,Ledisi,Best Friend,r&b/soul,0.7494190681785053
correlation,1,TRZGUNN128E07862F7,Jay-Z,Heart Of The City (Ain't No Love),hip hop,TRZCHKB128F92CB740,Anastacia,Club Megamix,rock,0.7728379195250771
correlation,2,TRZGUNN128E07862F7,Jay-Z,Heart Of The City (Ain't No Love),hip hop,TRQXHBL128F42A56FE,Ledisi,Best Friend,r&b/soul,0.7698358288326552
correlation,3,TRZGUNN128E07862F7,Jay-Z,Heart Of The City (Ain't No Love),hip hop,TRTHFTG128F42550BC,Lil Wyte,Ten Toes Tall,hip hop,0.7569565729674486
correlation,1,TRTVTYS128E0792887,Eminem,Rabbit Run,hip hop,TRCHZXW128E079288A,Eminem,8 Mile,hip hop,0.8693785025650097
correlation,2,TRTVTYS128E0792887,Eminem,Rabbit Run,hip hop,TREBQOW128F92C4549,Common,Book Of Life,hip hop,0.8506579041417834
correlation,3,TRTVTYS128E0792887,Eminem,Rabbit Run,hip hop,TRDSUZH128F425BAC3,RODNEY CROWELL,Preachin' To The Choir,country,0.8415246429452561
correlation,1,TRBEBJO128C719646B,Nelly,Splurge,hip hop,TRKXFLD128F1479BC0,Remy Ma,I'm,hip hop,0.8464237494375487
correlation,2,TRBEBJO128C719646B,Nelly,Splurge,hip hop,TRFPLQD128F92FFB52,Kool Moe Dee,Bad Mutha,hip hop,0.8451237364280103
correlation,3,TRBEBJO128C719646B,Nelly,Splurge,hip hop,TRNHSZN128F930FF03,Clawfinger,Revenge,metal,0.8434406793283212
correlation,1,TRMWYIH128E078DCA6,Nelly,St. Louie,hip hop,TRJUUKB128F428E973,Soulja Slim,From What I Was Told,hip hop,0.6727790489311274
correlation,2,TRMWYIH128E078DCA6,Nelly,St. Louie,hip hop,TRHKJVR128F42857EA,DJ Quik,Safe + Sound,hip hop,0.6677099638644215
correlation,3,TRMWYIH128E078DCA6,Nelly,St. Louie,hip hop,TRQSXXR128F4266519,Blues Traveler,Run Around,blues,0.6628208099188203
correlation,1,TRHXTHR128F145E864,Nelly,Wrap Sumden,hip hop,TRKXFLD128F1479BC0,Remy Ma,I'm,hip hop,0.8330510814071242
correlation,2,TRHXTHR128F145E864,Nelly,Wrap Sumden,hip hop,TRDPGXU128F9339C2A,Beastie Boys,B-Boy Bouillabaisse: A.W.O.L. (2009 Digital Remaster),hip hop,0.8251990738049703
correlation,3,TRHXTHR128F145E864,Nelly,Wrap Sumden,hip hop,TRTHFTG128F42550BC,Lil Wyte,Ten Toes Tall,hip hop,0.8174710110294275
correlation,1,TRQRAKE128F9322866,Jay-Z,Soon You'll Understand,hip hop,TRNHSZN128F930FF03,Clawfinger,Revenge,metal,0.817283365434234
correlation,2,TRQRAKE128F9322866,Jay-Z,Soon You'll Understand,hip hop,TREUZWP128F421CBB7,Chely Wright,Between A Mother And A Child,country,0.8126473257695458
correlation,3,TRQRAKE128F9322866,Jay-Z,Soon You'll Understand,hip hop,TRPBTSJ128F42A3168,Harry Belafonte,Angelina,latin,0.8017084907007059
correlation,1,TRCDAUA128E0784644,Jay-Z,Encore,hip hop,TRWLKBS12903CC57D7,Good Old War,Tell Me (Acoustic),folk,0.8157285543350994
correlation,2,TRCDAUA128E0784644,Jay-Z,Encore,hip hop,TRFYGMB128F425A7A2,Natasha Bedingfield,Stumble,pop,0.8076014582768113
correlation,3,TRCDAUA128E0784644,Jay-Z,Encore,hip hop,TRISFKH128F9336E63,Beastie Boys,So What'Cha Want (Butt Naked Version) (Explicit) (2009 Digital Remaster),hip hop,0.8069587678611965
correlation,1,TRBCPZS128F145ECC1,Nelly,Say Now,hip hop,TRDXEIG128F4292FF1,Bruce Hornsby and the Range,The Red Plains,folk,0.6061194489518101
correlation,2,TRBCPZS128F145ECC1,Nelly,Say Now,hip hop,TRWCKEI128E0780E47,Blink-182,Online Songs,punk,0.6059385776483631
correlation,3,TRBCPZS128F145ECC1,Nelly,Say Now,hip hop,TRAWSJK128F42767F2,Ini Kamoze,Here Comes The Hotstepper,reggae,0.5962512597307614
correlation,1,TRWFVOW128E0793847,Dr. Dre,Been There Done That,hip hop,TRKKWMQ128F4266186,Mobb Deep,Live Foul,hip hop,0.6982076517092893
correlation,2,TRWFVOW128E0793847,Dr. Dre,Been There Done That,hip hop,TRJADED128E078FB2A,Lost Boyz,Keep It Real,hip hop,0.6381602946481162
correlation,3,TRWFVOW128E0793847,Dr. Dre,Been There Done That,hip hop,TRFOGZN128F42882B5,OutKast,Claimin' True,hip hop,0.6378632481194213
correlation,1,TRWZWOX128F935A084,Sean Kingston,Magical,hip hop,TRJVRGE128F149E808,Ben E. King,Supernatural Thing Part 1,r&b/soul,0.7067527753415492
correlation,2,TRWZWOX128F935A084,Sean Kingston,Magical,hip hop,TRJZQSM128F92C4D1B,Ladyhawke,Love Don't Live Here,electronic,0.6890688376692635
correlation,3,TRWZWOX128F935A084,Sean Kingston,Magical,hip hop,TRCYLAX128F42B0D01,Aretha Franklin,A Deeper Love,r&b/soul,0.6863434513649236
correlation,1,TRXGBGU128F935A092,Sean Kingston,Over,hip hop,TRVRIIT12903CD89B7,Marilyn Monroe,Do It Again,jazz,0.7160385288649285
correlation,2,TRXGBGU128F935A092,Sean Kingston,Over,hip hop,TRMXOMP128F427ECE8,Albert Hammond Jr.,Bright Young Thing,rock,0.7033672945159113
correlation,3,TRXGBGU128F935A092,Sean Kingston,Over,hip hop,TREAGMV128F933A01E,Wall Of Voodoo,Do It Again,pop,0.6562499972731537
correlation,1,TRFKPZK128F935A08D,Sean Kingston,Wrap U Around Me,hip hop,TRKZRCW128F4233621,Diana Krall,Peel Me A Grape,jazz,0.6994488668706844
correlation,2,TRFKPZK128F935A08D,Sean Kingston,Wrap U Around Me,hip hop,TRXKSAZ12903CAFB8E,Jill Scott,He Loves Me (Lyzel In E Flat),r&b/soul,0.6651443334644113
correlation,3,TRFKPZK128F935A08D,Sean Kingston,Wrap U Around Me,hip hop,TRIRVHL128F92F5ECF,Jeff Buckley,Be Your Husband,blues,0.6415283655082847
correlation,1,TRWVTDX128F931ECEF,M.I.A.,Paper Planes,hip hop,TROOJPJ128F14A2A86,Brand Nubian,All For One (Explicit) (2006 Remastered LP Version),hip hop,0.7680797407766693
correlation,2,TRWVTDX128F931ECEF,M.I.A.,Paper Planes,hip hop,TRKXFLD128F1479BC0,Remy Ma,I'm,hip hop,0.7608096802470248
correlation,3,TRWVTDX128F931ECEF,M.I.A.,Paper Planes,hip hop,TRVQHEV128F4259AB2,The Clash,I Fought The Law,punk,0.7468341453171825
correlation,1,TRWTZGX128F149535F,Thousand Foot Krutch,Set It Off,hip hop,TRSKTET128F42BBABC,John Legend,Out Of Sight,r&b/soul,0.6394761374215048
correlation,2,TRWTZGX128F149535F,Thousand Foot Krutch,Set It Off,hip hop,TRATUIZ128F423B591,Smif-n-Wessun,LET's GIT IT ON,hip hop,0.6234171373081897
correlation,3,TRWTZGX128F149535F,Thousand Foot Krutch,Set It Off,hip hop,TRPLDIL128F4276880,Shannon McNally,Miracle Mile,country,0.6183037241130315
correlation,1,TRCACEF128F42434D7,Ludacris,Ho,hip hop,TRQLSLN12903CA37C3,Big Bad Voodoo Daddy,Mambo Swing,jazz,0.8275470070215372
correlation,2,TRCACEF128F42434D7,Ludacris,Ho,hip hop,TRTUWLC12903C94E7A,Gene Autry,Up On The House Top,country,0.6658309762782382
correlation,3,TRCACEF128F42434D7,Ludacris,Ho,hip hop,TRFWLYB128F4291502,Nina Hagen,Live On Mars,punk,0.42644945064490136
correlation,1,TRCQNWN128F92EA07D,Wu-Tang Clan,The What,hip hop,TRJVBYA128F93434FD,Immortal Technique,That's What It Is,hip hop,0.7229745743863917
correlation,2,TRCQNWN128F92EA07D,Wu-Tang Clan,The What,hip hop,TRPWCMZ128F9300B63,Aesop Rock,Mars Attacks,hip hop,0.7224920128510383
correlation,3,TRCQNWN128F92EA07D,Wu-Tang Clan,The What,hip hop,TRBHNHZ128F42A6BEF,Cam'Ron,Bubble Music,hip hop,0.718385200154307
correlation,1,TRYHHXT128F4276F89,50 Cent,Rowdy Rowdy,hip hop,TRBXUMD12903CBB64D,Wu-Tang Clan,Da Mystery Of Chessboxin',hip hop,0.793066809028595
correlation,2,TRYHHXT128F4276F89,50 Cent,Rowdy Rowdy,hip hop,TRDQIWP128F9342105,Company Flow,The Fire In Which You Burn (feat. J-Treds & The Brewin From The Juggaknots),hip hop,0.7622132918618567
correlation,3,TRYHHXT128F4276F89,50 Cent,Rowdy Rowdy,hip hop,TRQSBLH128F148CB93,Def Squad,You Do_ I Do,hip hop,0.7615667137426024
correlation,1,TRIGDUK128E0784045,Snoop Dogg,Bang Out,hip hop,TRCNKKU12903D0CD48,Wu-Tang Clan,Uzi,hip hop,0.6536404155781022
correlation,2,TRIGDUK128E0784045,Snoop Dogg,Bang Out,hip hop,TRXRIRD128F930AADB,Kool Keith,Clifton,hip hop,0.6449039473917977
correlation,3,TRIGDUK128E0784045,Snoop Dogg,Bang Out,hip hop,TRTHFTG128F42550BC,Lil Wyte,Ten Toes Tall,hip hop,0.6448174644826893
correlation,1,TRNVKOI128E0799173,Snoop Dogg,Snoopafella (Edited),hip hop,TRPJILS128F9301616,Us3,Goodbye,jazz,0.8616027405496907
correlation,2,TRNVKOI128E0799173,Snoop Dogg,Snoopafella (Edited),hip hop,TRJPNAE128F425FAFB,King Tee,Act A Fool,hip hop,0.8607171272163031
correlation,3,TRNVKOI128E0799173,Snoop Dogg,Snoopafella (Edited),hip hop,TRDPGXU128F9339C2A,Beastie Boys,B-Boy Bouillabaisse: A.W.O.L. (2009 Digital Remaster),hip hop,0.8554211356996267
correlation,1,TRLVRJP128F93519FB,Atmosphere,Hair,hip hop,TRVDTEO128F14956CF,Eric B. & Rakim,What's On Your Mind,hip hop,0.8046953575223297
correlation,2,TRLVRJP128F93519FB,Atmosphere,Hair,hip hop,TRDPGXU128F9339C2A,Beastie Boys,B-Boy Bouillabaisse: A.W.O.L. (2009 Digital Remaster),hip hop,0.8001580434449288
correlation,3,TRLVRJP128F93519FB,Atmosphere,Hair,hip hop,TRAQDFB128F4234E3B,Example,Birthday Card,hip hop,0.7952730121131889
correlation,1,TRBZXAC12903CBB0CE,Atmosphere,Happymess,hip hop,TRTAYPD128F42A4C9C,Murs,You & I,hip hop,0.813081423919599
correlation,2,TRBZXAC12903CBB0CE,Atmosphere,Happymess,hip hop,TRFPLQD128F92FFB52,Kool Moe Dee,Bad Mutha,hip hop,0.8067309259411596
correlation,3,TRBZXAC12903CBB0CE,Atmosphere,Happymess,hip hop,TRKXFLD128F1479BC0,Remy Ma,I'm,hip hop,0.8017325023759202
correlation,1,TRUNSXQ128E078B97D,Michael Bublé,Put Your Head On My Shoulder (Album Version),jazz,TRNCIOP128F426A93D,Brownstone,Kiss And Tell,r&b/soul,0.6856774468740663
correlation,2,TRUNSXQ128E078B97D,Michael Bublé,Put Your Head On My Shoulder (Album Version),jazz,TRMBEML128F148D1C7,Wang Chung,Hypnotize Me,pop,0.6778424575604486
correlation,3,TRUNSXQ128E078B97D,Michael Bublé,Put Your Head On My Shoulder (Album Version),jazz,TRZHFGK128F423B618,Sharon Jones & The Dap-Kings,Tell Me,r&b/soul,0.6718434396125417
correlation,1,TRFUJLG128F4255312,Michael Bublé,Stuck In The Middle With You (Non-Album Track),jazz,TRAZHNL12903CC1B6C,Mac Lethal,Rotten Apple Pie,hip hop,0.8300856592954737
correlation,2,TRFUJLG128F4255312,Michael Bublé,Stuck In The Middle With You (Non-Album Track),jazz,TRBWKZD128F428AAEB,A Tribe Called Quest,Hot Sex,hip hop,0.8245009501149404
correlation,3,TRFUJLG128F4255312,Michael Bublé,Stuck In The Middle With You (Non-Album Track),jazz,TRKXFLD128F1479BC0,Remy Ma,I'm,hip hop,0.81128457911083
correlation,1,TRQPMHA128E078B979,Michael Bublé,You'll Never Find Another Love Like Mine (Album Version),jazz,TRPWHQK128F9326149,Brett Dennen,When She's Gone,folk,0.7404539621045542
correlation,2,TRQPMHA128E078B979,Michael Bublé,You'll Never Find Another Love Like Mine (Album Version),jazz,TRHBWQF128F933687C,Paul Anka,You Are My Destiny,jazz,0.7259837808997763
correlation,3,TRQPMHA128E078B979,Michael Bublé,You'll Never Find Another Love Like Mine (Album Version),jazz,TRZEQMX128F42883EF,Phyllis Hyman,Falling Star,r&b/soul,0.7248242380419175
correlation,1,TRZPSAF128F9349767,Ray Charles,Kiss me baby,jazz,TROTCDE128F4267AB1,Aretha Franklin,All Night Long,jazz,0.6633840411473801
correlation,2,TRZPSAF128F9349767,Ray Charles,Kiss me baby,jazz,TRYIILA128F4281F96,Bo Diddley,I'm Looking For A Woman,blues,0.6163158955966485
correlation,3,TRZPSAF128F9349767,Ray Charles,Kiss me baby,jazz,TRDKRBH128F148AF14,Slim Harpo,Late Last Night,blues,0.613694407449674
correlation,1,TRAEPAC12903CE5DC8,Ray Charles,Let's Go,jazz,TRGTQCP128F932573A,Hilary Duff,Play With Fire,pop,0.8356431488620766
correlation,2,TRAEPAC12903CE5DC8,Ray Charles,Let's Go,jazz,TRNFUML128F92E41EA,Leon Jackson,You Don't Know Me,jazz,0.8186475686719409
correlation,3,TRAEPAC12903CE5DC8,Ray Charles,Let's Go,jazz,TRUBHKR128F427ECDE,Harry Connick_ Jr.,You Don't Know Me,jazz,0.8173676222289016
correlation,1,TRMJMVW12903CD44F4,Ray Charles,Moon Over Miami,jazz,TRLKDAS128F14610D7,Diana Krall,Charmed Life,jazz,0.4406129182015019
correlation,2,TRMJMVW12903CD44F4,Ray Charles,Moon Over Miami,jazz,TRGAPEV12903D09678,Dragonforce,Heart of a Dragon,metal,0.43689036318517266
correlation,3,TRMJMVW12903CD44F4,Ray Charles,Moon Over Miami,jazz,TRFJQMU128F4273B8F,Chaka Khan,Lullaby Of Birdland,jazz,0.42424669403476467
correlation,1,TRBXTYM128F930793B,Nat King Cole,Hit That Jive Jack,jazz,TRMTSMP128F92F621B,N-Dubz,Sex,hip hop,0.6503563740723226
correlation,2,TRBXTYM128F930793B,Nat King Cole,Hit That Jive Jack,jazz,TRLRCZU128F1475FBA,Juvenile,Around The Way [Explicit Album Version],hip hop,0.6478431455711054
correlation,3,TRBXTYM128F930793B,Nat King Cole,Hit That Jive Jack,jazz,TRTNPZQ128F148C125,Onyx,The Worst,hip hop,0.6462460748082257
correlation,1,TRFORZM12903CDF88C,Nat King Cole,The Christmas Song,jazz,TRCDUCG128F4262F0C,Billy Gilman,The Christmas Song,country,0.9497017650005205
correlation,2,TRFORZM12903CDF88C,Nat King Cole,The Christmas Song,jazz,TRVOQHA12903CF601C,Gang Starr,Just To Get A Rep,hip hop,0.6086829337448755
correlation,3,TRFORZM12903CDF88C,Nat King Cole,The Christmas Song,jazz,TRKHTKI128F92EA339,Matisyahu,Close My Eyes,reggae,0.5951070970181579
correlation,1,TREMJFY12903CF1630,Nat King Cole,Too Young,jazz,TRGDFQG128F4264F30,Dan Hartman,We Are The Young,pop,0.5188348478529493
correlation,2,TREMJFY12903CF1630,Nat King Cole,Too Young,jazz,TRMXXLD12903CD5C1B,Carole King,We Are All In This Together,folk,0.5102111362907634
correlation,3,TREMJFY12903CF1630,Nat King Cole,Too Young,jazz,TRJDKEI128F9337CDF,Thought Riot,Save The Humans,punk,0.4815758991125405
correlation,1,TRKBPHV128F92E3B2D,Nat King Cole,Unforgettable,jazz,TRPNVGR128F1460F31,Dilated Peoples,Clockwork,hip hop,0.581924750271035
correlation,2,TRKBPHV128F92E3B2D,Nat King Cole,Unforgettable,jazz,TRQLVEF128F426370C,Johnny Mathis,The Windmills Of Your Mind,blues,0.5657645593341223
correlation,3,TRKBPHV128F92E3B2D,Nat King Cole,Unforgettable,jazz,TRIDJMD128E078B984,Michael Bublé,That's All (Album Version),classical,0.5631505296369702
correlation,1,TRHYGVQ12903D046A9,Nat King Cole,Autumn Leaves,jazz,TRFBASZ128F42317D3,Dawn of Relic,The Awakening,metal,0.5862140234521468
correlation,2,TRHYGVQ12903D046A9,Nat King Cole,Autumn Leaves,jazz,TRTMJLR128F1463837,Dusty Springfield,Meditation,jazz,0.5584673794427373
correlation,3,TRHYGVQ12903D046A9,Nat King Cole,Autumn Leaves,jazz,TREFQCV128F92FC88B,Snog,Into The Light,electronic,0.5510577888746064
correlation,1,TRWIGSY128F92FE6B6,Nat King Cole,Love Is A Many Splendored Thing,jazz,TRJWBUM128C7196B23,Marvin Gaye,That's The Way Love Is,r&b/soul,0.5704907538328281
correlation,2,TRWIGSY128F92FE6B6,Nat King Cole,Love Is A Many Splendored Thing,jazz,TRARREW128F92CD3D9,Bette Midler,The Rose,pop,0.5683491376103906
correlation,3,TRWIGSY128F92FE6B6,Nat King Cole,Love Is A Many Splendored Thing,jazz,TRREMEE128F932A4C4,Giuliano Palma & The Bluebeaters,Somewhere In My Heart,reggae,0.555295220345314
correlation,1,TRHEGPE128F9311A85,Nat King Cole,Smoke Gets in Your Eyes,jazz,TRUSMEO128F1469319,Bryan Ferry,Smoke Gets In Your Eyes,folk,0.959880969095571
correlation,2,TRHEGPE128F9311A85,Nat King Cole,Smoke Gets in Your Eyes,jazz,TRTFNGC128F9343C22,Frenzal Rhomb,I Love Fucking Up,punk,0.6990726697271004
correlation,3,TRHEGPE128F9311A85,Nat King Cole,Smoke Gets in Your Eyes,jazz,TRQGAOW128F92FBF94,Patsy Cline,I Love You Honey,country,0.6941063111843544
correlation,1,TRWZCIQ12903C97881,Nat King Cole,If You Can't Smile And Say Yes,jazz,TRPZAPZ128F9341D3E,R. Kelly,Don't You Say No,r&b/soul,0.742065030126679
correlation,2,TRWZCIQ12903C97881,Nat King Cole,If You Can't Smile And Say Yes,jazz,TRTBBGQ128E078FE63,Kelly Price,Don't Say Goodbye,r&b/soul,0.6678917888502003
correlation,3,TRWZCIQ12903C97881,Nat King Cole,If You Can't Smile And Say Yes,jazz,TRSEAVW128F429E22F,A Tribe Called Quest,Rap Promoter,hip hop,0.6469414151461178
correlation,1,TREENNZ128F145B67D,Nat King Cole,She's Funny That Way,jazz,TRFUZQB128F4235491,Guy Clark,I Don't Love You Much Do I (2007 Remastered LP Version),country,0.8118769735659476
correlation,2,TREENNZ128F145B67D,Nat King Cole,She's Funny That Way,jazz,TRKAEFD128F428C723,Keyshia Cole,I Changed My Mind,r&b/soul,0.7947174268108042
correlation,3,TREENNZ128F145B67D,Nat King Cole,She's Funny That Way,jazz,TRZCHKB128F92CB740,Anastacia,Club Megamix,rock,0.7662608459268454
correlation,1,TRVUYIL128F4275FAD,Nat King Cole,The Ruby And The Pearl (2003 Digital Remaster),jazz,TRLUXWO128F14618D6,Dilated Peoples,Expansion Team Theme,hip hop,0.632460435291301
correlation,2,TRVUYIL128F4275FAD,Nat King Cole,The Ruby And The Pearl (2003 Digital Remaster),jazz,TRTYQXA128F147F7F8,Patricia Barber,Phaeton,jazz,0.5745397407741664
correlation,3,TRVUYIL128F4275FAD,Nat King Cole,The Ruby And The Pearl (2003 Digital Remaster),jazz,TREFQCV128F92FC88B,Snog,Into The Light,electronic,0.5697915434614418
correlation,1,TRHOXSK128F145C9F9,Nat King Cole,The Very Thought Of You,jazz,TRDNUNW128F933DB3D,Boyz II Men,Amazed,r&b/soul,0.7350222437746711
correlation,2,TRHOXSK128F145C9F9,Nat King Cole,The Very Thought Of You,jazz,TRJIQFW128F428DE49,7L & Esoteric,Boxcutter Rap,hip hop,0.7197463586373207
correlation,3,TRHOXSK128F145C9F9,Nat King Cole,The Very Thought Of You,jazz,TRDZHMB128F14925BA,Marissa Nadler,Famous Blue Raincoat,folk,0.7088604095240711
correlation,1,TRETXLU12903CD5688,Bing Crosby,Rudolph The Red-Nosed Reindeer,jazz,TRDBNWO12903CC8E18,Gene Autry,Rudolph The Red Nosed Reindeer,classical,0.758490921489153
correlation,2,TRETXLU12903CD5688,Bing Crosby,Rudolph The Red-Nosed Reindeer,jazz,TROMMRU128F4250C74,Classified,All About U,hip hop,0.7178248063855528
correlation,3,TRETXLU12903CD5688,Bing Crosby,Rudolph The Red-Nosed Reindeer,jazz,TRRGWST128F930E4AE,Sara Gazarek,Yours (Live),jazz,0.7009285801973628
correlation,1,TRORBTM128F93368FB,Norah Jones,December,jazz,TRARHIC128F424B27B,Marilyn Monroe,When I Fall In Love,jazz,0.6581244224660278
correlation,2,TRORBTM128F93368FB,Norah Jones,December,jazz,TRMYJUA128F428A590,Descendents,When I Get Old,punk,0.6524725067505642
correlation,3,TRORBTM128F93368FB,Norah Jones,December,jazz,TRZRCGB128F146F82B,Tina Turner,All The Woman (Recorded Live In London '99),pop,0.6520204845866969
correlation,1,TRFCNIJ128F423F32E,Norah Jones,Don't Know Why (Live),jazz,TRURGUR128F149409A,Mr. Vegas,I Don't Know Why I Love You,reggae,0.7964535510271432
correlation,2,TRFCNIJ128F423F32E,Norah Jones,Don't Know Why (Live),jazz,TRDQNSS128F4240C31,Millencolin,Random I Am (Album Version),punk,0.7754608983961621
correlation,3,TRFCNIJ128F423F32E,Norah Jones,Don't Know Why (Live),jazz,TRVVBPB128F4250C72,Classified,Freezin In The Cold,hip hop,0.7678561831880076
correlation,1,TRYNZAL128F1464B5A,Norah Jones,Humble Me,jazz,TRRBFPC12903CDF853,The Berzerker,All About You,metal,0.8165288629506873
correlation,2,TRYNZAL128F1464B5A,Norah Jones,Humble Me,jazz,TRGNWZK128F42960A4,Syleena Johnson,All Of Me,r&b/soul,0.8117365374398732
correlation,3,TRYNZAL128F1464B5A,Norah Jones,Humble Me,jazz,TRDJYOH128F429B2F8,Midtown,Knew It All Along (Acoustic),folk,0.7895723176353745
correlation,1,TRNGOHS128E0781235,Norah Jones,I've Got To See You Again,jazz,TRYATVR128F4283D4A,Hope Of The States,Sadness On My Back,punk,0.7980600525166005
correlation,2,TRNGOHS128E0781235,Norah Jones,I've Got To See You Again,jazz,TRQBHPO128F9307C8E,New Found Glory,I'll Never Love Again,punk,0.790499352448745
correlation,3,TRNGOHS128E0781235,Norah Jones,I've Got To See You Again,jazz,TRKLJAG128F42B31CF,Mario Vazquez,Everytime I...,r&b/soul,0.7705833987088666
correlation,1,TRPPHPQ128F4258FFC,Norah Jones,Sinkin' Soon (iTunes Live Session),jazz,TRFGWTJ128E0783A47,The Misfits,Static Age,punk,0.6088881546560603
correlation,2,TRPPHPQ128F4258FFC,Norah Jones,Sinkin' Soon (iTunes Live Session),jazz,TRNKIVH128F421D429,Charlie Robison,Good Times,country,0.6052537335027632
correlation,3,TRPPHPQ128F4258FFC,Norah Jones,Sinkin' Soon (iTunes Live Session),jazz,TRJOQXR128F92EB51A,Thompson Twins,We Are Detective,pop,0.601617037721518
correlation,1,TRSSOKM128F1464B5C,Norah Jones,The Long Way Home,jazz,TRKLJAG128F42B31CF,Mario Vazquez,Everytime I...,r&b/soul,0.7172895872114333
correlation,2,TRSSOKM128F1464B5C,Norah Jones,The Long Way Home,jazz,TRGLGNR128F1487A6F,Manafest,Runaway,hip hop,0.7127018400143048
correlation,3,TRSSOKM128F1464B5C,Norah Jones,The Long Way Home,jazz,TRDQLTF128E0787809,Josh Groban,Broken Vow (Album Version),classical,0.6997727652754935
correlation,1,TRKMCAV128E0782298,Norah Jones,Those Sweet Words,jazz,TRLQBZP12903CECC4A,Hello Saferide,Get Sick Soon,folk,0.6155402809897477
correlation,2,TRKMCAV128E0782298,Norah Jones,Those Sweet Words,jazz,TRWAKFC128F424561B,Slum Village,Call Me (Clean Version),hip hop,0.6153864168007966
correlation,3,TRKMCAV128E0782298,Norah Jones,Those Sweet Words,jazz,TRNHSZN128F930FF03,Clawfinger,Revenge,metal,0.6130673655147699
correlation,1,TRBQFLA128F423F329,Norah Jones,Wish I Could (Live),jazz,TRTPMBB128F42934F8,Sage Francis,Keep Moving,hip hop,0.7117156288452975
correlation,2,TRBQFLA128F423F329,Norah Jones,Wish I Could (Live),jazz,TRRQUHL128F4259E45,Berlin,Masquerade,pop,0.710735727137089
correlation,3,TRBQFLA128F423F329,Norah Jones,Wish I Could (Live),jazz,TRCHTBA128F92EAC62,illScarlett,Clearer Now,punk,0.7100511528739195
correlation,1,TRCLZPO128F427CD3A,Norah Jones,My Dear Country,jazz,TRDPGXU128F9339C2A,Beastie Boys,B-Boy Bouillabaisse: A.W.O.L. (2009 Digital Remaster),hip hop,0.7115055402547681
correlation,2,TRCLZPO128F427CD3A,Norah Jones,My Dear Country,jazz,TRZPHVT128F4298109,The Cat Empire,The Car Song,reggae,0.7065540554632491
correlation,3,TRCLZPO128F427CD3A,Norah Jones,My Dear Country,jazz,TREBQOW128F92C4549,Common,Book Of Life,hip hop,0.7011070232074349
correlation,1,TRWAPCT128F1494611,Dean Martin,I Love The Way You Say Goodnight,jazz,TRQMZTE128F42B5074,OutKast,The Way You Move,hip hop,0.7743663708786926
correlation,2,TRWAPCT128F1494611,Dean Martin,I Love The Way You Say Goodnight,jazz,TRGPUVY128F9313AD9,Doyle Bramhall,Dimples,jazz,0.7166167545055687
correlation,3,TRWAPCT128F1494611,Dean Martin,I Love The Way You Say Goodnight,jazz,TRFGQTH128F1453D85,Marilyn Manson,Para-noir,metal,0.7100931428050923
correlation,1,TRNBZVW128F92EE688,Dean Martin,White Christmas,jazz,TRVYERM128F93137C1,Jamie Scott & The Town,When Will I See Your Face Again,folk,0.5305304833555602
correlation,2,TRNBZVW128F92EE688,Dean Martin,White Christmas,jazz,TRDDTJP128F42437DA,Mississippi Fred McDowell,When I Lay My Burden Down,blues,0.5209252966392641
correlation,3,TRNBZVW128F92EE688,Dean Martin,White Christmas,jazz,TRIZEFA128F148582F,Darkel,At The End Of The Sky,electronic,0.51348597919789
correlation,1,TRHZOEX128F93588AB,Dean Martin,Memories Are Made Of This,jazz,TRGVQSU128F4260009,Dolly Parton,Highlight Of My Life,country,0.5289641868383024
correlation,2,TRHZOEX128F93588AB,Dean Martin,Memories Are Made Of This,jazz,TRDJIWI128F426498B,Kenny Loggins,Conviction Of The Heart,jazz,0.513415141828043
correlation,3,TRHZOEX128F93588AB,Dean Martin,Memories Are Made Of This,jazz,TRXCHEC128F42958D4,Amici Forever,Requiem for a Soldier (Band of Brothers),classical,0.5072810957841252
correlation,1,TREOPOB128F427CD42,Norah Jones,Little Room,jazz,TRXWSOU128F42662B0,Above The Law,Flow On (Move Me No Mountain),hip hop,0.6016500807008
correlation,2,TREOPOB128F427CD42,Norah Jones,Little Room,jazz,TRYEMLL128F42796B1,David Houston,My Elusive Dreams,country,0.5995306711101388
correlation,3,TREOPOB128F427CD42,Norah Jones,Little Room,jazz,TRJIBBZ128F425149A,Dead Kennedys,Kinky Sex Makes the World Go 'Round,punk,0.5988710560468404
correlation,1,TRELLQK128F147AD94,The Puppini Sisters,Bei Mir Bist Du Schön,jazz,TRWLKBS12903CC57D7,Good Old War,Tell Me (Acoustic),folk,0.7321694762737759
correlation,2,TRELLQK128F147AD94,The Puppini Sisters,Bei Mir Bist Du Schön,jazz,TRMVVDP128E0787806,Josh Groban,When You Say You Love Me (Album Version),classical,0.7236170512760001
correlation,3,TRELLQK128F147AD94,The Puppini Sisters,Bei Mir Bist Du Schön,jazz,TRONQKR12903CA1A0B,RyanDan,Like The Sun,classical,0.722730907359771
correlation,1,TRMOHUN128F424DEE6,The Puppini Sisters,Don't Sit Under The Apple Tree,jazz,TRDIOJU128F931BF15,Jackson 5,(You Were Made) Especially For Me,r&b/soul,0.5731968342305555
correlation,2,TRMOHUN128F424DEE6,The Puppini Sisters,Don't Sit Under The Apple Tree,jazz,TRIIMSD128F14739FD,Confederate Railroad,I Don't Want To Hang Out With Me (LP Version),country,0.5225871791334
correlation,3,TRMOHUN128F424DEE6,The Puppini Sisters,Don't Sit Under The Apple Tree,jazz,TRYZACI128F4298560,Republica,Don't You Ever,pop,0.510909314983766
correlation,1,TRSPEPD128F147AD9A,The Puppini Sisters,Falling In Love Again,jazz,TRLNQSB128F933844C,Danni Carlos,Falling In Love Again,pop,0.94707023314172
correlation,2,TRSPEPD128F147AD9A,The Puppini Sisters,Falling In Love Again,jazz,TRARHIC128F424B27B,Marilyn Monroe,When I Fall In Love,jazz,0.7184179703506564
correlation,3,TRSPEPD128F147AD9A,The Puppini Sisters,Falling In Love Again,jazz,TRJIONO128F1452C88,Bananarama,Lovebite,pop,0.6972895526286845
correlation,1,TRAQUUU128F147A689,The Puppini Sisters,Heebie Jeebies,jazz,TRPNPXS128F424F339,Martin Sexton,In the Journey,folk,0.610499045001795
correlation,2,TRAQUUU128F147A689,The Puppini Sisters,Heebie Jeebies,jazz,TRAYKJD128F932E569,Linda Ronstadt,Lovesick Blues,country,0.5968034687099676
correlation,3,TRAQUUU128F147A689,The Puppini Sisters,Heebie Jeebies,jazz,TRAFLMU128F4274A4D,G-Unit,I Don't Want To Talk About It,hip hop,0.5903405507935022
correlation,1,TREIANS128F147AD97,The Puppini Sisters,I Will Survive,jazz,TRDPNYI12903D0517A,Alexandra Burke,Overcome,r&b/soul,0.8340307808301356
correlation,2,TREIANS128F147AD97,The Puppini Sisters,I Will Survive,jazz,TRKLJAG128F42B31CF,Mario Vazquez,Everytime I...,r&b/soul,0.8314025448720214
correlation,3,TREIANS128F147AD97,The Puppini Sisters,I Will Survive,jazz,TRCTLQY128F92F1539,Next,I Still Love You,r&b/soul,0.8165544081743614
correlation,1,TRPWTNZ128F147AD9F,The Puppini Sisters,In The Mood,jazz,TRQSIZR128EF362D3A,The Pharcyde,Pack The Pipe,hip hop,0.7134905705740064
correlation,2,TRPWTNZ128F147AD9F,The Puppini Sisters,In The Mood,jazz,TRTPMBB128F42934F8,Sage Francis,Keep Moving,hip hop,0.7087992799811706
correlation,3,TRPWTNZ128F147AD9F,The Puppini Sisters,In The Mood,jazz,TRMBNRH12903D02C23,Johnny Cash,I Was There When It Happened,country,0.7025948755573124
correlation,1,TRNDNKN12903CC8A4C,Dean Martin,Kiss,jazz,TRZBVZA128F429C955,The Handful,Memorial Day,hip hop,0.634679293081266
correlation,2,TRNDNKN12903CC8A4C,Dean Martin,Kiss,jazz,TRFFMKD128F42303A4,Hieroglyphics,You Never Knew,hip hop,0.6343210900648794
correlation,3,TRNDNKN12903CC8A4C,Dean Martin,Kiss,jazz,TRQPVSP128F92E6DCC,Boyz II Men,4 Seasons Of Loneliness,r&b/soul,0.6301752570827559
correlation,1,TRJALGV12903D0447E,Dean Martin,Let Me Go Lover,jazz,TRSUMJS12903CA98EE,Jessica Mauboy,Let Me Be Me,r&b/soul,0.7092907173481322
correlation,2,TRJALGV12903D0447E,Dean Martin,Let Me Go Lover,jazz,TRKZRCW128F4233621,Diana Krall,Peel Me A Grape,jazz,0.674228958428731
correlation,3,TRJALGV12903D0447E,Dean Martin,Let Me Go Lover,jazz,TRXKSAZ12903CAFB8E,Jill Scott,He Loves Me (Lyzel In E Flat),r&b/soul,0.6686578626280538
correlation,1,TRPQFJA128F145AC60,Dean Martin,On An Evening In Roma (Sott'er Celo De Roma),jazz,TRCYEZX128F9336C8E,Blind Pilot,Paint or Pollen,folk,0.5587097113554553
correlation,2,TRPQFJA128F145AC60,Dean Martin,On An Evening In Roma (Sott'er Celo De Roma),jazz,TRTAMAU128F4291473,Amici Forever,Vita Mia,classical,0.5140875962138847
correlation,3,TRPQFJA128F145AC60,Dean Martin,On An Evening In Roma (Sott'er Celo De Roma),jazz,TRNFNNE128F14A94F7,Robbie Williams,Never Touch That Switch (Dark Horse Dub Mix),pop,0.49839532530794
correlation,1,TRHBSKB128E07924CB,Enrique Iglesias,No Puedo Mas Sin Ti (I'm Your Man),latin,TRLRQUX128F932ECC5,Gilberto Santa Rosa,Desde Que No Estas,latin,0.8080024642309585
correlation,2,TRHBSKB128E07924CB,Enrique Iglesias,No Puedo Mas Sin Ti (I'm Your Man),latin,TRRGVQK128F423B513,Beatriz Luengo,Precisamente Ahora,latin,0.801900858975746
correlation,3,TRHBSKB128E07924CB,Enrique Iglesias,No Puedo Mas Sin Ti (I'm Your Man),latin,TRIBWOP128F92E4E17,La 5A Estacion,Algo Mas,latin,0.7741649003149487
correlation,1,TRBSLQC128F9333C5D,Shakira,En Tus Pupilas,latin,TRNKQFR128F93425A3,Ricardo Arjona,Amor de Tele,latin,0.7956835901251009
correlation,2,TRBSLQC128F9333C5D,Shakira,En Tus Pupilas,latin,TRHXEXY128F93167E9,Juana Molina,Yo se que,latin,0.7943806874760438
correlation,3,TRBSLQC128F9333C5D,Shakira,En Tus Pupilas,latin,TRZVPJH128F931D774,Love Of Lesbian,El ectoplasta,pop,0.7616778937207458
correlation,1,TRGJXTC128F4278ECC,Shakira,Que Me Quedes Tu,latin,TRBGUUF128F9334B97,El Gran Combo De Puerto Rico,No Hay Manera,latin,0.8060476255479395
correlation,2,TRGJXTC128F4278ECC,Shakira,Que Me Quedes Tu,latin,TRGALDE128F9306AA7,Huey Dunbar,Amor De Siempre,latin,0.7917874176935301
correlation,3,TRGJXTC128F4278ECC,Shakira,Que Me Quedes Tu,latin,TRDXBBP128F1474CFD,Tito El Bambino,Grito Latino,latin,0.7907285289466197
correlation,1,TRQEQHH12903CA6CE5,Shakira,Sombra De Ti,latin,TRHUGTY128F92F1FCE,La 5A Estacion,Ahora Que Te Vas,pop,0.8040094511710674
correlation,2,TRQEQHH12903CA6CE5,Shakira,Sombra De Ti,latin,TRRGVQK128F423B513,Beatriz Luengo,Precisamente Ahora,latin,0.8013854914793814
correlation,3,TRQEQHH12903CA6CE5,Shakira,Sombra De Ti,latin,TRXICIN12903CD26F1,Juniper Moon,Cosas Que Nunca Te Dije,electronic,0.7986021527921374
correlation,1,TRXMTST12903CCD9E1,Shakira,Te Dejo Madrid,latin,TRIXDIY128F425CDB4,Sanalejo,Mujer Calavera,latin,0.7802429872353576
correlation,2,TRXMTST12903CCD9E1,Shakira,Te Dejo Madrid,latin,TRLDVRO128F42941FD,Natalia Oreiro,Basta De Ti,latin,0.7617791144494536
correlation,3,TRXMTST12903CCD9E1,Shakira,Te Dejo Madrid,latin,TROIQZW128F9314A09,Ana Gabriel,Miedo,latin,0.7536627887413007
correlation,1,TRAQEOP12903CA65E2,Shakira,Tú,latin,TRPMUDQ128F425218E,Carlos Vives,19 De Noviembre,latin,0.8326576699948275
correlation,2,TRAQEOP12903CA65E2,Shakira,Tú,latin,TRCTWGR128F9336F07,Jerry Rivera,Tierra Sin Sol,latin,0.8144911071773255
correlation,3,TRAQEOP12903CA65E2,Shakira,Tú,latin,TROBWIG12903CB0FD7,Camila,Entre Tus Alas,latin,0.7858011861848869
correlation,1,TRSRORJ128E0791C74,Enrique Iglesias,La Chica De Ayer,latin,TRGEHSC128F9334DD1,Grupo Niche,Miserable,latin,0.7618343590442122
correlation,2,TRSRORJ128E0791C74,Enrique Iglesias,La Chica De Ayer,latin,TRQNPKL128F9309215,Illya Kuryaki And The Valderramas,Abarajame,hip hop,0.7464535973621116
correlation,3,TRSRORJ128E0791C74,Enrique Iglesias,La Chica De Ayer,latin,TRLQZLU128F42942A7,Alejandra Guzman,Tu Eres Mi Luz,latin,0.743264607679489
correlation,1,TRYDDZE128F92F3B79,Enrique Iglesias,Adicto,latin,TRUGDLC128F428EA24,Aventura,Obsesion (English Remix_ Album Version),latin,0.7900829710289058
correlation,2,TRYDDZE128F92F3B79,Enrique Iglesias,Adicto,latin,TRZQKDS128F92F22F3,Niña Pastori,Cartita de amor,pop,0.7836564000730643
correlation,3,TRYDDZE128F92F3B79,Enrique Iglesias,Adicto,latin,TRHZGZO128F9341C4A,Ricardo Arjona,Animal Nocturno,latin,0.7802368295158556
correlation,1,TREGBAS128F145EC8B,Enrique Iglesias,Al Despertar,latin,TRFCKGO128F92F0C78,Bebe,La Coqueta,latin,0.8003101559540542
correlation,2,TREGBAS128F145EC8B,Enrique Iglesias,Al Despertar,latin,TRENEPN128F148867B,Intocable,Te Extrano,latin,0.7932715756208999
correlation,3,TREGBAS128F145EC8B,Enrique Iglesias,Al Despertar,latin,TRFGZXT128F1492BA2,Panteón Rococó,Buscándote,reggae,0.7922491929960715
correlation,1,TRXQFEE128F145EC9A,Enrique Iglesias,Alguien Como Tú,latin,TRGALDE128F9306AA7,Huey Dunbar,Amor De Siempre,latin,0.6958311274118801
correlation,2,TRXQFEE128F145EC9A,Enrique Iglesias,Alguien Como Tú,latin,TRFGZXT128F1492BA2,Panteón Rococó,Buscándote,reggae,0.684219182148477
correlation,3,TRXQFEE128F145EC9A,Enrique Iglesias,Alguien Como Tú,latin,TRIFSVO128F429F94F,Camilo Sesto,No Sabes Cuanto Te Quiero,latin,0.6628624488217059
correlation,1,TRZGBAF128F145ECA8,Enrique Iglesias,Inalcanzable,latin,TRRKRXC128F4242791,Café Quijano,Vete De Mi,latin,0.7206354216899118
correlation,2,TRZGBAF128F145ECA8,Enrique Iglesias,Inalcanzable,latin,TRNOIDW128F427467E,Chavela Vargas,Tu Me Acostumbraste,latin,0.684390846312438
correlation,3,TRZGBAF128F145ECA8,Enrique Iglesias,Inalcanzable,latin,TRUQGGJ128F427E02B,Enrique Iglesias,Lloro Por Ti,latin,0.6764084466404489
correlation,1,TRUQGGJ128F427E02B,Enrique Iglesias,Lloro Por Ti,latin,TRRKRXC128F4242791,Café Quijano,Vete De Mi,latin,0.8070038367076768
correlation,2,TRUQGGJ128F427E02B,Enrique Iglesias,Lloro Por Ti,latin,TRDYKYQ12903CAD2B8,Reik,Fui,latin,0.7716727929981996
correlation,3,TRUQGGJ128F427E02B,Enrique Iglesias,Lloro Por Ti,latin,TRHPSHA128F92EFD94,Il Divo,Por Ti Seré (You Raise Me Up),classical,0.7565324665969207
correlation,1,TRDEKRZ128E0791C7A,Enrique Iglesias,Mamacita,latin,TRCUPON128F1494547,Fonseca,Sueño,latin,0.7936686321381261
correlation,2,TRDEKRZ128E0791C7A,Enrique Iglesias,Mamacita,latin,TRWBQDG128F4272241,Willie Colon,Guaracha,latin,0.7745757406709248
correlation,3,TRDEKRZ128E0791C7A,Enrique Iglesias,Mamacita,latin,TRRSIYK128F427CCE3,Cabas,La Quejosa,latin,0.7723260289125712
correlation,1,TRFFSMS128F428BC88,Enrique Iglesias,Miss You,latin,TRXDCIY128F93112FB,The Airborne Toxic Event,The Girls In Their Summer Dresses,rock,0.7702333765360796
correlation,2,TRFFSMS128F428BC88,Enrique Iglesias,Miss You,latin,TRLUGVB128F428E704,Tracey Ullman,Breakaway,pop,0.7515335449623122
correlation,3,TRFFSMS128F428BC88,Enrique Iglesias,Miss You,latin,TRURSTR12903CD0F40,KeKe Wyatt,Never Do It Again,r&b/soul,0.728554503609301
correlation,1,TRUPWID128F4215874,Enrique Iglesias,Para De Jugar,latin,TRCYWMK128F14A2343,Los Calzones,Libre,reggae,0.6678334929630991
correlation,2,TRUPWID128F4215874,Enrique Iglesias,Para De Jugar,latin,TRIXDIY128F425CDB4,Sanalejo,Mujer Calavera,latin,0.6013846504476943
correlation,3,TRUPWID128F4215874,Enrique Iglesias,Para De Jugar,latin,TRYTRML128F426A3A9,Gipsy Kings,Madre Mia,latin,0.5978819416236176
correlation,1,TRIIBVP128E0792750,Enrique Iglesias,She Be The One,latin,TRVRZZI128F426846B,Billy Squier,She's A Runner (24-Bit Digitally Remastered 02),rock,0.7362178876869954
correlation,2,TRIIBVP128E0792750,Enrique Iglesias,She Be The One,latin,TRMFKTA128F92FE268,The Bluetones,Carnt Be Trusted,pop,0.7318214011196527
correlation,3,TRIIBVP128E0792750,Enrique Iglesias,She Be The One,latin,TRMTQUU128F1481F2B,Robert Palmer,Too Good To Be True,r&b/soul,0.6811754535586023
correlation,1,TRQMXBD128F145ECA2,Enrique Iglesias,Trapecista,latin,TRHACES128F427CCDE,Cabas,Guacamaya,latin,0.8067290233381389
correlation,2,TRQMXBD128F145ECA2,Enrique Iglesias,Trapecista,latin,TRRUSZX128F1480C9F,El sueño de Morfeo,Sonrisa especial,latin,0.7606556118898024
correlation,3,TRQMXBD128F145ECA2,Enrique Iglesias,Trapecista,latin,TRECXGP128F147CEE8,Kudai,Volar,latin,0.7228805827676636
correlation,1,TREGRRQ128F145EC8D,Enrique Iglesias,Tu Vacio,latin,TREPEYQ128F9334F30,Aventura,Todavía Me Amas,latin,0.8378540706906137
correlation,2,TREGRRQ128F145EC8D,Enrique Iglesias,Tu Vacio,latin,TRFASPF128F4277844,Los Van Van,Quien No Ha Dicho Una Mentira,latin,0.8258469914832168
correlation,3,TREGRRQ128F145EC8D,Enrique Iglesias,Tu Vacio,latin,TRIFSVO128F429F94F,Camilo Sesto,No Sabes Cuanto Te Quiero,latin,0.8202069574987282
correlation,1,TRLILBA128F42158A3,Enrique Iglesias,Volveré,latin,TRJTUMY128F92DC8D1,Joe Veras,Intentalo tu,latin,0.7050780604016608
correlation,2,TRLILBA128F42158A3,Enrique Iglesias,Volveré,latin,TREDWEP128F4233168,Raulin Rodriguez,ya No,latin,0.6973344230025177
correlation,3,TRLILBA128F42158A3,Enrique Iglesias,Volveré,latin,TRXBUFX128F42941F1,Natalia Oreiro,Gitano Corazon,latin,0.6954123686917152
correlation,1,TRBFJPO128F4295BE3,Shakira,Estoy Aquí,latin,TRUSYXT128F423787F,Móveis Coloniais de Acaju,Receio do remorso,reggae,0.7506641275019014
correlation,2,TRBFJPO128F4295BE3,Shakira,Estoy Aquí,latin,TRJNFUT128F933AF9F,Ana Carolina,Rosas,pop,0.7458955440698685
correlation,3,TRBFJPO128F4295BE3,Shakira,Estoy Aquí,latin,TRRHTRT128F931E984,Raimundos,Nêga Jurema,metal,0.7176370241878627
correlation,1,TRCLERB12903CBBC8D,Santana,Life Is Anew,latin,TRPRGEY128F42466DB,Tony Bennett,Because Of You,jazz,0.6892562575485378
correlation,2,TRCLERB12903CBBC8D,Santana,Life Is Anew,latin,TRVWMKK128F422AD41,Assemblage 23,MAPS OF REALITY,pop,0.6394537290294554
correlation,3,TRCLERB12903CBBC8D,Santana,Life Is Anew,latin,TRFBASZ128F42317D3,Dawn of Relic,The Awakening,metal,0.5831553281937357
correlation,1,TRNXCMJ128F4295BC6,Shakira,Donde Estas Corazon,latin,TRMGTKW128F42359E9,Rosana,Nadie mas que yo (directo Las Ventas),latin,0.7576177968446131
correlation,2,TRNXCMJ128F4295BC6,Shakira,Donde Estas Corazon,latin,TRQIRWO128F428787E,Todos Tus Muertos,No Mas Apartheid,reggae,0.7418362874093072
correlation,3,TRNXCMJ128F4295BC6,Shakira,Donde Estas Corazon,latin,TRMFPWC128F42A3887,Mecano,Cenando En Paris,latin,0.7395760097340474
correlation,1,TRNXJGR128F93044E7,Shakira,Octavo Día,latin,TRIOIZQ128F42BBC6C,Malu,Agua De Mayo,latin,0.7681111578529541
correlation,2,TRNXJGR128F93044E7,Shakira,Octavo Día,latin,TRGTGWE128F42ACB3A,Malu,Y Sigo Preguntandome,latin,0.747745246494848
correlation,3,TRNXJGR128F93044E7,Shakira,Octavo Día,latin,TRYFBLW128F428A81A,Joan Manuel Serrat,Mediterraneo,folk,0.7473980585882677
correlation,1,TRJHDIB128F92E5849,Shakira,Te Necesito,latin,TREPEYQ128F9334F30,Aventura,Todavía Me Amas,latin,0.8460525926496923
correlation,2,TRJHDIB128F92E5849,Shakira,Te Necesito,latin,TRUGDLC128F428EA24,Aventura,Obsesion (English Remix_ Album Version),latin,0.8301555782215169
correlation,3,TRJHDIB128F92E5849,Shakira,Te Necesito,latin,TRWHWCD128E0788AF3,Luz Casal,No Te Vayas,blues,0.8281208115115838
correlation,1,TRYQVKS128F4259A11,Santana,Evil Ways,latin,TRVVIWJ128F42697BA,Fat Joe,Preacher On A Sunday Morning,hip hop,0.6727633351225782
correlation,2,TRYQVKS128F4259A11,Santana,Evil Ways,latin,TRENDJC128F42790D9,Amel Larrieux,Sweet Misery,r&b/soul,0.6711500040743393
correlation,3,TRYQVKS128F4259A11,Santana,Evil Ways,latin,TRCJKRP128F14A8FCC,The Monkees,I'll Spend My Life With You,pop,0.6697169677297772
correlation,1,TRSOTQI128E0789132,Pink Martini,Anna (el negro zumbon),latin,TRNIELN128F4275E78,Inti Illimani,El Arado,latin,0.5589757276617511
correlation,2,TRSOTQI128E0789132,Pink Martini,Anna (el negro zumbon),latin,TRVVZFC128F42359E5,Rosana,A fuego lento (directo Las Ventas),latin,0.5495209923490753
correlation,3,TRSOTQI128E0789132,Pink Martini,Anna (el negro zumbon),latin,TRJKOIH12903CE7D34,Thomas Dybdahl,U,pop,0.4981967620562275
correlation,1,TRZHOUV128F9316269,Chavela Vargas,Piensa en mi,latin,TRSRORJ128E0791C74,Enrique Iglesias,La Chica De Ayer,latin,0.6397449352162256
correlation,2,TRZHOUV128F9316269,Chavela Vargas,Piensa en mi,latin,TRKRGBE128EF34AB72,Maelo Ruiz,Asi Eres Tu,latin,0.5873872815717524
correlation,3,TRZHOUV128F9316269,Chavela Vargas,Piensa en mi,latin,TRAQEOP12903CA65E2,Shakira,Tú,latin,0.587070213862815
correlation,1,TRPXMGA128F42A98BA,Santana,Esperando,latin,TRIMKIC128F4271EA8,Nina Simone,My Baby Just Cares For Me,jazz,0.46574794488892324
correlation,2,TRPXMGA128F42A98BA,Santana,Esperando,latin,TRWAHZI12903D075D1,Patty Griffin,Waiting For My Child,country,0.4642737852125457
correlation,3,TRPXMGA128F42A98BA,Santana,Esperando,latin,TRFAWIW128F9318B9B,Doyle Bramhall,Cryin',blues,0.4440639999036593
correlation,1,TRBYMWR128F425DD8E,Beyoncé,Beautiful Liar (Bello Embustero),latin,TRWCDDJ128F9343D91,Frank Reyes,Vine A Decirte Adios,latin,0.6821002016409214
correlation,2,TRBYMWR128F425DD8E,Beyoncé,Beautiful Liar (Bello Embustero),latin,TRRCXJT128F425BB27,Rey Ruiz,No Existe Un Lugar,latin,0.6710903556626281
correlation,3,TRBYMWR128F425DD8E,Beyoncé,Beautiful Liar (Bello Embustero),latin,TRFKPYW128F92F21C5,Shakira,Años Luz,pop,0.6434667545561346
correlation,1,TRPAZDJ128F42881A1,Juanes,Rosario Tijeras,latin,TRRQFHI128F42AC06B,Joan Manuel Serrat,La Aristocracia del Barrio,latin,0.826683958229262
correlation,2,TRPAZDJ128F42881A1,Juanes,Rosario Tijeras,latin,TRRHCOS128F4248193,Tito El Bambino,Sol_ Playa Y Arena,reggae,0.7903248421002729
correlation,3,TRPAZDJ128F42881A1,Juanes,Rosario Tijeras,latin,TRVPQIU128F427CF25,Mercedes Sosa,El Cosechero,latin,0.758359840617118
correlation,1,TRHZGZO128F9341C4A,Ricardo Arjona,Animal Nocturno,latin,TRFASPF128F4277844,Los Van Van,Quien No Ha Dicho Una Mentira,latin,0.883808846480868
correlation,2,TRHZGZO128F9341C4A,Ricardo Arjona,Animal Nocturno,latin,TRPHPAU128F933CF88,El Barrio,Don Manuel Sr. Molina,latin,0.8621295216693504
correlation,3,TRHZGZO128F9341C4A,Ricardo Arjona,Animal Nocturno,latin,TRZKNKR128F146B508,Juan Carlos Baglietto,Cuando,latin,0.8582421817882148
correlation,1,TRDFNLR12903CB0FE4,Camila,Alejate De Mi,latin,TRUGDLC128F428EA24,Aventura,Obsesion (English Remix_ Album Version),latin,0.7841278322562848
correlation,2,TRDFNLR12903CB0FE4,Camila,Alejate De Mi,latin,TRFCKGO128F92F0C78,Bebe,La Coqueta,latin,0.7807775059034003
correlation,3,TRDFNLR12903CB0FE4,Camila,Alejate De Mi,latin,TRTUZCM128F92F0530,Edurne,Aqui Se Termino (Never Forever),pop,0.767810176756978
correlation,1,TROBWIG12903CB0FD7,Camila,Entre Tus Alas,latin,TRPMUDQ128F425218E,Carlos Vives,19 De Noviembre,latin,0.8158806214442489
correlation,2,TROBWIG12903CB0FD7,Camila,Entre Tus Alas,latin,TROIVHS128F931D5F0,Fanny Lu,Es Por Ti,latin,0.798609088748075
correlation,3,TROBWIG12903CB0FD7,Camila,Entre Tus Alas,latin,TRLTIHK128F42521C0,Carlos Vives,Amor Latino,latin,0.7882810532143902
correlation,1,TRDWUTF12903CA9249,Camila,Me Basto,latin,TRWHWCD128E0788AF3,Luz Casal,No Te Vayas,blues,0.6970393645830318
correlation,2,TRDWUTF12903CA9249,Camila,Me Basto,latin,TRENEPN128F148867B,Intocable,Te Extrano,latin,0.690067301120414
correlation,3,TRDWUTF12903CA9249,Camila,Me Basto,latin,TREGBAS128F145EC8B,Enrique Iglesias,Al Despertar,latin,0.686887880097458
correlation,1,TRCRNBS128F9347F55,Camila,Va Para Ti,latin,TRTFDDQ128F932252E,Moenia,Manto Estelar,electronic,0.8178395890882642
correlation,2,TRCRNBS128F9347F55,Camila,Va Para Ti,latin,TRQPNOU128F429488E,Mecano,La Estación,latin,0.7808296081882509
correlation,3,TRCRNBS128F9347F55,Camila,Va Para Ti,latin,TRUSJCP128F9302495,Rey Ruiz,No Me Acostumbro,latin,0.6822611974465039
correlation,1,TRDYKYQ12903CAD2B8,Reik,Fui,latin,TRUQGGJ128F427E02B,Enrique Iglesias,Lloro Por Ti,latin,0.7716727929981996
correlation,2,TRDYKYQ12903CAD2B8,Reik,Fui,latin,TROGMKJ128F92F0924,Gilberto Santa Rosa,No Pense Enamorarme Otra Vez,latin,0.7387701560116818
correlation,3,TRDYKYQ12903CAD2B8,Reik,Fui,latin,TRBMGCF128F42785D0,Canteca de macao,La rabia,latin,0.7303017281159592
correlation,1,TRAYQRI12903CAD2A1,Reik,Ilusionado,latin,TRFCKGO128F92F0C78,Bebe,La Coqueta,latin,0.686390153270202
correlation,2,TRAYQRI12903CAD2A1,Reik,Ilusionado,latin,TRMTPJG128F428F66B,Daddy Yankee,Todos Quieren A Raymond,reggae,0.6720259445806469
correlation,3,TRAYQRI12903CAD2A1,Reik,Ilusionado,latin,TRCUPON128F1494547,Fonseca,Sueño,latin,0.65942684546307
correlation,1,TRGFMTT12903CAD2A2,Reik,Piel De Ciudad,latin,TRKHWEU128F14A1E03,Lynda,Voy A Seguir,latin,0.6220650450528366
correlation,2,TRGFMTT12903CAD2A2,Reik,Piel De Ciudad,latin,TRNTYGF128F9302BD8,Juanes,Tu Y Yo,latin,0.5986533732258907
correlation,3,TRGFMTT12903CAD2A2,Reik,Piel De Ciudad,latin,TRDFNLR12903CB0FE4,Camila,Alejate De Mi,latin,0.5929319239744395
correlation,1,TRJXNZL128F92E54EE,Reik,Quedate,latin,TRCGFAS128F9315CEE,Gilberto Santa Rosa,Ni Te Llamo Ni Te Busco,latin,0.8279530909899673
correlation,2,TRJXNZL128F92E54EE,Reik,Quedate,latin,TREPEYQ128F9334F30,Aventura,Todavía Me Amas,latin,0.8220633955761217
correlation,3,TRJXNZL128F92E54EE,Reik,Quedate,latin,TRTUZCM128F92F0530,Edurne,Aqui Se Termino (Never Forever),pop,0.8118627566400889
correlation,1,TRDOVAF128F93112F7,Animal Collective,Brother Sport,latin,TRKBZBS128F148328F,Fergie,Get Your Hands Up,hip hop,0.5837471954337085
correlation,2,TRDOVAF128F93112F7,Animal Collective,Brother Sport,latin,TRLYAKZ128F42A3750,Ignite,In Moderation,metal,0.5651490092363549
correlation,3,TRDOVAF128F93112F7,Animal Collective,Brother Sport,latin,TRWWVGC12903CB5C50,Depeche Mode,Freestate,electronic,0.5593264021266134
correlation,1,TRVPMSA128F9331D03,Metallica,The Prince,metal,TRSWKNA128F9309B44,Diana Krall,I've Grown Accustomed To His Face,jazz,0.5553501946748282
correlation,2,TRVPMSA128F9331D03,Metallica,The Prince,metal,TRTKXNY12903CB661C,Gil Scott-Heron,Me And The Devil,blues,0.5370830567350969
correlation,3,TRVPMSA128F9331D03,Metallica,The Prince,metal,TRQILML128F4262175,The Pietasters,Crime,reggae,0.52709649977432
correlation,1,TRPCZPE12903CAF5BD,Avenged Sevenfold,Second Heartbeat,metal,TRWUTHA128F423EE32,Rufio,Just a Memory,punk,0.6473704752904105
correlation,2,TRPCZPE12903CAF5BD,Avenged Sevenfold,Second Heartbeat,metal,TRROYWN128F92E41F7,Leon Jackson,A Song For You,jazz,0.6379830512215763
correlation,3,TRPCZPE12903CAF5BD,Avenged Sevenfold,Second Heartbeat,metal,TRCKMDM128F148BEA7,Musiq,Whereareyougoing,r&b/soul,0.6376728308327367
correlation,1,TRNUDHG12903CAF56B,Avenged Sevenfold,To End The Rapture,metal,TRGFZZN128F14530CA,Theatres Des Vampires,Throne Of Dark Immortals,metal,0.5734606966845835
correlation,2,TRNUDHG12903CAF56B,Avenged Sevenfold,To End The Rapture,metal,TRFCNPY128F934AF94,Anacrusis,What You Became,metal,0.553771099779784
correlation,3,TRNUDHG12903CAF56B,Avenged Sevenfold,To End The Rapture,metal,TRBDCVT128F428CB03,Incantation,Apocalyptic Destroyer of Angels,metal,0.5409897585041101
correlation,1,TRJAABI12903CF759F,blessthefall,Witness,metal,TRGLJRY128F14841E2,Brand New Heavies_ The,"You Are The Universe (Roger's Universal 7"" Edit)",jazz,0.7550326775457146
correlation,2,TRJAABI12903CF759F,blessthefall,Witness,metal,TRECPVN128F4220E22,Chiasm,Incision,electronic,0.753640058016956
correlation,3,TRJAABI12903CF759F,blessthefall,Witness,metal,TRQYUKJ12903C9A1CE,Kevin Devine,It's Only Your Life,folk,0.751673125308514
correlation,1,TRREMAP128F42983BD,HIM,Heartache Every Moment,metal,TRETXJR128F422B4E0,Final Fantasy,The Miner Becomes Forgetful,folk,0.555133110051583
correlation,2,TRREMAP128F42983BD,HIM,Heartache Every Moment,metal,TRUQTEZ128F9314E5D,Reckless Kelly,Broken Heart,country,0.5440784501995997
correlation,3,TRREMAP128F42983BD,HIM,Heartache Every Moment,metal,TROMMRU128F4250C74,Classified,All About U,hip hop,0.5403661666619634
correlation,1,TRFRDZW128F429C337,HIM,Sigillum Diaboli,metal,TRMEKRF12903CC80A6,Bouncing Souls_ The,Pervert,electronic,0.7617312197365015
correlation,2,TRFRDZW128F429C337,HIM,Sigillum Diaboli,metal,TRGEZSO128F426268D,Joe Henry,Sold,pop,0.7504284091754644
correlation,3,TRFRDZW128F429C337,HIM,Sigillum Diaboli,metal,TRQMGEQ128F145F0AF,Gang Starr,Gotta Get Over (Taking Loot) (Explicit),hip hop,0.7375985211391798
correlation,1,TRHVUCJ128F934B68C,As I Lay Dying,Refined By Your Embrace,metal,TRKVZXR128F429035D,Jay-Jay Johanson,I fantasize of you,electronic,0.77034449485427
correlation,2,TRHVUCJ128F934B68C,As I Lay Dying,Refined By Your Embrace,metal,TRTVTYS128E0792887,Eminem,Rabbit Run,hip hop,0.7545167557102096
correlation,3,TRHVUCJ128F934B68C,As I Lay Dying,Refined By Your Embrace,metal,TRPYPOE128F4248543,KATAKLYSM,Beyond Salvation,metal,0.7484882701172534
correlation,1,TRIBZVH128F934B68D,As I Lay Dying,The Innocence Spilled,metal,TRTQSPW128F147714F,Dashboard Confessional,The End Of An Anchor,punk,0.6282569847458269
correlation,2,TRIBZVH128F934B68D,As I Lay Dying,The Innocence Spilled,metal,TRABYAR128F931B1A4,Robben Ford,Something For The Pain,blues,0.6145886713221989
correlation,3,TRIBZVH128F934B68D,As I Lay Dying,The Innocence Spilled,metal,TRNQCSM128F930C97C,Dominici,So Help Me God,electronic,0.5890386617071743
correlation,1,TRZOLOQ128F428FA00,August Burns Red,An American Dream,metal,TRHVGTM128F148D772,Silje Nergaard,This Is Not America,jazz,0.5202757631751371
correlation,2,TRZOLOQ128F428FA00,August Burns Red,An American Dream,metal,TRWCLUA12903CFEFCD,Poisonblack,Bear The Cross,metal,0.5019947799932485
correlation,3,TRZOLOQ128F428FA00,August Burns Red,An American Dream,metal,TRCGSQQ128F42A352E,Against All Authority,Threat,reggae,0.49583312061522816
correlation,1,TRFQWAQ128F14B084D,Underoath,The Changing Of Times,metal,TRCKMDM128F148BEA7,Musiq,Whereareyougoing,r&b/soul,0.7310229209739075
correlation,2,TRFQWAQ128F14B084D,Underoath,The Changing Of Times,metal,TRYDNTB128F9331278,Ginuwine,Only When ur Lonely,r&b/soul,0.7195886914474376
correlation,3,TRFQWAQ128F14B084D,Underoath,The Changing Of Times,metal,TRLQBZP12903CECC4A,Hello Saferide,Get Sick Soon,folk,0.7172162374203552
correlation,1,TRLKWJA128F92E154E,Haste The Day,Autumn,metal,TRNGQKV12903CD0AB4,Texta,Sprachbarrieren,hip hop,0.55247288733089
correlation,2,TRLKWJA128F92E154E,Haste The Day,Autumn,metal,TRSMEAQ128F931801D,Jupiter Jones,Auf das Leben,folk,0.5248169877476859
correlation,3,TRLKWJA128F92E154E,Haste The Day,Autumn,metal,TRJSFMG128F4294A6B,Samy Deluxe,Viel Mehr,hip hop,0.5115900473878546
correlation,1,TRNQSWR128EF34375F,Haste The Day,Chorus Of Angels,metal,TRDGKXL128E07831AA,Ed Harcourt,Fireflies Take Flight,folk,0.43957041079605447
correlation,2,TRNQSWR128EF34375F,Haste The Day,Chorus Of Angels,metal,TRYQAJC128F145A2CF,Röyksopp,Remind Me (Live),electronic,0.4193425187427226
correlation,3,TRNQSWR128EF34375F,Haste The Day,Chorus Of Angels,metal,TRXKZQN128F149CB73,Vienna Teng,Now Three,folk,0.4062167563495514
correlation,1,TRGQLSE128F93257D8,Demon Hunter,Follow The Wolves,metal,TRVHRFD12903CB432F,Goatwhore,Vengeance of Demonic Fury,metal,0.5196779931005638
correlation,2,TRGQLSE128F93257D8,Demon Hunter,Follow The Wolves,metal,TRFLTPL128F429D92D,Sandy Denny,Full Moon,folk,0.5149723665996193
correlation,3,TRGQLSE128F93257D8,Demon Hunter,Follow The Wolves,metal,TRIILYW12903CDF75C,Akercocke,Son Of The Morning,metal,0.48000789239989955
correlation,1,TRCAWAA128F93257D1,Demon Hunter,I Am You,metal,TRYJFOZ12903CDCBD8,Kingston Falls,The Weak Shall Prevail,metal,0.5675331097085575
correlation,2,TRCAWAA128F93257D1,Demon Hunter,I Am You,metal,TRDIJKP12903CDCAF4,For Today,Redemption,metal,0.5524728426306025
correlation,3,TRCAWAA128F93257D1,Demon Hunter,I Am You,metal,TRCBAMW128EF3435A0,Seventh Day Slumber,Burning Bridges,rock,0.5507606502170144
correlation,1,TRWPRIF128EF34B8F8,Demon Hunter,The Science Of Lies,metal,TRVWTVK128F429AAAB,Immortal Technique,The 4th Branch,hip hop,0.6672434125699654
correlation,2,TRWPRIF128EF34B8F8,Demon Hunter,The Science Of Lies,metal,TRFIFYV128F93556D2,Sebadoh,Showtape '91,electronic,0.6039764374246146
correlation,3,TRWPRIF128EF34B8F8,Demon Hunter,The Science Of Lies,metal,TRMGICM128F92E2AB8,Andrew Lloyd Webber,Masquerade,classical,0.5925505558179088
correlation,1,TRKLLYD128F4273FF4,Ozzy Osbourne,Slow Down,metal,TRKVLUS128EF345FD0,Field Music,You're Not Supposed To,r&b/soul,0.702497659728241
correlation,2,TRKLLYD128F4273FF4,Ozzy Osbourne,Slow Down,metal,TRPBTSJ128F42A3168,Harry Belafonte,Angelina,latin,0.7008287647691577
correlation,3,TRKLLYD128F4273FF4,Ozzy Osbourne,Slow Down,metal,TRMGLTT128F4275DDF,The Plasmatics,You're A Zombie,punk,0.7003670395015376
correlation,1,TRQJQNX128F4266704,Ozzy Osbourne,Steal Away (The Night),metal,TRDAJVD128F9303C8D,Manic Street Preachers,Further Away,rock,0.6365034119132614
correlation,2,TRQJQNX128F4266704,Ozzy Osbourne,Steal Away (The Night),metal,TRBIVSX128F145C183,Incognito,Chase The Clouds Away,jazz,0.616078815445295
correlation,3,TRQJQNX128F4266704,Ozzy Osbourne,Steal Away (The Night),metal,TRNXDRD128F92DCE10,Burt Bacharach,The Look Of Love,jazz,0.603238194439738
correlation,1,TRYIKZR128E0783C64,Megadeth,Black Curtains (2004 Digital Remaster),metal,TRLNVUY128F1468C64,Ima Robot,Black Jettas,rock,0.5821581750969703
correlation,2,TRYIKZR128E0783C64,Megadeth,Black Curtains (2004 Digital Remaster),metal,TRYWIXE128F9353971,Martin Sexton,Black Sheep,folk,0.5772949172585304
correlation,3,TRYIKZR128E0783C64,Megadeth,Black Curtains (2004 Digital Remaster),metal,TRQNGIX12903CF36EB,Joan Baez,Black Is The Color,folk,0.5731883024924027
correlation,1,TRIOZOZ128F92FA0C2,Megadeth,Die Dead Enough,metal,TRGLGNR128F1487A6F,Manafest,Runaway,hip hop,0.7562206472032927
correlation,2,TRIOZOZ128F92FA0C2,Megadeth,Die Dead Enough,metal,TRRQENX128E078E5E2,Deep Dish,Awake Enough,electronic,0.7455293784764371
correlation,3,TRIOZOZ128F92FA0C2,Megadeth,Die Dead Enough,metal,TRFWLDO128F93613DF,Joe Bonamassa,Ball Peen Hammer,blues,0.7382286680954162
correlation,1,TRUHHWN128F93045BA,Drowning Pool,Bodies,metal,TRRINDX128F426FFC7,Lisa Lisa & Cult Jam,Let The Beat Hit 'Em,r&b/soul,0.38572449862733393
correlation,2,TRUHHWN128F93045BA,Drowning Pool,Bodies,metal,TRJALGV12903D0447E,Dean Martin,Let Me Go Lover,jazz,0.3791450977045843
correlation,3,TRUHHWN128F93045BA,Drowning Pool,Bodies,metal,TRSUMJS12903CA98EE,Jessica Mauboy,Let Me Be Me,r&b/soul,0.3278864198538144
correlation,1,TRJHNLI128F934B2CA,Cannibal Corpse,Rotting Head,metal,TRWYKJO128F9321804,Moonsorrow,Tuleen Ajettu Maa,metal,0.6553058792971728
correlation,2,TRJHNLI128F934B2CA,Cannibal Corpse,Rotting Head,metal,TRVHRFD12903CB432F,Goatwhore,Vengeance of Demonic Fury,metal,0.6524107357156338
correlation,3,TRJHNLI128F934B2CA,Cannibal Corpse,Rotting Head,metal,TRJGIKY128F934B6AC,Goatwhore,Bloodletting Upon The Cloven Hoof,metal,0.6144605707405384
correlation,1,TRQGFHN128F428643E,Slipknot,Gehenna,metal,TRIWDKR128F429D9EE,Common,I Want You,hip hop,0.6942820223995645
correlation,2,TRQGFHN128F428643E,Slipknot,Gehenna,metal,TRYYRLU12903D082FF,Jonny Lang,Breakin Me,blues,0.6675026216571412
correlation,3,TRQGFHN128F428643E,Slipknot,Gehenna,metal,TRGXDVA128F9350A48,Psapp,I Want That,electronic,0.6559545034297862
correlation,1,TRHCDHI128F92C4B9B,Slipknot,[sic] [Explicit],metal,TRNHSZN128F930FF03,Clawfinger,Revenge,metal,0.7982978490055839
correlation,2,TRHCDHI128F92C4B9B,Slipknot,[sic] [Explicit],metal,TRBIMOX128F425EC2B,Shayne Ward,Tangled Up,r&b/soul,0.7895135957122278
correlation,3,TRHCDHI128F92C4B9B,Slipknot,[sic] [Explicit],metal,TROUCXE128F426B6E7,Weeping Willows,Your Eyes,pop,0.7886139921785608
correlation,1,TRVHKNP128F429DDCE,Nine Inch Nails,Gunshots by Computer,metal,TRQWDLC128F93278E5,Lauryn Hill,Ex-Factor,r&b/soul,0.516880883805293
correlation,2,TRVHKNP128F429DDCE,Nine Inch Nails,Gunshots by Computer,metal,TRLBPSP128C719660D,Grace Jones,Nipple To The Bottle,r&b/soul,0.5007177731307275
correlation,3,TRVHKNP128F429DDCE,Nine Inch Nails,Gunshots by Computer,metal,TRYGDDQ128F42653A4,Above The Law,Untouchable,hip hop,0.4999485310299561
correlation,1,TREFLCZ128F4236589,Killswitch Engage,Hope Is... (Album Version),metal,TRZYFBE12903C9B44E,Supreme Majesty,Heroes Of Our Land,metal,0.6246646920627751
correlation,2,TREFLCZ128F4236589,Killswitch Engage,Hope Is... (Album Version),metal,TRAVDBM128EF35E257,Ella Fitzgerald,Manhattan,jazz,0.5633799221145604
correlation,3,TREFLCZ128F4236589,Killswitch Engage,Hope Is... (Album Version),metal,TRFXOCI128F42972B5,Alexisonfire,We Are the End,metal,0.5335869830557806
correlation,1,TRQFRJG128F4260199,Opeth,The Moor,metal,TRFLQUL128F93196AF,Saul Williams,Elohim (1972),hip hop,0.7603160204056187
correlation,2,TRQFRJG128F4260199,Opeth,The Moor,metal,TRYKZBN128F427BC7B,Autopsy,Skullptures,metal,0.7259657657705183
correlation,3,TRQFRJG128F4260199,Opeth,The Moor,metal,TRNVKOI128E0799173,Snoop Dogg,Snoopafella (Edited),hip hop,0.7223625933448872
correlation,1,TRMFSTL128F427B6C1,Atreyu,This Flesh A Tomb (Instrumental Version),metal,TREUANG12903CF5E8E,Crotchduster,Let Me Into Starfish Land,metal,0.756216069073431
correlation,2,TRMFSTL128F427B6C1,Atreyu,This Flesh A Tomb (Instrumental Version),metal,TRPOHPA128F148B0EF,Matt Nathanson,Bent,folk,0.755672706851537
correlation,3,TRMFSTL128F427B6C1,Atreyu,This Flesh A Tomb (Instrumental Version),metal,TRGLGNR128F1487A6F,Manafest,Runaway,hip hop,0.7554985052223772
correlation,1,TRALERK12903CDCAFD,For Today,A Higher Standard,metal,TRNDRMY128E0792507,MxPx,It's Undeniable,punk,0.6853663724168718
correlation,2,TRALERK12903CDCAFD,For Today,A Higher Standard,metal,TRVFYVC128F426D705,Basia,Prime Time TV,jazz,0.6722792022799848
correlation,3,TRALERK12903CDCAFD,For Today,A Higher Standard,metal,TRYXRXL128F427F13A,Robbie Williams,It's De-Lovely,jazz,0.6546935110729438
correlation,1,TRDIJKP12903CDCAF4,For Today,Redemption,metal,TRIWYZR128F92D289A,I Am Ghost,So_ I Guess This Is Goodbye,metal,0.6154378684274533
correlation,2,TRDIJKP12903CDCAF4,For Today,Redemption,metal,TRBZXAC12903CBB0CE,Atmosphere,Happymess,hip hop,0.6116074730362451
correlation,3,TRDIJKP12903CDCAF4,For Today,Redemption,metal,TROAPHC12903CF8CCB,Despised Icon,Furtive Monologue,metal,0.6095927644683622
correlation,1,TRZQYIJ128F92E7F49,Lamb Of God,We Die Alone (Bonus Track),metal,TRHYEBV12903CE8274,Lifetime,Daneurysm,metal,0.5794771985190527
correlation,2,TRZQYIJ128F92E7F49,Lamb Of God,We Die Alone (Bonus Track),metal,TRUAOIK128F92EFCE7,Kaizers Orchestra,Die Polizei,rock,0.5459137220887187
correlation,3,TRZQYIJ128F92E7F49,Lamb Of God,We Die Alone (Bonus Track),metal,TRORNTH12903CC53F0,Suicide Commando,Dead March,electronic,0.5408325846085004
correlation,1,TRMYVVL128F92E865E,STRATOVARIUS,Elements,metal,TRDWWFQ12903CDB482,Spiral Architect,Fountainhead,metal,0.5643511611369199
correlation,2,TRMYVVL128F92E865E,STRATOVARIUS,Elements,metal,TRRMQYQ128F42765E7,Ziggy Marley And The Melody Makers,13 Months Of Sunshine,reggae,0.5587545182408162
correlation,3,TRMYVVL128F92E865E,STRATOVARIUS,Elements,metal,TRLXCIQ128F429142D,BAL-SAGOTH,The chronicle of shadows,metal,0.5425058639766567
correlation,1,TRIKFKO128F426A6FC,STRATOVARIUS,Know The Difference,metal,TRFUZAA128F428227C,Sara Groves,What Do I Know,pop,0.5608945283513979
correlation,2,TRIKFKO128F426A6FC,STRATOVARIUS,Know The Difference,metal,TRUQRFW128F145877E,Julia Fordham,Genius,electronic,0.5510214489163546
correlation,3,TRIKFKO128F426A6FC,STRATOVARIUS,Know The Difference,metal,TRSAGOE128F4260C77,John Legend,I Can Change,r&b/soul,0.5414909375099126
correlation,1,TRJAFPP128F426AB25,System of a Down,Peephole,metal,TRDEPRW128F1456EB0,Concrete Blonde,It's Only Money,rock,0.6208140134342528
correlation,2,TRJAFPP128F426AB25,System of a Down,Peephole,metal,TRWDXEZ128F424A74E,Jeff Healey,It's Only Money,blues,0.6208140134342528
correlation,3,TRJAFPP128F426AB25,System of a Down,Peephole,metal,TRMWREY128F427FCAD,Ian Van Dahl,Castles In The Sky,electronic,0.6053955509406341
correlation,1,TRYMCCD128F421CD27,Children Of Bodom,Hellhounds on My Trail,metal,TRSTSNL128E0781C06,The Sundays,My Finest Hour,pop,0.7185938175801562
correlation,2,TRYMCCD128F421CD27,Children Of Bodom,Hellhounds on My Trail,metal,TRWLKBS12903CC57D7,Good Old War,Tell Me (Acoustic),folk,0.7117842712995375
correlation,3,TRYMCCD128F421CD27,Children Of Bodom,Hellhounds on My Trail,metal,TRYXJHS128F429E02B,Permanent Me,Heartattack,punk,0.7086845694897024
correlation,1,TRVIFKS128F426813A,Children Of Bodom,No Commands,metal,TRHTXYK128F4293EEC,Kosheen,Pride,electronic,0.7190860717153221
correlation,2,TRVIFKS128F426813A,Children Of Bodom,No Commands,metal,TRXDCIY128F93112FB,The Airborne Toxic Event,The Girls In Their Summer Dresses,rock,0.6929569638575268
correlation,3,TRVIFKS128F426813A,Children Of Bodom,No Commands,metal,TRZZKOL128F93112EF,Animal Collective,No More Runnin,electronic,0.6732635960442146
correlation,1,TRLHJMW128F1493BA1,Tori Amos,Mother (2006 Remastered Alternate Mix),metal,TRDPGXU128F9339C2A,Beastie Boys,B-Boy Bouillabaisse: A.W.O.L. (2009 Digital Remaster),hip hop,0.6781064580343249
correlation,2,TRLHJMW128F1493BA1,Tori Amos,Mother (2006 Remastered Alternate Mix),metal,TRKAIVZ128E07944DB,Parliament,Mr. Wiggles,r&b/soul,0.6660451523952855
correlation,3,TRLHJMW128F1493BA1,Tori Amos,Mother (2006 Remastered Alternate Mix),metal,TRRYRGF128F42934E3,Sage Francis,Clickety Clack,hip hop,0.6589298874105369
correlation,1,TRZGXNM128F1451ADF,Iron Maiden,Lord Of The Flies (Live In Dortmund),metal,TRPIXDK128F92FAD24,The Starting Line,Photography,punk,0.6413408846177118
correlation,2,TRZGXNM128F1451ADF,Iron Maiden,Lord Of The Flies (Live In Dortmund),metal,TRNPTEG128F4226F32,Pigeon John,Growin' Old,hip hop,0.6270552968291543
correlation,3,TRZGXNM128F1451ADF,Iron Maiden,Lord Of The Flies (Live In Dortmund),metal,TRKKSER128F4241C16,Pretty Maids,Perfect Stranger,metal,0.611563286914222
correlation,1,TROGUOT128F147F39A,Iron Maiden,Phantom Of The Opera (Live) (1998 Digital Remaster),metal,TRZBPGN128F92EDF7E,HELLYEAH,Nausea,metal,0.8406231946758717
correlation,2,TROGUOT128F147F39A,Iron Maiden,Phantom Of The Opera (Live) (1998 Digital Remaster),metal,TRPBTSJ128F42A3168,Harry Belafonte,Angelina,latin,0.837130669176573
correlation,3,TROGUOT128F147F39A,Iron Maiden,Phantom Of The Opera (Live) (1998 Digital Remaster),metal,TRDENDW128F42747AE,Delta Goodrem,Predictable,pop,0.8348878714500703
correlation,1,TRJYSJS128EF356B75,Ill Niño,Re-Birth,metal,TREOUWD128F14903BB,Sean Lennon,Into The Sun,jazz,0.8338938474189698
correlation,2,TRJYSJS128EF356B75,Ill Niño,Re-Birth,metal,TRRBFPC12903CDF853,The Berzerker,All About You,metal,0.7416617882204958
correlation,3,TRJYSJS128EF356B75,Ill Niño,Re-Birth,metal,TRVWFVQ128F9316F97,Avant,Out of Character,blues,0.7410632597529271
correlation,1,TRSUANW128F930BD52,Kamelot,This Pain,metal,TRETTPG128F9343EE4,Organized Konfusion,Releasing Hypnotical Gases,hip hop,0.5750933171604625
correlation,2,TRSUANW128F930BD52,Kamelot,This Pain,metal,TRGQBAX128F426EFCA,Bob Dylan,Ballad In Plain D,folk,0.5724776268885803
correlation,3,TRSUANW128F930BD52,Kamelot,This Pain,metal,TRVCMKE128F42454CC,Less Than Jake,Abandon Ship,reggae,0.5659868946676443
correlation,1,TRRIRCF128F426A606,Michael Jackson,You Are Not Alone,pop,TRYLMXY128C71967B6,New Found Glory,Dressed To Kill,punk,0.7811525199246103
correlation,2,TRRIRCF128F426A606,Michael Jackson,You Are Not Alone,pop,TRPDVBK128F92FFEA1,Royksopp,You Don't Have A Clue,electronic,0.7752268528358779
correlation,3,TRRIRCF128F426A606,Michael Jackson,You Are Not Alone,pop,TRJMIIA128F42A34AE,G4,To Where You Are,classical,0.7668680646454322
correlation,1,TREUPHA128F4278F34,Michael Jackson,Baby Be Mine,pop,TRZNHJN128F4293FC2,Kelly Clarkson,Anytime,pop,0.7605082734012728
correlation,2,TREUPHA128F4278F34,Michael Jackson,Baby Be Mine,pop,TRANDPI128F425AF41,Alice Smith,Dream,r&b/soul,0.7570053656774928
correlation,3,TREUPHA128F4278F34,Michael Jackson,Baby Be Mine,pop,TRVVIWJ128F42697BA,Fat Joe,Preacher On A Sunday Morning,hip hop,0.726083017560977
correlation,1,TRQAWKR128F425EEC3,Michael Jackson,Man In The Mirror,pop,TRJEAVP128F42B83F0,Petey Pablo,Show Me The Money,hip hop,0.5718009748687536
correlation,2,TRQAWKR128F425EEC3,Michael Jackson,Man In The Mirror,pop,TRMJBIJ128F93391B9,Bow Wow,Sunshine,hip hop,0.5643738229200924
correlation,3,TRQAWKR128F425EEC3,Michael Jackson,Man In The Mirror,pop,TRPHUZK128F146A63D,Lucy Pearl,LaLa,r&b/soul,0.5411750827220274
correlation,1,TRCYAYD128F92F3758,Michael Jackson,Why You Wanna Trip On Me,pop,TRJKOIH12903CE7D34,Thomas Dybdahl,U,pop,0.6201604165101645
correlation,2,TRCYAYD128F92F3758,Michael Jackson,Why You Wanna Trip On Me,pop,TRPOYGS128F426BF0C,Bessie Smith,Thinking Blues,blues,0.5978789187092516
correlation,3,TRCYAYD128F92F3758,Michael Jackson,Why You Wanna Trip On Me,pop,TRMBQDJ128F425F283,George Ducas,Shame On Me,country,0.5962427569999827
correlation,1,TRGJXNX128F92F8757,Ke$ha,TiK ToK,pop,TRKGULH128F428C170,Mobb Deep,Trife Life,hip hop,0.6667075262446355
correlation,2,TRGJXNX128F92F8757,Ke$ha,TiK ToK,pop,TRQGOOD128F429CD06,Spice Girls,Ain't No Stopping Us Now,r&b/soul,0.6613966525856594
correlation,3,TRGJXNX128F92F8757,Ke$ha,TiK ToK,pop,TRWFXWM128F148D2D1,Warren G,We Brings Heat,hip hop,0.6211762592265203
correlation,1,TRNQDAJ128F92F4AE0,Maroon 5,Nothing Lasts Forever,pop,TRRXHUS128F4289B89,Useless I.D.,It's Alright,punk,0.6977854778434944
correlation,2,TRNQDAJ128F92F4AE0,Maroon 5,Nothing Lasts Forever,pop,TRWNUXN128F93095BF,Angela Bofill,I Try,r&b/soul,0.6288350588610053
correlation,3,TRNQDAJ128F92F4AE0,Maroon 5,Nothing Lasts Forever,pop,TRBEBJO128C719646B,Nelly,Splurge,hip hop,0.6256400206416624
correlation,1,TRHKYKI128E07921BC,Enrique Iglesias,Roamer,pop,TROSKLK128F145806A,Us3,It's Like That,jazz,0.7552979748719196
correlation,2,TRHKYKI128E07921BC,Enrique Iglesias,Roamer,pop,TRCHZXW128E079288A,Eminem,8 Mile,hip hop,0.7517455508574973
correlation,3,TRHKYKI128E07921BC,Enrique Iglesias,Roamer,pop,TRNDOZZ128F92F336C,Dead Prez,Fucked Up,hip hop,0.7362588804630859
correlation,1,TRTJYFF128F9340CA9,Jason Mraz,Live High (Album Version),pop,TRIRFPC128E0792392,Blackstreet,Black & White,hip hop,0.5000502692115266
correlation,2,TRTJYFF128F9340CA9,Jason Mraz,Live High (Album Version),pop,TRPHJTC128F92D2883,Jolie Holland,Mexico City,folk,0.4874932228678
correlation,3,TRTJYFF128F9340CA9,Jason Mraz,Live High (Album Version),pop,TRTQGTZ128E079387E,The Brian Setzer Orchestra,Let's Live It Up,jazz,0.4602619194631
correlation,1,TRMBGMX128F92FD769,Mariah Carey,Did I Do That?,pop,TROSAQJ128F92D308C,Charlie Wilson,What You Do To Me,r&b/soul,0.799076867561665
correlation,2,TRMBGMX128F92FD769,Mariah Carey,Did I Do That?,pop,TRGLJRY128F14841E2,Brand New Heavies_ The,"You Are The Universe (Roger's Universal 7"" Edit)",jazz,0.7631379539420368
correlation,3,TRMBGMX128F92FD769,Mariah Carey,Did I Do That?,pop,TRBJXPW128F428D3CD,A Tribe Called Quest,The Hop,hip hop,0.7616972696340055
correlation,1,TRWMZQL128F9306DCB,Mariah Carey,I'll Be There,pop,TRPDWLW128F424DF76,RyanDan,I'll Be There,classical,0.9570638510280589
correlation,2,TRWMZQL128F9306DCB,Mariah Carey,I'll Be There,pop,TRKRUNZ128E0784AC1,Ben Harper And The Blind Boys Of Alabama,There Will Be A Light,blues,0.7905674614617495
correlation,3,TRWMZQL128F9306DCB,Mariah Carey,I'll Be There,pop,TRWKDZE128F1451EAC,The Dells,It's All Up To You,r&b/soul,0.7835298542592523
correlation,1,TRRIZDV128F92C1F17,Natasha Bedingfield,I Think They're Thinking - Interlude,pop,TRQGVKY12903CDE8FD,The Bastard Fairies,Guns And Dolls,rock,0.5694845570718672
correlation,2,TRRIZDV128F92C1F17,Natasha Bedingfield,I Think They're Thinking - Interlude,pop,TRXMQNH128F4287D61,Whitney Houston,Thinking About You,pop,0.5649859531015338
correlation,3,TRRIZDV128F92C1F17,Natasha Bedingfield,I Think They're Thinking - Interlude,pop,TRHEDYV128F14856FC,Cherish,Oooh,r&b/soul,0.5641155363161771
correlation,1,TREXAZN128F425A825,Natasha Bedingfield,Silent Movie,pop,TRXYPVB12903CD976E,Ricky Nelson,Mighty Good,rock,0.708094771581104
correlation,2,TREXAZN128F425A825,Natasha Bedingfield,Silent Movie,pop,TRDENDW128F42747AE,Delta Goodrem,Predictable,pop,0.6978586134139796
correlation,3,TREXAZN128F425A825,Natasha Bedingfield,Silent Movie,pop,TRPDVBK128F92FFEA1,Royksopp,You Don't Have A Clue,electronic,0.6955586950005654
correlation,1,TRFYGMB128F425A7A2,Natasha Bedingfield,Stumble,pop,TREIEOO128F42B0099,Chris Brown,Ain't No Way (You Won't Love Me),r&b/soul,0.826400554670768
correlation,2,TRFYGMB128F425A7A2,Natasha Bedingfield,Stumble,pop,TRNHSZN128F930FF03,Clawfinger,Revenge,metal,0.822881303613571
correlation,3,TRFYGMB128F425A7A2,Natasha Bedingfield,Stumble,pop,TRZCHKB128F92CB740,Anastacia,Club Megamix,rock,0.8178670161623098
correlation,1,TRSRDVR128F92E6CF4,Enrique Iglesias,Heroe,pop,TRNHATG128F428BC8A,Enrique Iglesias,Little Girl,pop,0.995411018780816
correlation,2,TRSRDVR128F92E6CF4,Enrique Iglesias,Heroe,pop,TRLQBZP12903CECC4A,Hello Saferide,Get Sick Soon,folk,0.7844123410835854
correlation,3,TRSRDVR128F92E6CF4,Enrique Iglesias,Heroe,pop,TRAQOZG128F4263EE2,Level 42,To Be With You Again,pop,0.7607457760687083
correlation,1,TRNHATG128F428BC8A,Enrique Iglesias,Little Girl,pop,TRSRDVR128F92E6CF4,Enrique Iglesias,Heroe,pop,0.995411018780816
correlation,2,TRNHATG128F428BC8A,Enrique Iglesias,Little Girl,pop,TRLQBZP12903CECC4A,Hello Saferide,Get Sick Soon,folk,0.7799721965660328
correlation,3,TRNHATG128F428BC8A,Enrique Iglesias,Little Girl,pop,TRAQOZG128F4263EE2,Level 42,To Be With You Again,pop,0.7645189525473068
correlation,1,TREMCSO128F4215877,Enrique Iglesias,Ruleta Rusa,pop,TROOIOM128F423D00D,Luis Miguel,La Media Vuelta,latin,0.7549448460135623
correlation,2,TREMCSO128F4215877,Enrique Iglesias,Ruleta Rusa,pop,TRDEIBZ128F14A2336,Karamelo Santo,Sacrificio,rock,0.753883448506291
correlation,3,TREMCSO128F4215877,Enrique Iglesias,Ruleta Rusa,pop,TRQEFSL12903CAAC57,Johnny Prez,Entra,reggae,0.7437941526091719
correlation,1,TRMMVPU128F145EC99,Enrique Iglesias,Contigo,pop,TRYQYFV128F4243793,Buena Vista Social Club,Candela,latin,0.7256498183406819
correlation,2,TRMMVPU128F145EC99,Enrique Iglesias,Contigo,pop,TRASCZE128F4234D85,Ricardo Montaner,En el último lugar del mundo,latin,0.7186265787581537
correlation,3,TRMMVPU128F145EC99,Enrique Iglesias,Contigo,pop,TRTSIYO128F9339267,Atahualpa Yupanqui,Milonga Del Solitario,folk,0.7133281137274479
correlation,1,TRFKPYW128F92F21C5,Shakira,Años Luz,pop,TRUGDLC128F428EA24,Aventura,Obsesion (English Remix_ Album Version),latin,0.8448204165353101
correlation,2,TRFKPYW128F92F21C5,Shakira,Años Luz,pop,TRKFYYC128F9342443,Ana Gabriel,Clemencia,latin,0.8344049196672053
correlation,3,TRFKPYW128F92F21C5,Shakira,Años Luz,pop,TRIBWOP128F92E4E17,La 5A Estacion,Algo Mas,latin,0.8319353726922628
correlation,1,TRCUKHR128F92DF656,Sara Bareilles,Love Song,pop,TREIEOO128F42B0099,Chris Brown,Ain't No Way (You Won't Love Me),r&b/soul,0.8102715332769618
correlation,2,TRCUKHR128F92DF656,Sara Bareilles,Love Song,pop,TRNHSZN128F930FF03,Clawfinger,Revenge,metal,0.7885339231925955
correlation,3,TRCUKHR128F92DF656,Sara Bareilles,Love Song,pop,TRHMLCK128F93085F2,Jeff Timmons,Can't You See,pop,0.7850346120125856
correlation,1,TRDLWAP128F428F6B9,Christina Aguilera,Candyman,pop,TROFSLV128F92E389A,Binary Star,Wolfman Jack,hip hop,0.6312732669389756
correlation,2,TRDLWAP128F428F6B9,Christina Aguilera,Candyman,pop,TRTLLMP128F9307700,Bellamy Brothers,Old Hippie,country,0.6214458595136149
correlation,3,TRDLWAP128F428F6B9,Christina Aguilera,Candyman,pop,TRMQMTC128F428A516,Bad Religion,Automatic Man (Album Version),punk,0.6136401008442066
correlation,1,TRPEWXU12903CE6EA2,Selena Gomez & The Scene,Tell Me Something I Don't Know,pop,TROKPEY128F4293061,Faithless,Salva Mea,electronic,0.7588440151627113
correlation,2,TRPEWXU12903CE6EA2,Selena Gomez & The Scene,Tell Me Something I Don't Know,pop,TRDIYGM128F425B1F1,Willie Nelson,All Of Me,country,0.7425361450786618
correlation,3,TRPEWXU12903CE6EA2,Selena Gomez & The Scene,Tell Me Something I Don't Know,pop,TRCDUMA128F427D458,Nancy Sinatra,Flowers On The Wall,pop,0.7086726376355738
correlation,1,TRAYJOF128F92F9EEA,Kelly Clarkson,Cry,pop,TRKLJAG128F42B31CF,Mario Vazquez,Everytime I...,r&b/soul,0.8178212504789678
correlation,2,TRAYJOF128F92F9EEA,Kelly Clarkson,Cry,pop,TROLRDM128F146C6E0,Corinne Bailey Rae,I'd Like To,r&b/soul,0.7973045189921678
correlation,3,TRAYJOF128F92F9EEA,Kelly Clarkson,Cry,pop,TRSTJFQ128F428DA21,Less Than Jake,I Think I Love You,reggae,0.7914075967035848
correlation,1,TRARKBB128F92E9468,Céline Dion,Zora sourit,pop,TRAQRRD128F425F8E7,Jacques Dutronc,Laquelle Des Deux Est La Plus Snob,pop,0.36493063263509795
correlation,2,TRARKBB128F92E9468,Céline Dion,Zora sourit,pop,TRLVVUZ128F425EE94,Miss Kittin,3ème Sexe,electronic,0.3642775093494526
correlation,3,TRARKBB128F92E9468,Céline Dion,Zora sourit,pop,TRFXREK12903CE855F,Raine Maida,Earthless,folk,0.3442080806887698
correlation,1,TRFBXJZ128F92D25C0,Newsboys,Dance,pop,TRUZMND128F14B0EFF,Pete Rock & C.L. Smooth,Act Like You Know (LP Version),hip hop,0.5181697298261163
correlation,2,TRFBXJZ128F92D25C0,Newsboys,Dance,pop,TRNRFJU128F1468B8E,Bahamadia,WordPlay,hip hop,0.5012728597937053
correlation,3,TRFBXJZ128F92D25C0,Newsboys,Dance,pop,TRJZTLY128F426B469,Dilated Peoples,Ruggedness,hip hop,0.4823728457899472
correlation,1,TRICXDK128F92CBC3C,Céline Dion,Partout Je Vois,pop,TRQXHBL128F42A56FE,Ledisi,Best Friend,r&b/soul,0.5942864319384628
correlation,2,TRICXDK128F92CBC3C,Céline Dion,Partout Je Vois,pop,TRJXBDJ128F4292591,Angie Stone,Snowflakes,r&b/soul,0.5874335919058807
correlation,3,TRICXDK128F92CBC3C,Céline Dion,Partout Je Vois,pop,TRCTLQY128F92F1539,Next,I Still Love You,r&b/soul,0.5863305122176777
correlation,1,TRZNHJN128F4293FC2,Kelly Clarkson,Anytime,pop,TRKRPKE128E07946D4,Thalia,Alguien Real (Baby_ I'm In Love),latin,0.7677465741256746
correlation,2,TRZNHJN128F4293FC2,Kelly Clarkson,Anytime,pop,TRANDPI128F425AF41,Alice Smith,Dream,r&b/soul,0.7641149898993
correlation,3,TRZNHJN128F4293FC2,Kelly Clarkson,Anytime,pop,TRZCHKB128F92CB740,Anastacia,Club Megamix,rock,0.7633399455512314
correlation,1,TRPKKZG128F92E495A,Edward Sharpe & The Magnetic Zeros,Simplest Love,pop,TRPFQRE128E078B07C,Manhattan Transfer,Love For Sale (LP Version),jazz,0.5955410615027187
correlation,2,TRPKKZG128F92E495A,Edward Sharpe & The Magnetic Zeros,Simplest Love,pop,TRJVGZN128F4294F2A,Ryan Adams,My Love For You Is Real,country,0.5633270057054497
correlation,3,TRPKKZG128F92E495A,Edward Sharpe & The Magnetic Zeros,Simplest Love,pop,TRBUSGY128E07833AE,Caetano Veloso,Love For Sale,latin,0.5335555987784937
correlation,1,TRVPPSC128F92EC9C2,Colbie Caillat,Midnight Bottle,pop,TRURXJP128F42A2496,Dina Carroll,Don't Be A Stranger,pop,0.6046069189830092
correlation,2,TRVPPSC128F92EC9C2,Colbie Caillat,Midnight Bottle,pop,TRSIRKX128F4291CAF,In Flames,Only For The Weak,metal,0.5675247802629393
correlation,3,TRVPPSC128F92EC9C2,Colbie Caillat,Midnight Bottle,pop,TREAJBV12903CCDA96,Alicia Keys,Try Sleeping With A Broken Heart,r&b/soul,0.5647730470505998
correlation,1,TRCJADX128F428D3E0,Britney Spears,Let Me Be,pop,TRJCYOI128F9320EF6,Alison Krauss / Union Station,Baby Now That I've Found You,country,0.7749752103441859
correlation,2,TRCJADX128F428D3E0,Britney Spears,Let Me Be,pop,TRZCHKB128F92CB740,Anastacia,Club Megamix,rock,0.7683530845057294
correlation,3,TRCJADX128F428D3E0,Britney Spears,Let Me Be,pop,TRTXZGM128F428B62B,Toni Braxton,Love Affair,r&b/soul,0.7639826988870345
correlation,1,TRKJKJV128F425E247,Annie Lennox,Big Sky,pop,TRVVIWJ128F42697BA,Fat Joe,Preacher On A Sunday Morning,hip hop,0.625600962978394
correlation,2,TRKJKJV128F425E247,Annie Lennox,Big Sky,pop,TRIYBPL128F9324F11,the bird and the bee,Witch,pop,0.6109997611788843
correlation,3,TRKJKJV128F425E247,Annie Lennox,Big Sky,pop,TRJXBDJ128F4292591,Angie Stone,Snowflakes,r&b/soul,0.5896395115083015
correlation,1,TRXMQNH128F4287D61,Whitney Houston,Thinking About You,pop,TRSTJFQ128F428DA21,Less Than Jake,I Think I Love You,reggae,0.7826517099758157
correlation,2,TRXMQNH128F4287D61,Whitney Houston,Thinking About You,pop,TRHEDYV128F14856FC,Cherish,Oooh,r&b/soul,0.7672246724298492
correlation,3,TRXMQNH128F4287D61,Whitney Houston,Thinking About You,pop,TRWFFHM128F92F99C4,Chrisette Michele,All I Ever Think About,r&b/soul,0.7546189018184728
correlation,1,TRXXPYK128F14805B7,Phil Collins,A Groovy Kind Of Love (Live),pop,TRENDJC128F42790D9,Amel Larrieux,Sweet Misery,r&b/soul,0.7425284398036608
correlation,2,TRXXPYK128F14805B7,Phil Collins,A Groovy Kind Of Love (Live),pop,TRLQBZP12903CECC4A,Hello Saferide,Get Sick Soon,folk,0.7368458846882808
correlation,3,TRXXPYK128F14805B7,Phil Collins,A Groovy Kind Of Love (Live),pop,TRZCHKB128F92CB740,Anastacia,Club Megamix,rock,0.7288325625340287
correlation,1,TRGQFUZ128F92ED646,Beyoncé,That's Why You're Beautiful,pop,TRFNDWH12903CB602A,Selena,Tu Eres,latin,0.5970835467137289
correlation,2,TRGQFUZ128F92ED646,Beyoncé,That's Why You're Beautiful,pop,TRIDJMD128E078B984,Michael Bublé,That's All (Album Version),classical,0.5487831399325491
correlation,3,TRGQFUZ128F92ED646,Beyoncé,That's Why You're Beautiful,pop,TRHEKNR128F425F325,CSS,Beautiful Song,electronic,0.5323890070979774
correlation,1,TRPAJJF128F428D18A,Whitney Houston,Step By Step,pop,TRANAPL128F42BA7D6,Young Jeezy,By The Way,hip hop,0.6305301152936601
correlation,2,TRPAJJF128F428D18A,Whitney Houston,Step By Step,pop,TRWNHNC128F92D469E,Tom Waits,Flash Pan Hunter/Intro,classical,0.5166647091610228
correlation,3,TRPAJJF128F428D18A,Whitney Houston,Step By Step,pop,TRWKGQS128E0792F09,Patty Griffin,Every Little Bit,country,0.5162073665779248
correlation,1,TRLPDIB128F42289CC,Britney Spears,Piece Of Me (Main Version),pop,TRMSQPH128F92E7D20,The Falcon,The Angry Cry Of The Angry Pie,punk,0.7346091744744485
correlation,2,TRLPDIB128F42289CC,Britney Spears,Piece Of Me (Main Version),pop,TRJQCQT128F428E44D,Voxtrot,Kid Gloves,pop,0.6430368214907607
correlation,3,TRLPDIB128F42289CC,Britney Spears,Piece Of Me (Main Version),pop,TRJFGEX128F426A253,TO/DIE/FOR,Dying Embers,metal,0.6310921905162332
correlation,1,TRJTTMZ128F930924B,Britney Spears,Can't Make You Love Me,pop,TRZCHKB128F92CB740,Anastacia,Club Megamix,rock,0.8321898356721628
correlation,2,TRJTTMZ128F930924B,Britney Spears,Can't Make You Love Me,pop,TRAVRDM128F42956AF,Bay City Rollers,Where Will I Be Now,pop,0.8055180964465316
correlation,3,TRJTTMZ128F930924B,Britney Spears,Can't Make You Love Me,pop,TRYYRLU12903D082FF,Jonny Lang,Breakin Me,blues,0.7964666431859998
correlation,1,TRKGGHK128F42999EF,Britney Spears,Girl In The Mirror,pop,TRGXGMH128F92F5B48,John Denver,El Paso,rock,0.7173502005370163
correlation,2,TRKGGHK128F42999EF,Britney Spears,Girl In The Mirror,pop,TRCUNXN128F1486E23,Corinne Bailey Rae,Emeraldine,jazz,0.6886460772426859
correlation,3,TRKGGHK128F42999EF,Britney Spears,Girl In The Mirror,pop,TRNVKOI128E0799173,Snoop Dogg,Snoopafella (Edited),hip hop,0.6872634522727006
correlation,1,TRLTYLK128F92FE6FF,Britney Spears,Radar,pop,TRKCOFR128F42418DC,Twista,Get It How You Live  (Explicit Chopped & Screwed Version),hip hop,0.769569626427473
correlation,2,TRLTYLK128F92FE6FF,Britney Spears,Radar,pop,TRWCYWE128F425564A,Brother Firetribe,Lover Tonite,rock,0.7484952818109945
correlation,3,TRLTYLK128F92FE6FF,Britney Spears,Radar,pop,TRVVIWJ128F42697BA,Fat Joe,Preacher On A Sunday Morning,hip hop,0.7334761458409239
correlation,1,TRNEGIP128F4296261,Britney Spears,When Your Eyes Say It,pop,TRGHYGG12903CAC100,R. Kelly,Kickin' It With Your Girlfriend,r&b/soul,0.7408443993532319
correlation,2,TRNEGIP128F4296261,Britney Spears,When Your Eyes Say It,pop,TRRGWST128F930E4AE,Sara Gazarek,Yours (Live),jazz,0.7127635984070124
correlation,3,TRNEGIP128F4296261,Britney Spears,When Your Eyes Say It,pop,TRJIONO128F1452C88,Bananarama,Lovebite,pop,0.7036895767319841
correlation,1,TRUWOUE128F14867BF,Depeche Mode,Precious (Live In Milan),pop,TRBIJXE128F93030F5,Maxwell,NoOne,r&b/soul,0.5509927318464841
correlation,2,TRUWOUE128F14867BF,Depeche Mode,Precious (Live In Milan),pop,TREGDBC128F1467D4A,Devo,Soft Things,electronic,0.4969873062472989
correlation,3,TRUWOUE128F14867BF,Depeche Mode,Precious (Live In Milan),pop,TRFFMKD128F42303A4,Hieroglyphics,You Never Knew,hip hop,0.4928776277854063
correlation,1,TRFJKWU12903CC37B1,Crystal Castles,Insectica,punk,TRPXWYY12903CEA77A,Hanne Hukkelberg,Displaced,jazz,0.7055497163291777
correlation,2,TRFJKWU12903CC37B1,Crystal Castles,Insectica,punk,TRWYBIP128F1456ADE,Chanté Moore,When It Comes To Me,r&b/soul,0.6636685644333904
correlation,3,TRFJKWU12903CC37B1,Crystal Castles,Insectica,punk,TRYYRLU12903D082FF,Jonny Lang,Breakin Me,blues,0.6607105949221503
correlation,1,TRVEUUV128F428AB29,Motion City Soundtrack,Cambridge (Album Version),punk,TRIVTJA128F92C1E80,The Fray,Over My Head (Cable Car),rock,0.5736460434956635
correlation,2,TRVEUUV128F428AB29,Motion City Soundtrack,Cambridge (Album Version),punk,TRBTXNE12903CB6528,Gorillaz,Rhinestone Eyes,electronic,0.5125275773256103
correlation,3,TRVEUUV128F428AB29,Motion City Soundtrack,Cambridge (Album Version),punk,TRPIFNP128F42734C3,Vendetta Red,Opiate Summer,punk,0.5063887005084242
correlation,1,TRMZJSE12903D00E60,Motion City Soundtrack,Disappear,punk,TRNHSZN128F930FF03,Clawfinger,Revenge,metal,0.7818060665078873
correlation,2,TRMZJSE12903D00E60,Motion City Soundtrack,Disappear,punk,TRACBWX128F92FD725,Zombie Girl,I Want It,electronic,0.7813399395836064
correlation,3,TRMZJSE12903D00E60,Motion City Soundtrack,Disappear,punk,TRCTLQY128F92F1539,Next,I Still Love You,r&b/soul,0.7753805019041543
correlation,1,TRIGZIY128F42348C1,Motion City Soundtrack,Fell in Love Without You (Cd),punk,TRDXVMS128F4263EE0,Level 42,Lessons In Love,pop,0.6515205923173848
correlation,2,TRIGZIY128F42348C1,Motion City Soundtrack,Fell in Love Without You (Cd),punk,TRGJJTY12903CF8E82,Strung Out,Dead Spaces,metal,0.6256850294083713
correlation,3,TRIGZIY128F42348C1,Motion City Soundtrack,Fell in Love Without You (Cd),punk,TRIFNZI128F931CC21,Frank Sinatra,In The Blue Of The Evening,jazz,0.6241501447671577
correlation,1,TRZGUYI128F42368DF,Motion City Soundtrack,Point Of Extinction (Cd),punk,TROXHLM128F4266510,Blues Traveler,Hook,blues,0.7098270389733686
correlation,2,TRZGUYI128F42368DF,Motion City Soundtrack,Point Of Extinction (Cd),punk,TRTVTYS128E0792887,Eminem,Rabbit Run,hip hop,0.7092421207728394
correlation,3,TRZGUYI128F42368DF,Motion City Soundtrack,Point Of Extinction (Cd),punk,TRJKREO128E07821BB,Kenickie,I Never Complain,punk,0.6946495081559605
correlation,1,TRJQRJO12903D00E65,Motion City Soundtrack,Stand Too Close,punk,TRTZDKK128F1476562,Elin Sigvardsson,If I,reggae,0.71171380604838
correlation,2,TRJQRJO12903D00E65,Motion City Soundtrack,Stand Too Close,punk,TRIXAYK128F427F151,Heavenly,Tool,pop,0.6457813381068986
correlation,3,TRJQRJO12903D00E65,Motion City Soundtrack,Stand Too Close,punk,TRFQTEX128E078E92D,Brian McKnight,The Biggest Part Of Me,r&b/soul,0.6445602731581961
correlation,1,TRQMNKZ12903D00E5B,Motion City Soundtrack,Worker Bee,punk,TREBQOW128F92C4549,Common,Book Of Life,hip hop,0.5738156861157839
correlation,2,TRQMNKZ12903D00E5B,Motion City Soundtrack,Worker Bee,punk,TRYMOJM128F14994F3,Ella Fitzgerald,I Got It Bad (and That Ain't Good),jazz,0.5641008933145242
correlation,3,TRQMNKZ12903D00E5B,Motion City Soundtrack,Worker Bee,punk,TRAZHNL12903CC1B6C,Mac Lethal,Rotten Apple Pie,hip hop,0.5632132667910915
correlation,1,TRMZSJY128F4255BE9,Interpol,Mind Over Time,punk,TRZJNDV128E078E185,The Associates,Logan Time,punk,0.5251694507348579
correlation,2,TRMZSJY128F4255BE9,Interpol,Mind Over Time,punk,TRUIISX12903CEBDC4,Demolition Hammer,Mindrot,metal,0.5174792115587359
correlation,3,TRMZSJY128F4255BE9,Interpol,Mind Over Time,punk,TRQGRYE128F429D17F,The Box Tops,Happy Times,pop,0.4999396416588295
correlation,1,TRVQHEV128F4259AB2,The Clash,I Fought The Law,punk,TRGLGNR128F1487A6F,Manafest,Runaway,hip hop,0.8522473054478472
correlation,2,TRVQHEV128F4259AB2,The Clash,I Fought The Law,punk,TRZPHVT128F4298109,The Cat Empire,The Car Song,reggae,0.8161598467740974
correlation,3,TRVQHEV128F4259AB2,The Clash,I Fought The Law,punk,TRFTCVG128F4231AB1,Ramones,Needles And Pins (Remastered Album Version ),punk,0.8083592999904783
correlation,1,TRVMLEW128F425A82D,The Clash,The Magnificent Seven,punk,TRQYUKJ12903C9A1CE,Kevin Devine,It's Only Your Life,folk,0.7502114586580519
correlation,2,TRVMLEW128F425A82D,The Clash,The Magnificent Seven,punk,TRQDCPN128F1453C8B,Joss Stone,Killing Time,r&b/soul,0.743003265630707
correlation,3,TRVMLEW128F425A82D,The Clash,The Magnificent Seven,punk,TRBJXPW128F428D3CD,A Tribe Called Quest,The Hop,hip hop,0.7399541216537012
correlation,1,TRWVZBZ128F1462E08,Yellowcard,Believe,punk,TRRYCLJ128F42A56FF,Ledisi,Alright,r&b/soul,0.6013791461857579
correlation,2,TRWVZBZ128F1462E08,Yellowcard,Believe,punk,TRDQYBC128F4277093,Lauryn Hill,Everything Is Everything,r&b/soul,0.5270296594780668
correlation,3,TRWVZBZ128F1462E08,Yellowcard,Believe,punk,TRLXZCU128F4298B33,The Enemy,It's Not OK [Live From London],rock,0.506105778434606
correlation,1,TRQYGUV128F1462E01,Yellowcard,Empty Apartment,punk,TROMMRU128F4250C74,Classified,All About U,hip hop,0.7930815008868375
correlation,2,TRQYGUV128F1462E01,Yellowcard,Empty Apartment,punk,TRQYUKJ12903C9A1CE,Kevin Devine,It's Only Your Life,folk,0.7555546316559776
correlation,3,TRQYGUV128F1462E01,Yellowcard,Empty Apartment,punk,TRTNLQZ128F425C3D2,The Zutons,What's Your Problem,rock,0.752558782726658
correlation,1,TRBKLDM128F427D0DA,Rise Against,But Tonight We Dance,punk,TRPFDHQ128F42B97F9,Vashti Bunyan,Hidden,folk,0.659319615009436
correlation,2,TRBKLDM128F427D0DA,Rise Against,But Tonight We Dance,punk,TRBZXAC12903CBB0CE,Atmosphere,Happymess,hip hop,0.644130727728655
correlation,3,TRBKLDM128F427D0DA,Rise Against,But Tonight We Dance,punk,TRHXCSQ128F14766FF,Elvis Costello,Puck Two,classical,0.6400259523592019
correlation,1,TRKSDBX128F9345DC9,Rise Against,Faint Resemblance,punk,TRFUNRS128F9346BF4,Tony Sly,On the Outside,folk,0.6664977046527609
correlation,2,TRKSDBX128F9345DC9,Rise Against,Faint Resemblance,punk,TRPVRGM128F932D5C3,Dar Williams,Are You Out There,folk,0.6548289483086831
correlation,3,TRKSDBX128F9345DC9,Rise Against,Faint Resemblance,punk,TRMFBBG12903CE4564,Alannah Myles,I Love You,jazz,0.6462399386898081
correlation,1,TRMGOLR128F933A7DB,Rise Against,Survive,punk,TRFGWTJ128E0783A47,The Misfits,Static Age,punk,0.6889561780477299
correlation,2,TRMGOLR128F933A7DB,Rise Against,Survive,punk,TROCPYO128F92F9ADC,Modern Life Is War,Destination: Death or Better Days,metal,0.6866576694446275
correlation,3,TRMGOLR128F933A7DB,Rise Against,Survive,punk,TRJOQXR128F92EB51A,Thompson Twins,We Are Detective,pop,0.6790445341949752
correlation,1,TRFNVPY128F92D2626,Rise Against,The Dirt Whispered,punk,TREBQOW128F92C4549,Common,Book Of Life,hip hop,0.7291292995498333
correlation,2,TRFNVPY128F92D2626,Rise Against,The Dirt Whispered,punk,TRDSUZH128F425BAC3,RODNEY CROWELL,Preachin' To The Choir,country,0.7274307230129808
correlation,3,TRFNVPY128F92D2626,Rise Against,The Dirt Whispered,punk,TRXRINO128F4264CCB,Wade Hayes,I'm Still Dancin' With You,country,0.7166599105005178
correlation,1,TRPSYVF128F428A446,The Offspring,Get It Right (Album Version),punk,TREBRPS128E07938F2,Veruca Salt,Stoneface,rock,0.6797783982232325
correlation,2,TRPSYVF128F428A446,The Offspring,Get It Right (Album Version),punk,TRQBHPO128F9307C8E,New Found Glory,I'll Never Love Again,punk,0.6754940000982765
correlation,3,TRPSYVF128F428A446,The Offspring,Get It Right (Album Version),punk,TRDSLPM128F1495679,Gang Starr,Code Of The Streets (Explicit),hip hop,0.6648292196587253
correlation,1,TROGTUS128F932D6CB,The Offspring,Want You Bad,punk,TRISFKH128F9336E63,Beastie Boys,So What'Cha Want (Butt Naked Version) (Explicit) (2009 Digital Remaster),hip hop,0.7923761857122266
correlation,2,TROGTUS128F932D6CB,The Offspring,Want You Bad,punk,TRNHSZN128F930FF03,Clawfinger,Revenge,metal,0.7914956272938087
correlation,3,TROGTUS128F932D6CB,The Offspring,Want You Bad,punk,TRWNUXN128F93095BF,Angela Bofill,I Try,r&b/soul,0.7896786552576098
correlation,1,TRZVPFY128F92E19DF,The Offspring,Staring At The Sun,punk,TRKLAOB12903C9A1CD,Kevin Devine,Fever Moon,folk,0.7395774479076894
correlation,2,TRZVPFY128F92E19DF,The Offspring,Staring At The Sun,punk,TRNHSZN128F930FF03,Clawfinger,Revenge,metal,0.7310384865398265
correlation,3,TRZVPFY128F92E19DF,The Offspring,Staring At The Sun,punk,TRLOMAF128F92DF3DB,Amanda Jenssen,Don't Worry,r&b/soul,0.6993608344713036
correlation,1,TRGAEVY128F428BEF6,Bad Religion,Operation Rescue,punk,TRSPCDB128F1464F66,Fad Gadget,Plain Clothes,electronic,0.5766946729351795
correlation,2,TRGAEVY128F428BEF6,Bad Religion,Operation Rescue,punk,TRCAYQT128F423DA11,Suffocation,Brood Of Hatred (Album Version),metal,0.5752083467334715
correlation,3,TRGAEVY128F428BEF6,Bad Religion,Operation Rescue,punk,TRGVQMG12903CAE801,Built To Spill,Planting Seeds,rock,0.5530248312312898
correlation,1,TRPTWJT128F422F239,Silverstein,When Broken Is Easily Fixed (Album Version),punk,TRXKSAZ12903CAFB8E,Jill Scott,He Loves Me (Lyzel In E Flat),r&b/soul,0.7243852888582957
correlation,2,TRPTWJT128F422F239,Silverstein,When Broken Is Easily Fixed (Album Version),punk,TRLNCCP128F426504E,Michael Penn,Comfort,rock,0.7173484247048325
correlation,3,TRPTWJT128F422F239,Silverstein,When Broken Is Easily Fixed (Album Version),punk,TRUXYDP128F93234BD,Taylor Swift,Crazier,country,0.697984422827936
correlation,1,TRPYGVQ128E078EFE9,The Cure,Want,punk,TRISFKH128F9336E63,Beastie Boys,So What'Cha Want (Butt Naked Version) (Explicit) (2009 Digital Remaster),hip hop,0.696321036206974
correlation,2,TRPYGVQ128E078EFE9,The Cure,Want,punk,TRMEKRF12903CC80A6,Bouncing Souls_ The,Pervert,electronic,0.6875904805395778
correlation,3,TRPYGVQ128E078EFE9,The Cure,Want,punk,TRVFKVN128F42B501F,Shania Twain,All Fired Up_ No Place To Go,country,0.6822005754465814
correlation,1,TRJNMGP128F92E0427,Hey Monday,Josey,punk,TRMFKTA128F92FE268,The Bluetones,Carnt Be Trusted,pop,0.674230625257845
correlation,2,TRJNMGP128F92E0427,Hey Monday,Josey,punk,TRJEUFZ128F92F3FAE,Bruce Hornsby and the Range,The Way It Is,rock,0.6285831885418367
correlation,3,TRJNMGP128F92E0427,Hey Monday,Josey,punk,TRFXREK12903CE855F,Raine Maida,Earthless,folk,0.6148410342354331
correlation,1,TRVWMAR128F425A2DA,The Clash,1-2 Crush On You,punk,TROHCKX128F42ADF06,Electric Light Orchestra,Auntie (Ma-Ma-Ma Belle),rock,0.814076704523724
correlation,2,TRVWMAR128F425A2DA,The Clash,1-2 Crush On You,punk,TRNPSMI128F14A8E06,Brian McKnight,Holdin' On [Missin' U] (Album Version),r&b/soul,0.7801241176967935
correlation,3,TRVWMAR128F425A2DA,The Clash,1-2 Crush On You,punk,TRKERVB128F145B6DB,Mel & Kim,System,pop,0.7772882131287219
correlation,1,TRCKZBM128F425A2DD,The Clash,Brand New Cadillac,punk,TRVRZZI128F426846B,Billy Squier,She's A Runner (24-Bit Digitally Remastered 02),rock,0.5783845825398539
correlation,2,TRCKZBM128F425A2DD,The Clash,Brand New Cadillac,punk,TRECZIB12903CB8033,Asaf Avidan & the Mojos,Over You Blues,blues,0.5554113248611338
correlation,3,TRCKZBM128F425A2DD,The Clash,Brand New Cadillac,punk,TRABOIH128F9300B06,Willie Dixon,That's My Baby,blues,0.5271528991674362
correlation,1,TRCFCHA128F4259A75,The Clash,Cool Confusion,punk,TRJEJXZ128F9321015,The Supremes,Stranger In Paradise,r&b/soul,0.5983002946014011
correlation,2,TRCFCHA128F4259A75,The Clash,Cool Confusion,punk,TRQNPBZ128F424A1C9,The Itals,In Deh,reggae,0.5782416006054913
correlation,3,TRCFCHA128F4259A75,The Clash,Cool Confusion,punk,TROURLD128F42A9F95,The Be Good Tanyas,Midnight Moonlight,folk,0.5682863611064906
correlation,1,TRYSJKQ128F4259A73,The Clash,First Night Back In London,punk,TRMRNDW128F4292475,A Tribe Called Quest,Baby Phife's Return,hip hop,0.6312523736707347
correlation,2,TRYSJKQ128F4259A73,The Clash,First Night Back In London,punk,TRGXGMH128F92F5B48,John Denver,El Paso,rock,0.6295263127494258
correlation,3,TRYSJKQ128F4259A73,The Clash,First Night Back In London,punk,TRDPGXU128F9339C2A,Beastie Boys,B-Boy Bouillabaisse: A.W.O.L. (2009 Digital Remaster),hip hop,0.6210111243512099
correlation,1,TRAQKVC128F425E65C,The Clash,Inoculated City,punk,TRVWTVK128F429AAAB,Immortal Technique,The 4th Branch,hip hop,0.5811706635845589
correlation,2,TRAQKVC128F425E65C,The Clash,Inoculated City,punk,TRCHTOQ12903CB2D56,Don Francisco,Adam_ Where Are You?,country,0.5555592093800191
correlation,3,TRAQKVC128F425E65C,The Clash,Inoculated City,punk,TRMGICM128F92E2AB8,Andrew Lloyd Webber,Masquerade,classical,0.5524027015457242
correlation,1,TRUASIU128F425A1D7,The Clash,Lost In The Supermarket,punk,TRJBEQI12903CDDCCE,Mary Black,Raven In The Storm,folk,0.7749839111112781
correlation,2,TRUASIU128F425A1D7,The Clash,Lost In The Supermarket,punk,TRBLBTB128F147F7EF,Patricia Barber,The Moon,jazz,0.759123898444516
correlation,3,TRUASIU128F425A1D7,The Clash,Lost In The Supermarket,punk,TRWNSHP128F42424E8,Mest,Can't Take This (Album Version),punk,0.7583462770525794
correlation,1,TROLGMC128F4259BB8,The Clash,Overpowered By Funk,punk,TRLXXCC128F92EABC3,Funkadelic,One Nation Under A Groove,r&b/soul,0.5893803592235457
correlation,2,TROLGMC128F4259BB8,The Clash,Overpowered By Funk,punk,TRNJNUP128E078F822,Free,Mr. Big,rock,0.5881952451112963
correlation,3,TROLGMC128F4259BB8,The Clash,Overpowered By Funk,punk,TRZCHKB128F92CB740,Anastacia,Club Megamix,rock,0.5863910949639646
correlation,1,TRMQMTC128F428A516,Bad Religion,Automatic Man (Album Version),punk,TRTPLZP128F426AC13,Bill Withers,Who Is He? (And What Is He To You?),r&b/soul,0.734893277921882
correlation,2,TRMQMTC128F428A516,Bad Religion,Automatic Man (Album Version),punk,TRTLLMP128F9307700,Bellamy Brothers,Old Hippie,country,0.7297087633792909
correlation,3,TRMQMTC128F428A516,Bad Religion,Automatic Man (Album Version),punk,TRQZEGA128F428FEFE,Suicidal Tendencies,Possessed To Skate,metal,0.718047834938352
correlation,1,TRQENBA128F426093C,Bad Religion,Chimaera (Album Version),punk,TRWFHUB128F1476AFB,Small Sins,She's The Source,rock,0.8014700482395719
correlation,2,TRQENBA128F426093C,Bad Religion,Chimaera (Album Version),punk,TRFCNPY128F934AF94,Anacrusis,What You Became,metal,0.7926228091290258
correlation,3,TRQENBA128F426093C,Bad Religion,Chimaera (Album Version),punk,TROKUOP12903CA7867,Bunny Wailer,Roots,reggae,0.7810602607288459
correlation,1,TRJCXHB128F428AC5B,Bad Religion,Damned to Be Free (Album Version),punk,TRZGDIA128F4294E98,Tonedeff,Ridiculous,hip hop,0.6402949779064916
correlation,2,TRJCXHB128F428AC5B,Bad Religion,Damned to Be Free (Album Version),punk,TRMSDGX128F428F296,Dan Le Sac vs Scroobius Pip,Fixed,hip hop,0.5887571466126007
correlation,3,TRJCXHB128F428AC5B,Bad Religion,Damned to Be Free (Album Version),punk,TROIYWE128F146BD93,Bird York,Lovely Thing,pop,0.585789723203448
correlation,1,TRHWAPL128F428BEEE,Bad Religion,Get Off,punk,TREBQOW128F92C4549,Common,Book Of Life,hip hop,0.8424436271366308
correlation,2,TRHWAPL128F428BEEE,Bad Religion,Get Off,punk,TRGLGNR128F1487A6F,Manafest,Runaway,hip hop,0.8052530656625012
correlation,3,TRHWAPL128F428BEEE,Bad Religion,Get Off,punk,TRCGKTL128F148C3FA,The Mighty Mighty Bosstones,Someday I Suppose,reggae,0.8011638761235188
correlation,1,TRHYIAH128F14825EC,Funeral For A Friend,Juneau,punk,TRJBEQI12903CDDCCE,Mary Black,Raven In The Storm,folk,0.6868928992379508
correlation,2,TRHYIAH128F14825EC,Funeral For A Friend,Juneau,punk,TRYAVHM12903CF521E,Swollen Members,Switchblade,hip hop,0.684083933161845
correlation,3,TRHYIAH128F14825EC,Funeral For A Friend,Juneau,punk,TRNOOMW128F4257F9C,Gorefest,Super Reality,metal,0.6503141095247913
correlation,1,TRWMODL128F92E7E2A,Wire,Another The letter,punk,TRWLKWQ128F92F93D0,Ayreon,Prologue,metal,0.5019715949080112
correlation,2,TRWMODL128F92E7E2A,Wire,Another The letter,punk,TRYPKXM128F932A9EE,Cinderella Effect,Israel,classical,0.47222112192862137
correlation,3,TRWMODL128F92E7E2A,Wire,Another The letter,punk,TRQNPBZ128F424A1C9,The Itals,In Deh,reggae,0.47094522571384045
correlation,1,TRABGYE128E078278A,Wire,Strange,punk,TRVGXWV128F148640B,Kelis,Trilogy,r&b/soul,0.44784609422650357
correlation,2,TRABGYE128E078278A,Wire,Strange,punk,TRERNJZ128F1452EC5,The Departure,Arms Around Me (BBC 6Music Session),rock,0.421828935709341
correlation,3,TRABGYE128E078278A,Wire,Strange,punk,TRKMPQS128F932DC13,Belleruche,Bought & Sold,jazz,0.415374914086428
correlation,1,TRBAQPR128F92F4AB0,The Wonder Years,Dude_ What Is a Land Pirate?,punk,TRAORGE12903CBE64B,Chantal Kreviazuk,Ghosts Of You,pop,0.7229487440801513
correlation,2,TRBAQPR128F92F4AB0,The Wonder Years,Dude_ What Is a Land Pirate?,punk,TRKRVKD128F9327008,Hollywood Undead,Undead,hip hop,0.7212510847321011
correlation,3,TRBAQPR128F92F4AB0,The Wonder Years,Dude_ What Is a Land Pirate?,punk,TRXICJK128F1466AA5,Digable Planets,Slowes' Comb/The May 4th Movement starring Doodlebug,reggae,0.7042266072233658
correlation,1,TRVOTRF128F148AE44,Dashboard Confessional,Again I Go Unnoticed,punk,TRFBASZ128F42317D3,Dawn of Relic,The Awakening,metal,0.57395995523299
correlation,2,TRVOTRF128F148AE44,Dashboard Confessional,Again I Go Unnoticed,punk,TRDUPRE128F92E9E79,Bebo Norman,Other Side of Day,rock,0.5711380002276906
correlation,3,TRVOTRF128F148AE44,Dashboard Confessional,Again I Go Unnoticed,punk,TRVWMKK128F422AD41,Assemblage 23,MAPS OF REALITY,pop,0.5653855607305294
correlation,1,TRRERUT128F1477144,Dashboard Confessional,Carry This Picture,punk,TRMGSLI128F93276B8,Andrea Bocelli,I Believe,classical,0.6699581034755704
correlation,2,TRRERUT128F1477144,Dashboard Confessional,Carry This Picture,punk,TRZPHVT128F4298109,The Cat Empire,The Car Song,reggae,0.6568762642321868
correlation,3,TRRERUT128F1477144,Dashboard Confessional,Carry This Picture,punk,TRAQOSN12903CEFA18,Lacuna Coil,Soul Into Hades,metal,0.6565024415424653
correlation,1,TRHGTHE128F428B4C3,Usher,U R The One,r&b/soul,TRYQPDL128F4265A48,Kat DeLuna,Run The Show,r&b/soul,0.6052950963422944
correlation,2,TRHGTHE128F428B4C3,Usher,U R The One,r&b/soul,TRWLKBS12903CC57D7,Good Old War,Tell Me (Acoustic),folk,0.5888600530125533
correlation,3,TRHGTHE128F428B4C3,Usher,U R The One,r&b/soul,TROKYHH128F9316FAB,Avant,Y.O.U.,blues,0.583123477369113
correlation,1,TREIEOO128F42B0099,Chris Brown,Ain't No Way (You Won't Love Me),r&b/soul,TRFYGMB128F425A7A2,Natasha Bedingfield,Stumble,pop,0.826400554670768
correlation,2,TREIEOO128F42B0099,Chris Brown,Ain't No Way (You Won't Love Me),r&b/soul,TRENNUC128F427B111,Michael McDonald,You Don't Know Me,r&b/soul,0.8226916249738011
correlation,3,TREIEOO128F42B0099,Chris Brown,Ain't No Way (You Won't Love Me),r&b/soul,TRGTQCP128F932573A,Hilary Duff,Play With Fire,pop,0.8166435280352635
correlation,1,TRRZSBO128F428BE44,Usher,Nice & Slow,r&b/soul,TRCVHTU128F92F6FF7,Avant,I Wanna Know,blues,0.7956996874142246
correlation,2,TRRZSBO128F428BE44,Usher,Nice & Slow,r&b/soul,TRFRZZC128F935F71A,Al Jarreau,Look What You've Done For Me,r&b/soul,0.7849504603391702
correlation,3,TRRZSBO128F428BE44,Usher,Nice & Slow,r&b/soul,TRJJTPI128F4276759,Hawthorne Heights,Rescue Me,punk,0.7832275278517389
correlation,1,TRMZSRG128F428BE3F,Usher,Roni,r&b/soul,TRAIEIM128F4253EFD,Nick Cave & The Bad Seeds,She Passed By My Window,rock,0.6444843344644137
correlation,2,TRMZSRG128F428BE3F,Usher,Roni,r&b/soul,TRKXMPU128F4222F78,Rickie Lee Jones,My One And Only Love,jazz,0.6414283628336326
correlation,3,TRMZSRG128F428BE3F,Usher,Roni,r&b/soul,TRWVXWR128F92CF848,Mark Wills,She's In Love,country,0.6069380712848171
correlation,1,TRENECR128F92DAC48,Chris Brown,Damage,r&b/soul,TRGHYGG12903CAC100,R. Kelly,Kickin' It With Your Girlfriend,r&b/soul,0.7619136381720105
correlation,2,TRENECR128F92DAC48,Chris Brown,Damage,r&b/soul,TRKLJAG128F42B31CF,Mario Vazquez,Everytime I...,r&b/soul,0.7608741205530636
correlation,3,TRENECR128F92DAC48,Chris Brown,Damage,r&b/soul,TRSTJFQ128F428DA21,Less Than Jake,I Think I Love You,reggae,0.7561268850931078
correlation,1,TRIAONH128F9340E62,Chris Brown,Gotta Be Ur Man,r&b/soul,TRFBUYK128F4250654,Melanie Thornton,I Apologize,pop,0.666011662434606
correlation,2,TRIAONH128F9340E62,Chris Brown,Gotta Be Ur Man,r&b/soul,TRVCMBD128E0793863,Blackstreet,Happy Song (Tonite),r&b/soul,0.6454507986660454
correlation,3,TRIAONH128F9340E62,Chris Brown,Gotta Be Ur Man,r&b/soul,TRUYSOV12903CED603,Esmée Denters,Getting Over You,r&b/soul,0.6318552647829369
correlation,1,TRFBNCQ128F9302AD9,Akon,Birthmark,r&b/soul,TRCFOQP128F42A8E14,Rooney,When Did Your Heart Go Missing?,rock,0.6510524993666078
correlation,2,TRFBNCQ128F9302AD9,Akon,Birthmark,r&b/soul,TRNDLHW128F424EF6B,Jamie Cullum,Where Is Your Heart At?,jazz,0.6400030278996278
correlation,3,TRFBNCQ128F9302AD9,Akon,Birthmark,r&b/soul,TRYJQQG128EF34A50A,Eric Burdon,Heart Attack,rock,0.6261639036648713
correlation,1,TRPZAPZ128F9341D3E,R. Kelly,Don't You Say No,r&b/soul,TRTBBGQ128E078FE63,Kelly Price,Don't Say Goodbye,r&b/soul,0.7522952099272384
correlation,2,TRPZAPZ128F9341D3E,R. Kelly,Don't You Say No,r&b/soul,TRWZCIQ12903C97881,Nat King Cole,If You Can't Smile And Say Yes,jazz,0.742065030126679
correlation,3,TRPZAPZ128F9341D3E,R. Kelly,Don't You Say No,r&b/soul,TRRREHG128F9319163,Bad Brains,Don't Bother Me (Bad Brains),punk,0.7378691753394999
correlation,1,TRGHYGG12903CAC100,R. Kelly,Kickin' It With Your Girlfriend,r&b/soul,TRMTJJT128F14636D9,Lloyd Cole,I Didn't Know That You Cared,electronic,0.8054190582338937
correlation,2,TRGHYGG12903CAC100,R. Kelly,Kickin' It With Your Girlfriend,r&b/soul,TRVUUKM128F425FB16,King Tee,Guitar Playin',hip hop,0.8045662213919774
correlation,3,TRGHYGG12903CAC100,R. Kelly,Kickin' It With Your Girlfriend,r&b/soul,TROXHLM128F4266510,Blues Traveler,Hook,blues,0.8012645625876547
correlation,1,TRNEYNN128F92C21F7,R. Kelly,Rise Up,r&b/soul,TRTKAVS128F93096FD,Flobots,Rise,hip hop,0.6339983306142599
correlation,2,TRNEYNN128F92C21F7,R. Kelly,Rise Up,r&b/soul,TRWRUQO128F14733DD,Big Moe,S.U.C.,hip hop,0.5913379596956747
correlation,3,TRNEYNN128F92C21F7,R. Kelly,Rise Up,r&b/soul,TROJJKH128F425C8D8,The Pharcyde,Hey You,hip hop,0.5895153146253319
correlation,1,TRRSRXG128E07888AF,Mariah Carey,Joy Ride,r&b/soul,TRWZWOX128F935A084,Sean Kingston,Magical,hip hop,0.6240508179681261
correlation,2,TRRSRXG128E07888AF,Mariah Carey,Joy Ride,r&b/soul,TROKOBJ12903CAF917,Leo Sayer,We've Got Ourselves In Love ,jazz,0.5720641754026792
correlation,3,TRRSRXG128E07888AF,Mariah Carey,Joy Ride,r&b/soul,TRAILGJ128F1485985,Ima Robot,Lovers In Captivity,rock,0.5645432967544289
correlation,1,TRONPIZ128F1454219,Mariah Carey,Sprung,r&b/soul,TRJJTPI128F4276759,Hawthorne Heights,Rescue Me,punk,0.7608324508522968
correlation,2,TRONPIZ128F1454219,Mariah Carey,Sprung,r&b/soul,TRKRPKE128E07946D4,Thalia,Alguien Real (Baby_ I'm In Love),latin,0.7333586244217462
correlation,3,TRONPIZ128F1454219,Mariah Carey,Sprung,r&b/soul,TRGNWZK128F42960A4,Syleena Johnson,All Of Me,r&b/soul,0.7178373169875951
correlation,1,TRJKYAO128F427420D,Luther Vandross,Never Too Much,r&b/soul,TREENNZ128F145B67D,Nat King Cole,She's Funny That Way,jazz,0.7032174376959976
correlation,2,TRJKYAO128F427420D,Luther Vandross,Never Too Much,r&b/soul,TRNBBTI128F4287F41,Phyllis Hyman,Heavenly,r&b/soul,0.6563588954880661
correlation,3,TRJKYAO128F427420D,Luther Vandross,Never Too Much,r&b/soul,TRZFWHP12903D13D18,Webb Pierce,I Ain't Never,country,0.6515009824513528
correlation,1,TRYGRKO128F9343244,R. Kelly,Chocolate Factory,r&b/soul,TRFLXHF128F145903A,Clifford T Ward,A Day To Myself,folk,0.6204585287408626
correlation,2,TRYGRKO128F9343244,R. Kelly,Chocolate Factory,r&b/soul,TRNKEPV128F425A56C,Clannad,Second Nature,folk,0.5890147315015468
correlation,3,TRYGRKO128F9343244,R. Kelly,Chocolate Factory,r&b/soul,TRTIMMH128F92F2122,Joan Baez,The Lily Of The West,folk,0.5793977069078231
correlation,1,TROIJDA128F9341E70,R. Kelly,I Mean (I Don't Mean It),r&b/soul,TRDQNSS128F4240C31,Millencolin,Random I Am (Album Version),punk,0.8111011647829036
correlation,2,TROIJDA128F9341E70,R. Kelly,I Mean (I Don't Mean It),r&b/soul,TRAFLMU128F4274A4D,G-Unit,I Don't Want To Talk About It,hip hop,0.8013249120972675
correlation,3,TROIJDA128F9341E70,R. Kelly,I Mean (I Don't Mean It),r&b/soul,TRNLKLH128EF340A43,Macy Gray,Shoo Be Doo,r&b/soul,0.7968875277543385
correlation,1,TRXTJGV12903CAC0F8,R. Kelly,In The Kitchen,r&b/soul,TRSBDFP128F4226F52,Honeycut,Crowded Avenue,electronic,0.7004818479809717
correlation,2,TRXTJGV12903CAC0F8,R. Kelly,In The Kitchen,r&b/soul,TRTUEDO12903CE3D8F,Grandmaster Flash,Them Jeans,hip hop,0.6625085872091849
correlation,3,TRXTJGV12903CAC0F8,R. Kelly,In The Kitchen,r&b/soul,TRJWGLF128F149960E,Scooter,Time And Space,electronic,0.6615650972414114
correlation,1,TRTWRQD12903CA9E3B,Alicia Keys,Distance And Time,r&b/soul,TRNJMKH128F426749E,Beverley Craven,Promise Me,pop,0.7490276349915075
correlation,2,TRTWRQD12903CA9E3B,Alicia Keys,Distance And Time,r&b/soul,TRLVIKC12903CF81B9,Burden Of A Day,My Forfeit,metal,0.7466283244194508
correlation,3,TRTWRQD12903CA9E3B,Alicia Keys,Distance And Time,r&b/soul,TRLQBZP12903CECC4A,Hello Saferide,Get Sick Soon,folk,0.7359497950074521
correlation,1,TRWPMRK12903CCDA98,Alicia Keys,Lover Man,r&b/soul,TRFATUU128F4265A15,Diana King,Can't Do Without You,r&b/soul,0.6017517605220205
correlation,2,TRWPMRK12903CCDA98,Alicia Keys,Lover Man,r&b/soul,TROPSVL128F4265DF5,Cree Summer,Miss Moon,reggae,0.5719131442477129
correlation,3,TRWPMRK12903CCDA98,Alicia Keys,Lover Man,r&b/soul,TRLVRJP128F93519FB,Atmosphere,Hair,hip hop,0.5710016377612572
correlation,1,TRMTTBA128F429A7EC,Alicia Keys,Nobody Not Really (Interlude),r&b/soul,TRNNLCQ128F426E87E,Charley Patton,Down The Dirt Road Blues,blues,0.6312766868257758
correlation,2,TRMTTBA128F429A7EC,Alicia Keys,Nobody Not Really (Interlude),r&b/soul,TRRCMIA12903CE8562,Raine Maida,Confessional,rock,0.6208224040895387
correlation,3,TRMTTBA128F429A7EC,Alicia Keys,Nobody Not Really (Interlude),r&b/soul,TRVJKTB128F4262283,The Distillers,I Understand,punk,0.6159081682266532
correlation,1,TRWCVWH128F4284EE5,Alicia Keys,Piano & I,r&b/soul,TRSEYKD128F427F46E,Frankie J,Without You,r&b/soul,0.7004250792640794
correlation,2,TRWCVWH128F4284EE5,Alicia Keys,Piano & I,r&b/soul,TRYXJHS128F429E02B,Permanent Me,Heartattack,punk,0.6862140417806606
correlation,3,TRWCVWH128F4284EE5,Alicia Keys,Piano & I,r&b/soul,TRETHYH128F9307A6A,Big Star,I Am The Cosmos,pop,0.6823445677126554
correlation,1,TRQQLZD128F425E9BC,Alicia Keys,Tell You Something (Nana's Reprise),r&b/soul,TRFWLDO128F93613DF,Joe Bonamassa,Ball Peen Hammer,blues,0.750798565683361
correlation,2,TRQQLZD128F425E9BC,Alicia Keys,Tell You Something (Nana's Reprise),r&b/soul,TROSCTL128F423EAF8,Kristin Hersh,Tuesday Night,folk,0.747452035860613
correlation,3,TRQQLZD128F425E9BC,Alicia Keys,Tell You Something (Nana's Reprise),r&b/soul,TRTXZGM128F428B62B,Toni Braxton,Love Affair,r&b/soul,0.7182802460316992
correlation,1,TREAJBV12903CCDA96,Alicia Keys,Try Sleeping With A Broken Heart,r&b/soul,TRQYLYP12903CC26F6,Barry White,Never Gonna Give You Up,r&b/soul,0.7361024823542571
correlation,2,TREAJBV12903CCDA96,Alicia Keys,Try Sleeping With A Broken Heart,r&b/soul,TRRXFHO128EF3550BC,Erin McKeown,Fast As I Can,folk,0.7283450461951196
correlation,3,TREAJBV12903CCDA96,Alicia Keys,Try Sleeping With A Broken Heart,r&b/soul,TRSDDPK128F146AF76,Liz Phair,Go On Ahead,rock,0.7230047045140302
correlation,1,TRDFWVZ128F4284EF0,Alicia Keys,Why Do I Feel So Sad,r&b/soul,TROYGTB128F14564F4,Brian McKnight,Try Our Love Again,r&b/soul,0.6298417705784741
correlation,2,TRDFWVZ128F4284EF0,Alicia Keys,Why Do I Feel So Sad,r&b/soul,TRVVBPB128F4250C72,Classified,Freezin In The Cold,hip hop,0.6269207802431425
correlation,3,TRDFWVZ128F4284EF0,Alicia Keys,Why Do I Feel So Sad,r&b/soul,TRJVYHL128F14B042C,Todd Rundgren,Lost Horizon,pop,0.6231852304928315
correlation,1,TRFRUCJ128F4284EF2,Alicia Keys,Lovin U,r&b/soul,TRLVLVB128F4262D4E,Keziah Jones,Rhythm Is Love,r&b/soul,0.7179394169433773
correlation,2,TRFRUCJ128F4284EF2,Alicia Keys,Lovin U,r&b/soul,TRMAMOW128F145EC1E,Commodores,Easy,r&b/soul,0.6976826480524548
correlation,3,TRFRUCJ128F4284EF2,Alicia Keys,Lovin U,r&b/soul,TRQFRHF128C71968AA,The Charlatans,Dead Love,rock,0.6973701640573691
correlation,1,TRXONIT128F9355F39,Jeremih,My Ride,r&b/soul,TRISBQQ128F93217A2,2Pac,Strictly 4 My N.I.G.G.A.Z.,hip hop,0.734123673377395
correlation,2,TRXONIT128F9355F39,Jeremih,My Ride,r&b/soul,TRWAFQY128F425EE78,Anita Baker,In My Heart,jazz,0.7277660288484671
correlation,3,TRXONIT128F9355F39,Jeremih,My Ride,r&b/soul,TRTMQWK128F4241384,Kottonmouth Kings,Bump,hip hop,0.7001852146215009
correlation,1,TRURHNH128F9355F33,Jeremih,Starting All Over,r&b/soul,TRCHZXW128E079288A,Eminem,8 Mile,hip hop,0.6271918266894305
correlation,2,TRURHNH128F9355F33,Jeremih,Starting All Over,r&b/soul,TRSWQYN128F92FAAB6,Ashley MacIsaac,I Don't Need This,electronic,0.5926420302617316
correlation,3,TRURHNH128F9355F33,Jeremih,Starting All Over,r&b/soul,TROXHLM128F4266510,Blues Traveler,Hook,blues,0.5885484971867366
correlation,1,TRBVOUE128F92F4B3E,Duffy,Oh Boy,r&b/soul,TRQXHBL128F42A56FE,Ledisi,Best Friend,r&b/soul,0.6963203494162474
correlation,2,TRBVOUE128F92F4B3E,Duffy,Oh Boy,r&b/soul,TRLNJKO128F1468770,Hank Thompson,Drivin' Nails In My Coffin,country,0.6375393514887754
correlation,3,TRBVOUE128F92F4B3E,Duffy,Oh Boy,r&b/soul,TRGIGND128F92D45AA,Canned Heat,Dust My Broom,blues,0.6366238587498875
correlation,1,TRTAKII128F92E4449,Jay Sean,Maybe,r&b/soul,TRISFKH128F9336E63,Beastie Boys,So What'Cha Want (Butt Naked Version) (Explicit) (2009 Digital Remaster),hip hop,0.7100214544337967
correlation,2,TRTAKII128F92E4449,Jay Sean,Maybe,r&b/soul,TRFUNRS128F9346BF4,Tony Sly,On the Outside,folk,0.7039429337813329
correlation,3,TRTAKII128F92E4449,Jay Sean,Maybe,r&b/soul,TRVDYZC128F4268761,Billie Holiday,Guilty,jazz,0.7029649713313055
correlation,1,TRSHMDQ128F422C1D6,Jay Sean,Stuck In the Middle,r&b/soul,TRMUITB128F428ADAC,Kevon Edmonds,Never Love You,r&b/soul,0.7847426054645146
correlation,2,TRSHMDQ128F422C1D6,Jay Sean,Stuck In the Middle,r&b/soul,TRFUJVJ128F426F2A2,Lauryn Hill,Interlude 5,r&b/soul,0.7693226301741978
correlation,3,TRSHMDQ128F422C1D6,Jay Sean,Stuck In the Middle,r&b/soul,TRANDPI128F425AF41,Alice Smith,Dream,r&b/soul,0.74586039948556
correlation,1,TRENMSO128F42AF485,Fantasia,Bump What Your Friends Say,r&b/soul,TRPZKHL128F1456B3B,KeKe Wyatt,If Only You Knew,r&b/soul,0.7909399977424438
correlation,2,TRENMSO128F42AF485,Fantasia,Bump What Your Friends Say,r&b/soul,TRIJRST128E0793392,Samantha Mumba,Never Meant To Be,r&b/soul,0.7895894412033131
correlation,3,TRENMSO128F42AF485,Fantasia,Bump What Your Friends Say,r&b/soul,TRGLNKG128F9307689,Eminem,My Darling,hip hop,0.7851881946889966
correlation,1,TRTSASI12903CC26E8,Ray Charles,Smack Dab In The Middle,r&b/soul,TRMAVQT128F4270DBF,Johnny Cash,Man In White,country,0.6453548413846794
correlation,2,TRTSASI12903CC26E8,Ray Charles,Smack Dab In The Middle,r&b/soul,TRFAIBW128F428B7A6,RKL,Heavily Sedated,metal,0.6233725214676996
correlation,3,TRTSASI12903CC26E8,Ray Charles,Smack Dab In The Middle,r&b/soul,TRHKJVR128F42857EA,DJ Quik,Safe + Sound,hip hop,0.6226368219733805
correlation,1,TRNZNSR128F429F04B,Ray Charles,Don't You Know,r&b/soul,TRJLMAI128F92EBB04,Marques Houston,Naked,r&b/soul,0.6655444221016612
correlation,2,TRNZNSR128F429F04B,Ray Charles,Don't You Know,r&b/soul,TRCDLUM128F9331CA9,Usher,Love Was Here,hip hop,0.6529901625776031
correlation,3,TRNZNSR128F429F04B,Ray Charles,Don't You Know,r&b/soul,TRYOUMI128E078F4DE,K-Ci & JoJo,Baby Come Back,blues,0.6356607600794232
correlation,1,TRWFFHM128F92F99C4,Chrisette Michele,All I Ever Think About,r&b/soul,TRNHSZN128F930FF03,Clawfinger,Revenge,metal,0.807216860454554
correlation,2,TRWFFHM128F92F99C4,Chrisette Michele,All I Ever Think About,r&b/soul,TRSTJFQ128F428DA21,Less Than Jake,I Think I Love You,reggae,0.7867425057098573
correlation,3,TRWFFHM128F92F99C4,Chrisette Michele,All I Ever Think About,r&b/soul,TRZCHKB128F92CB740,Anastacia,Club Megamix,rock,0.7782621352796967
correlation,1,TRDIOJU128F931BF15,Jackson 5,(You Were Made) Especially For Me,r&b/soul,TRMQQGH128F9301E4B,Mutya Buena,Not Your Baby,pop,0.7087265340880111
correlation,2,TRDIOJU128F931BF15,Jackson 5,(You Were Made) Especially For Me,r&b/soul,TRRREHG128F9319163,Bad Brains,Don't Bother Me (Bad Brains),punk,0.6912720310629558
correlation,3,TRDIOJU128F931BF15,Jackson 5,(You Were Made) Especially For Me,r&b/soul,TRMVGKO128E078552F,Keith Sweat,Give Me What I Want (LP Version),r&b/soul,0.6864304361861905
correlation,1,TRGYQBU128F9342C87,Jackson 5,I Was Made To Love Her,r&b/soul,TRIGERV128F1478764,Con Funk Shun,Electric Lady,r&b/soul,0.6717570958821739
correlation,2,TRGYQBU128F9342C87,Jackson 5,I Was Made To Love Her,r&b/soul,TRFAWIW128F9318B9B,Doyle Bramhall,Cryin',blues,0.665689704421385
correlation,3,TRGYQBU128F9342C87,Jackson 5,I Was Made To Love Her,r&b/soul,TRQRKRR128F423FBED,The Knack,Heartbeat,rock,0.6438404970303303
correlation,1,TRVBSAC128F42B6438,Jackson 5,Bridge Over Troubled Water,r&b/soul,TRMMKHM128E078EFB3,Boyz II Men,To The Limit,r&b/soul,0.6467640477207898
correlation,2,TRVBSAC128F42B6438,Jackson 5,Bridge Over Troubled Water,r&b/soul,TRWKDZE128F1451EAC,The Dells,It's All Up To You,r&b/soul,0.6311256320471428
correlation,3,TRVBSAC128F42B6438,Jackson 5,Bridge Over Troubled Water,r&b/soul,TRUYHIL128F92E4B2C,Annihilator,Hunter killer,metal,0.6301345510454471
correlation,1,TRHTGXF128F931BEE7,Jackson 5,Goin' Back To Indiana,r&b/soul,TRHSDRF128F9309C33,Mc Chris,hoodie ninja,hip hop,0.7750243661098029
correlation,2,TRHTGXF128F931BEE7,Jackson 5,Goin' Back To Indiana,r&b/soul,TRZYUDY128F148AD53,Jessica Andrews,Who I Am,country,0.7656252890766724
correlation,3,TRHTGXF128F931BEE7,Jackson 5,Goin' Back To Indiana,r&b/soul,TRSCACN12903CBA2C9,Midnite,Bushman,reggae,0.7575449250550096
correlation,1,TRULIIL128F4228AC8,Jackson 5,Lookin' Through The Windows,r&b/soul,TRFJKWU12903CC37B1,Crystal Castles,Insectica,punk,0.44305882434657345
correlation,2,TRULIIL128F4228AC8,Jackson 5,Lookin' Through The Windows,r&b/soul,TRFYURA128F932E71C,Echobelly,Dark Therapy,pop,0.414536007371797
correlation,3,TRULIIL128F4228AC8,Jackson 5,Lookin' Through The Windows,r&b/soul,TRPDEMC128F421E0E7,Chiasm,Enemy,electronic,0.3956536702155448
correlation,1,TRTKNDU128EF3517DF,Jackson 5,You've Changed,r&b/soul,TRXKZZM128F9336E7C,Adina Howard,Nasty Grind,r&b/soul,0.7301559332730105
correlation,2,TRTKNDU128EF3517DF,Jackson 5,You've Changed,r&b/soul,TRKJXTX128F92FA34E,The Specials,Skinhead Moonstomp,reggae,0.7278682674772853
correlation,3,TRTKNDU128EF3517DF,Jackson 5,You've Changed,r&b/soul,TRXPXPC12903CCC600,Creed,Wrong Way,rock,0.7254857758062391
correlation,1,TRQBNNZ128F92D4F35,Jazmine Sullivan,Switch!,r&b/soul,TRMEKRF12903CC80A6,Bouncing Souls_ The,Pervert,electronic,0.7445085400426233
correlation,2,TRQBNNZ128F92D4F35,Jazmine Sullivan,Switch!,r&b/soul,TRKLJAG128F42B31CF,Mario Vazquez,Everytime I...,r&b/soul,0.7288863583045776
correlation,3,TRQBNNZ128F92D4F35,Jazmine Sullivan,Switch!,r&b/soul,TREBQOW128F92C4549,Common,Book Of Life,hip hop,0.7280807051064322
correlation,1,TRTYGWW128E0794FA2,The Police,One World (Not Three),reggae,TRINNQX128F425AD26,The Derek Trucks Band,Revolution,blues,0.6108044472547091
correlation,2,TRTYGWW128E0794FA2,The Police,One World (Not Three),reggae,TRZYDHT128F145736F,Tracie Spencer,Imagine,r&b/soul,0.5741600916846826
correlation,3,TRTYGWW128E0794FA2,The Police,One World (Not Three),reggae,TRLINLH128F9346400,Black Eyed Peas,One Tribe,hip hop,0.5372311211566749
correlation,1,TRKHTKI128F92EA339,Matisyahu,Close My Eyes,reggae,TRKAIPI128C719636E,Blackalicious,Just What Can Happen,hip hop,0.7626606216695349
correlation,2,TRKHTKI128F92EA339,Matisyahu,Close My Eyes,reggae,TREKDDG128F4298103,The Cat Empire,Days Like These,reggae,0.7462697315610111
correlation,3,TRKHTKI128F92EA339,Matisyahu,Close My Eyes,reggae,TRYAVHM12903CF521E,Swollen Members,Switchblade,hip hop,0.7442695498665806
correlation,1,TRACTLX128F42A51F6,Matisyahu,Exaltation,reggae,TRORMHQ128F92CB796,Opera IX,Immortal Chant,metal,0.634470709313324
correlation,2,TRACTLX128F42A51F6,Matisyahu,Exaltation,reggae,TRAHKMS128F934B09E,Lizzy Borden,There Will Be Blood Tonight,metal,0.6165606996773012
correlation,3,TRACTLX128F42A51F6,Matisyahu,Exaltation,reggae,TRJFZZH128F92D2026,Frank Sinatra,The Girl That I Marry,jazz,0.616559988230694
correlation,1,TRHQAPS128F42A51F4,Matisyahu,Fire and Heights,reggae,TRRYRGF128F42934E3,Sage Francis,Clickety Clack,hip hop,0.8252824659095381
correlation,2,TRHQAPS128F42A51F4,Matisyahu,Fire and Heights,reggae,TRVVIWJ128F42697BA,Fat Joe,Preacher On A Sunday Morning,hip hop,0.8109619509442365
correlation,3,TRHQAPS128F42A51F4,Matisyahu,Fire and Heights,reggae,TRNVKOI128E0799173,Snoop Dogg,Snoopafella (Edited),hip hop,0.794258461771803
correlation,1,TRWMHCZ128F42AE295,Matisyahu,Jerusalem,reggae,TRCGLHM128F92EACF7,Freshman 15,When Cheating Had Feeling,punk,0.6629533509265205
correlation,2,TRWMHCZ128F42AE295,Matisyahu,Jerusalem,reggae,TRSEAVW128F429E22F,A Tribe Called Quest,Rap Promoter,hip hop,0.6402859396586621
correlation,3,TRWMHCZ128F42AE295,Matisyahu,Jerusalem,reggae,TRMQQGH128F9301E4B,Mutya Buena,Not Your Baby,pop,0.6341342472398706
correlation,1,TRMMTKA128F42A51E7,Matisyahu,Warrior,reggae,TROSICW128F933ADB8,Damien Dempsey,Colony,folk,0.6579159037940179
correlation,2,TRMMTKA128F42A51E7,Matisyahu,Warrior,reggae,TRRYRGF128F42934E3,Sage Francis,Clickety Clack,hip hop,0.6570370691049815
correlation,3,TRMMTKA128F42A51E7,Matisyahu,Warrior,reggae,TRPEVHC128F92FADB9,Buffy Sainte-Marie,Now That the Buffalo's Gone,folk,0.6500575147393528
correlation,1,TRPPHPV128F92F0750,Sublime,Don't Push,reggae,TRVUUKM128F425FB16,King Tee,Guitar Playin',hip hop,0.7786121901172166
correlation,2,TRPPHPV128F92F0750,Sublime,Don't Push,reggae,TRXEITL128F92EBCF0,St. Lunatics,Time,hip hop,0.7749485480152069
correlation,3,TRPPHPV128F92F0750,Sublime,Don't Push,reggae,TRFPLQD128F92FFB52,Kool Moe Dee,Bad Mutha,hip hop,0.7744176451430611
correlation,1,TRZDKCU128F1456899,Sublime,Pawn Shop,reggae,TRWQJFO128F9320B80,Atom And His Package,Upside Down From Here,electronic,0.5448581044379096
correlation,2,TRZDKCU128F1456899,Sublime,Pawn Shop,reggae,TRNTRQP128F931B102,Architecture In Helsinki,Underwater,pop,0.5327972569360876
correlation,3,TRZDKCU128F1456899,Sublime,Pawn Shop,reggae,TRSCFSP128F9315B0D,ANJA GARBAREK,Something Written,jazz,0.4611179525350118
correlation,1,TRQCFKA128F148A0D5,Michael Franti & Spearhead,See you in the Light,reggae,TRJATQE12903CB4F22,Thomas Dolby,I Live In A Suitcase,electronic,0.7066446569657696
correlation,2,TRQCFKA128F148A0D5,Michael Franti & Spearhead,See you in the Light,reggae,TRFAIBW128F428B7A6,RKL,Heavily Sedated,metal,0.687719533600201
correlation,3,TRQCFKA128F148A0D5,Michael Franti & Spearhead,See you in the Light,reggae,TRQCXUL128E078A9D6,The Streets,The Irony Of It All (Album Version),electronic,0.6876789193724857
correlation,1,TRPPATZ128F428BA6E,Michael Franti & Spearhead,Sweet Little Lies,reggae,TROKPEY128F4293061,Faithless,Salva Mea,electronic,0.5974283205833103
correlation,2,TRPPATZ128F428BA6E,Michael Franti & Spearhead,Sweet Little Lies,reggae,TRZHFGK128F423B618,Sharon Jones & The Dap-Kings,Tell Me,r&b/soul,0.5777759084486064
correlation,3,TRPPATZ128F428BA6E,Michael Franti & Spearhead,Sweet Little Lies,reggae,TRZFXRK12903CBE34F,Albert King,I Get Evil,blues,0.5724062318758438
correlation,1,TRMVVWQ128F422BB64,McFly,The Way You Make Me Feel,reggae,TRDHWHD128F931BCA3,Sunscreem,Pressure,electronic,0.813297198169567
correlation,2,TRMVVWQ128F422BB64,McFly,The Way You Make Me Feel,reggae,TRZCHKB128F92CB740,Anastacia,Club Megamix,rock,0.7343102368987269
correlation,3,TRMVVWQ128F422BB64,McFly,The Way You Make Me Feel,reggae,TRFNFSL128F146E882,Lemar,Time To Grow,r&b/soul,0.7302767990995602
correlation,1,TRRATGY12903D138DB,Daddy Yankee,Grito Mundial,reggae,TRNIELN128F4275E78,Inti Illimani,El Arado,latin,0.6668025105626915
correlation,2,TRRATGY12903D138DB,Daddy Yankee,Grito Mundial,reggae,TRTSIYO128F9339267,Atahualpa Yupanqui,Milonga Del Solitario,folk,0.6558810060201941
correlation,3,TRRATGY12903D138DB,Daddy Yankee,Grito Mundial,reggae,TRLCMGN128F92FFA2E,Sebastien Tellier,League Chicanos,latin,0.6351815693431964
correlation,1,TRPSKLI128F425E42C,tobyMac,Get This Party Started: Ghost Remix,reggae,TRMTDOR128F4258632,Four Year Strong,Catastrophe,punk,0.5707707828598587
correlation,2,TRPSKLI128F425E42C,tobyMac,Get This Party Started: Ghost Remix,reggae,TREXCMT128F933D825,Vanilla Ice,It's A Party,hip hop,0.505355534299166
correlation,3,TRPSKLI128F425E42C,tobyMac,Get This Party Started: Ghost Remix,reggae,TRGFFYK128F933CB76,Nick Cave & The Bad Seeds,Midnight Man,rock,0.5032551920224068
correlation,1,TRWQMVZ128E078F1F7,Bob Marley & The Wailers,Africa Unite,reggae,TRUNLGW128F92F9569,Gamma Ray,Heavy Metal Universe (live),metal,0.6541634586902629
correlation,2,TRWQMVZ128E078F1F7,Bob Marley & The Wailers,Africa Unite,reggae,TRDRPZZ128F421D0DA,Zeigeist,Black Milk,electronic,0.6384617200199074
correlation,3,TRWQMVZ128E078F1F7,Bob Marley & The Wailers,Africa Unite,reggae,TRNMHLT128F933D65F,Buck-O-Nine,New Generation,reggae,0.6175824533439538
correlation,1,TRHDTPQ128F147733A,Bob Marley & The Wailers,Could You Be Loved,reggae,TRQCMLS128F933DB3B,Boyz II Men,Could It Be I'm Falling In Love,r&b/soul,0.6264738571268593
correlation,2,TRHDTPQ128F147733A,Bob Marley & The Wailers,Could You Be Loved,reggae,TRLXZCU128F4298B33,The Enemy,It's Not OK [Live From London],rock,0.6095605052392781
correlation,3,TRHDTPQ128F147733A,Bob Marley & The Wailers,Could You Be Loved,reggae,TRPVTRG128F425AB3E,Lisa Stansfield,I Will Be Waiting,pop,0.576796726208667
correlation,1,TRUVZTN128F424B846,Bob Marley,No Water,reggae,TRQMVYN128F4250E38,Bob Marley,Rebels Hop,reggae,0.9932317150001178
correlation,2,TRUVZTN128F424B846,Bob Marley,No Water,reggae,TRXXPYK128F14805B7,Phil Collins,A Groovy Kind Of Love (Live),pop,0.7034400136386245
correlation,3,TRUVZTN128F424B846,Bob Marley,No Water,reggae,TRENDJC128F42790D9,Amel Larrieux,Sweet Misery,r&b/soul,0.6857268786540119
correlation,1,TRGPDHJ128F14527D5,Bob Marley & The Wailers,One Love / People Get Ready,reggae,TRLINLH128F9346400,Black Eyed Peas,One Tribe,hip hop,0.5869638593102416
correlation,2,TRGPDHJ128F14527D5,Bob Marley & The Wailers,One Love / People Get Ready,reggae,TRLOZGV128F42A06E6,Tanya Tucker,One Love At A Time,jazz,0.5233580834215686
correlation,3,TRGPDHJ128F14527D5,Bob Marley & The Wailers,One Love / People Get Ready,reggae,TRJEUZK128F146858D,Roxette,From One Heart To Another,pop,0.48149214388924777
correlation,1,TRHKHHL128F4251E2A,Bob Marley,Try Me,reggae,TRBYSYI128E07919D8,Trisha Yearwood,Try Me Again,country,0.805257905793566
correlation,2,TRHKHHL128F4251E2A,Bob Marley,Try Me,reggae,TRXTLLG128F930416B,Bizzy Bone,I Need You,hip hop,0.7318707881167811
correlation,3,TRHKHHL128F4251E2A,Bob Marley,Try Me,reggae,TRKZRCW128F4233621,Diana Krall,Peel Me A Grape,jazz,0.6892733119960319
correlation,1,TRAMTEH128F930D496,Bob Marley & The Wailers,Baby We've Got A Date (Rock It Baby),reggae,TRADWLM128F42678B1,Ringo Starr,Where Did Our Love Go,rock,0.5602901125027496
correlation,2,TRAMTEH128F930D496,Bob Marley & The Wailers,Baby We've Got A Date (Rock It Baby),reggae,TRKIRIG128E0791EB7,Floetry,Getting Late,r&b/soul,0.5549814745364113
correlation,3,TRAMTEH128F930D496,Bob Marley & The Wailers,Baby We've Got A Date (Rock It Baby),reggae,TRAMJWO128EF343C19,Sarah Connor,French Kissing,r&b/soul,0.5124384069273412
correlation,1,TRCGRJV128F1477322,Bob Marley & The Wailers,Johnny Was,reggae,TRFEGGQ128E07898AA,Etta James,W.O.M.A.N.,blues,0.5880641689006172
correlation,2,TRCGRJV128F1477322,Bob Marley & The Wailers,Johnny Was,reggae,TRUOWXS128F4232239,Little Anthony & The Imperials,Shimmy_ Shimmy_ Ko-Ko-Bop (Single Version),latin,0.5161077045587932
correlation,3,TRCGRJV128F1477322,Bob Marley & The Wailers,Johnny Was,reggae,TRWGVKC128F92EAB51,John Legend,Stereo,r&b/soul,0.5003414974449235
correlation,1,TRRVJJF128F9309F02,Bob Marley,Riding High,reggae,TRALDGD128F932DC4B,Belleruche,Northern Girls,jazz,0.6418841917752074
correlation,2,TRRVJJF128F9309F02,Bob Marley,Riding High,reggae,TRNPSMI128F14A8E06,Brian McKnight,Holdin' On [Missin' U] (Album Version),r&b/soul,0.6359842377758674
correlation,3,TRRVJJF128F9309F02,Bob Marley,Riding High,reggae,TRRYBBN128F42B15B8,Johnny Winter,Prodigal Son,blues,0.6352888378914179
correlation,1,TRDXHIR128F930E030,Bob Marley,Soul Shakedown,reggae,TRABNVL128F14A9685,Banaroo,Ringa Ding Ding,electronic,0.6006225375280059
correlation,2,TRDXHIR128F930E030,Bob Marley,Soul Shakedown,reggae,TRMQQGH128F9301E4B,Mutya Buena,Not Your Baby,pop,0.5461881056890138
correlation,3,TRDXHIR128F930E030,Bob Marley,Soul Shakedown,reggae,TRHFADH128F92E2BE3,Muse,Pink Ego Box,rock,0.5448261418018935
correlation,1,TRDTEUX12903CB4AD7,Bob Marley & The Wailers,Trenchtown Rock,reggae,TRKSXRS128F14AA089,Natalie Cole,I'm Catching Hell (Living Here Alone) (Digitally Remastered 02),jazz,0.6509760172104438
correlation,2,TRDTEUX12903CB4AD7,Bob Marley & The Wailers,Trenchtown Rock,reggae,TRKOFWG128F42437E1,Mississippi Fred McDowell,Bull Dog Blues,blues,0.6460380299340949
correlation,3,TRDTEUX12903CB4AD7,Bob Marley & The Wailers,Trenchtown Rock,reggae,TRTAYPD128F42A4C9C,Murs,You & I,hip hop,0.6247655997466823
correlation,1,TRVTZTY128E0781E22,Massive Attack,Eternal Feedback (Sly),reggae,TRSGBEL128F1499690,Scooter,She's The Sun,electronic,0.6890165037624424
correlation,2,TRVTZTY128E0781E22,Massive Attack,Eternal Feedback (Sly),reggae,TRJXWSW12903CC98F4,Plan B,Stay Too Long,r&b/soul,0.6845272326785261
correlation,3,TRVTZTY128E0781E22,Massive Attack,Eternal Feedback (Sly),reggae,TRWILVQ128F42644B3,Ben Folds Five,Don't Change Your Plans,rock,0.6842322746480584
correlation,1,TRORKSH128F9320C21,Bob Marley & The Wailers,Black Progress,reggae,TROFTGV128F1458F77,Public Image Ltd,Bags,punk,0.6140784101656432
correlation,2,TRORKSH128F9320C21,Bob Marley & The Wailers,Black Progress,reggae,TRXICJK128F1466AA5,Digable Planets,Slowes' Comb/The May 4th Movement starring Doodlebug,reggae,0.5185035338156879
correlation,3,TRORKSH128F9320C21,Bob Marley & The Wailers,Black Progress,reggae,TRRZYOC128F423085D,Lightnin' Hopkins,Big Black Cadillac Blues,blues,0.5171071863486332
correlation,1,TRGEMSN128E07944A8,Bob Marley & The Wailers,Reggae On Broadway,reggae,TRBUJAC128F92DE866,Scandinavian Music Group,Näin minä vihellän matkallani,pop,0.651322104054422
correlation,2,TRGEMSN128E07944A8,Bob Marley & The Wailers,Reggae On Broadway,reggae,TROZVGY128F425A54E,Groove Armada,Groove Is On,electronic,0.6454777638179506
correlation,3,TRGEMSN128E07944A8,Bob Marley & The Wailers,Reggae On Broadway,reggae,TRDXSJQ128F92CEE86,The Replacements,Love You Till Friday,punk,0.6084977110164369
correlation,1,TRQMVYN128F4250E38,Bob Marley,Rebels Hop,reggae,TRUVZTN128F424B846,Bob Marley,No Water,reggae,0.9932317150001178
correlation,2,TRQMVYN128F4250E38,Bob Marley,Rebels Hop,reggae,TRXXPYK128F14805B7,Phil Collins,A Groovy Kind Of Love (Live),pop,0.6983789577727444
correlation,3,TRQMVYN128F4250E38,Bob Marley,Rebels Hop,reggae,TRENDJC128F42790D9,Amel Larrieux,Sweet Misery,r&b/soul,0.6807726398067877
correlation,1,TRDJCNG128F9339544,Bob Marley,Stop The Train,reggae,TREHMYJ128F42BA1E6,Björk,Hunter,electronic,0.7001736511253686
correlation,2,TRDJCNG128F9339544,Bob Marley,Stop The Train,reggae,TRZKMDX128F4277845,Lucky Dube,Slave,reggae,0.6830995939417711
correlation,3,TRDJCNG128F9339544,Bob Marley,Stop The Train,reggae,TRFMKNB128F92D065C,Little Walter,Key To The Highway,blues,0.68266310775394
correlation,1,TRVSWGN12903CB4A44,Bob Marley & The Wailers,This Train,reggae,TRJCGEW12903CDB113,bathory,Psychopath,metal,0.47866972395719976
correlation,2,TRVSWGN12903CB4A44,Bob Marley & The Wailers,This Train,reggae,TRDJFEZ128F932AAEE,Agonoize,C.O.A.,electronic,0.46619372347181276
correlation,3,TRVSWGN12903CB4A44,Bob Marley & The Wailers,This Train,reggae,TRXLZMH128F427F6AC,J.J. Cale,Ridin Home,blues,0.4647927350523464
correlation,1,TRNJPBY128F92F621A,N-Dubz,Defeat You,reggae,TRKLJAG128F42B31CF,Mario Vazquez,Everytime I...,r&b/soul,0.7242473250487068
correlation,2,TRNJPBY128F92F621A,N-Dubz,Defeat You,reggae,TRLIRTX128EF35F038,Habakuk,Mury,reggae,0.7181540570444185
correlation,3,TRNJPBY128F92F621A,N-Dubz,Defeat You,reggae,TRWBWCV12903CF1327,Wild Strawberries,Heroine,folk,0.7051030477731444
correlation,1,TRINMBD128F92F6211,N-Dubz,Don't Get Nine,reggae,TRDQOIQ128E078746B,Jane Child,Don't Let It Get To You (Album Version),pop,0.7496244722214047
correlation,2,TRINMBD128F92F6211,N-Dubz,Don't Get Nine,reggae,TRFLMQX128F9341492,Edith Piaf,Dont Cry,punk,0.7258242354494234
correlation,3,TRINMBD128F92F6211,N-Dubz,Don't Get Nine,reggae,TRPQDHV128E07845CB,Kanye West,Graduation Day,hip hop,0.7124664958601579
correlation,1,TRRKBRB128EF35E2DA,N-Dubz,Feva Las Vegas,reggae,TREYKNZ128F92F41C1,Swollen Members,Concerto,hip hop,0.6261593382475532
correlation,2,TRRKBRB128EF35E2DA,N-Dubz,Feva Las Vegas,reggae,TRSLSWO128E0786285,Redman,Soopaman Luva 3,hip hop,0.6206495616082982
correlation,3,TRRKBRB128EF35E2DA,N-Dubz,Feva Las Vegas,reggae,TRFOGZN128F42882B5,OutKast,Claimin' True,hip hop,0.6157933721988823
correlation,1,TRYPJXU128F92F621C,N-Dubz,Secrets,reggae,TRZCHKB128F92CB740,Anastacia,Club Megamix,rock,0.7971921479900695
correlation,2,TRYPJXU128F92F621C,N-Dubz,Secrets,reggae,TRVVBPB128F4250C72,Classified,Freezin In The Cold,hip hop,0.7869389038693176
correlation,3,TRYPJXU128F92F621C,N-Dubz,Secrets,reggae,TREBQOW128F92C4549,Common,Book Of Life,hip hop,0.784053261590385
correlation,1,TRGNBCC128F92F6218,N-Dubz,Work Work,reggae,TRYYRLU12903D082FF,Jonny Lang,Breakin Me,blues,0.750212082319162
correlation,2,TRGNBCC128F92F6218,N-Dubz,Work Work,reggae,TRABMIY128F426EA8F,Babyface,Seven Seas,r&b/soul,0.7500306017156675
correlation,3,TRGNBCC128F92F6218,N-Dubz,Work Work,reggae,TROXHLM128F4266510,Blues Traveler,Hook,blues,0.7474030462516682
correlation,1,TRDNAVT128F428A246,Dropkick Murphys,Good Rats (Live),reggae,TRPZEWS128F92F585E,Billy Currington,That's How Country Boys Roll,country,0.6411415645622978
correlation,2,TRDNAVT128F428A246,Dropkick Murphys,Good Rats (Live),reggae,TRBJDUF128F92D74D1,The Dubliners,The Molly Maguires,folk,0.6274481189109188
correlation,3,TRDNAVT128F428A246,Dropkick Murphys,Good Rats (Live),reggae,TROPIPE128F92EEDC3,Fiddler's Green,Sporting Day,folk,0.611076911353282
correlation,1,TRRHCOS128F4248193,Tito El Bambino,Sol_ Playa Y Arena,reggae,TRRQFHI128F42AC06B,Joan Manuel Serrat,La Aristocracia del Barrio,latin,0.8407372078535328
correlation,2,TRRHCOS128F4248193,Tito El Bambino,Sol_ Playa Y Arena,reggae,TRNIELN128F4275E78,Inti Illimani,El Arado,latin,0.8081005909476504
correlation,3,TRRHCOS128F4248193,Tito El Bambino,Sol_ Playa Y Arena,reggae,TRMFTFY128F1496B64,Panteón Rococó,La Carencia,reggae,0.8007069914688745
correlation,1,TRFGOUF128F9348838,UB40,I Don't Want To See You Cry,reggae,TRFLMQX128F9341492,Edith Piaf,Dont Cry,punk,0.784458600040336
correlation,2,TRFGOUF128F9348838,UB40,I Don't Want To See You Cry,reggae,TRFMMQY128F931855B,Magic Affair,Give Me All Your Love,electronic,0.7559253904201847
correlation,3,TRFGOUF128F9348838,UB40,I Don't Want To See You Cry,reggae,TRMQQGH128F9301E4B,Mutya Buena,Not Your Baby,pop,0.7559251374551844
correlation,1,TRQLICG12903CBFAFD,UB40,Come Back Darling,reggae,TRWUNUL128F145C985,Gerry Rafferty,Waiting For The Day,folk,0.6630457035563457
correlation,2,TRQLICG12903CBFAFD,UB40,Come Back Darling,reggae,TRXTLLG128F930416B,Bizzy Bone,I Need You,hip hop,0.6400796051958865
correlation,3,TRQLICG12903CBFAFD,UB40,Come Back Darling,reggae,TRHYECQ128F146E6E3,Tift Merritt,Your Love Made A U Turn,rock,0.6002708588769904
correlation,1,TREKDZI128F146A972,UB40,Here I Am (Come And Take Me),reggae,TRLZRCQ128F425E102,Death In Vegas,Girls,electronic,0.7749381286509341
correlation,2,TREKDZI128F146A972,UB40,Here I Am (Come And Take Me),reggae,TRLNCCP128F426504E,Michael Penn,Comfort,rock,0.7547833925241773
correlation,3,TREKDZI128F146A972,UB40,Here I Am (Come And Take Me),reggae,TREWIVO128E0782339,Robbie Williams,Come Take Me Over,pop,0.7467897125708017
correlation,1,TRJDXEG128E07820DB,UB40,Light My Fire,reggae,TRDXSJQ128F92CEE86,The Replacements,Love You Till Friday,punk,0.5781496230505504
correlation,2,TRJDXEG128E07820DB,UB40,Light My Fire,reggae,TRLTYLK128F92FE6FF,Britney Spears,Radar,pop,0.5442338990806684
correlation,3,TRJDXEG128E07820DB,UB40,Light My Fire,reggae,TRNZNSR128F429F04B,Ray Charles,Don't You Know,r&b/soul,0.5363306454262196
correlation,1,TRKHYKB128E0789D42,Coldplay,Til Kingdom Come,rock,TRTMJLR128F1463837,Dusty Springfield,Meditation,jazz,0.768788579069581
correlation,2,TRKHYKB128E0789D42,Coldplay,Til Kingdom Come,rock,TRPFDHQ128F42B97F9,Vashti Bunyan,Hidden,folk,0.7633050817286174
correlation,3,TRKHYKB128E0789D42,Coldplay,Til Kingdom Come,rock,TRABMIY128F426EA8F,Babyface,Seven Seas,r&b/soul,0.7476250590722796
correlation,1,TRDVELE128F932810A,Bruce Springsteen,Brothers Under The Bridges ('83),rock,TRKVITQ128F4271B31,Johnny Cash,Daddy Sang Bass,country,0.5874314502412195
correlation,2,TRDVELE128F932810A,Bruce Springsteen,Brothers Under The Bridges ('83),rock,TRORMHQ128F92CB796,Opera IX,Immortal Chant,metal,0.5768284997622628
correlation,3,TRDVELE128F932810A,Bruce Springsteen,Brothers Under The Bridges ('83),rock,TRCIVXK128F426936A,Johnny Horton,The Battle Of New Orleans,country,0.5696720469269049
correlation,1,TRCONIY128F932A7DA,Bruce Springsteen,The Big Payback,rock,TRDPGXU128F9339C2A,Beastie Boys,B-Boy Bouillabaisse: A.W.O.L. (2009 Digital Remaster),hip hop,0.7940886101353583
correlation,2,TRCONIY128F932A7DA,Bruce Springsteen,The Big Payback,rock,TRXYREI128F4261E8F,Big L,Lifestylez Ov Da Poor & Dangerous,hip hop,0.7930863502053419
correlation,3,TRCONIY128F932A7DA,Bruce Springsteen,The Big Payback,rock,TROSKLK128F145806A,Us3,It's Like That,jazz,0.7895522928983524
correlation,1,TRWULBB128F42670A3,Bruce Springsteen,The Ties That Bind,rock,TRPBTSJ128F42A3168,Harry Belafonte,Angelina,latin,0.7862940916696419
correlation,2,TRWULBB128F42670A3,Bruce Springsteen,The Ties That Bind,rock,TRQYUKJ12903C9A1CE,Kevin Devine,It's Only Your Life,folk,0.7722330839792182
correlation,3,TRWULBB128F42670A3,Bruce Springsteen,The Ties That Bind,rock,TRGLJRY128F14841E2,Brand New Heavies_ The,"You Are The Universe (Roger's Universal 7"" Edit)",jazz,0.7555951466083993
correlation,1,TROQFYY128F429DBA0,The Killers,Sam's Town,rock,TRDPGXU128F9339C2A,Beastie Boys,B-Boy Bouillabaisse: A.W.O.L. (2009 Digital Remaster),hip hop,0.809480699347318
correlation,2,TROQFYY128F429DBA0,The Killers,Sam's Town,rock,TREBQOW128F92C4549,Common,Book Of Life,hip hop,0.7887055838920082
correlation,3,TROQFYY128F429DBA0,The Killers,Sam's Town,rock,TRJPNAE128F425FAFB,King Tee,Act A Fool,hip hop,0.7885233865746223
correlation,1,TRHFADH128F92E2BE3,Muse,Pink Ego Box,rock,TRYYRLU12903D082FF,Jonny Lang,Breakin Me,blues,0.738113053880505
correlation,2,TRHFADH128F92E2BE3,Muse,Pink Ego Box,rock,TRDHLOW128F429BA29,Scars Of Life,Descending,rock,0.7173080183330145
correlation,3,TRHFADH128F92E2BE3,Muse,Pink Ego Box,rock,TRRVFNZ12903CD476D,Fats Domino,Blue Monday,blues,0.7087874848982082
correlation,1,TROAQBZ128F9326213,OneRepublic,Secrets,rock,TREBPOO128F4297132,DUNCAN SHEIK,House Full Of Riches (LP Version),folk,0.6436484675347854
correlation,2,TROAQBZ128F9326213,OneRepublic,Secrets,rock,TRGOLAX128F92F87BF,Wayne Hancock,Johnson City,country,0.6433441104184422
correlation,3,TROAQBZ128F9326213,OneRepublic,Secrets,rock,TRBWKZD128F428AAEB,A Tribe Called Quest,Hot Sex,hip hop,0.6415703323556031
correlation,1,TRVZCTL128E078F0BE,Bon Jovi,Come Back,rock,TRUCKFR12903CC5B00,Dionne Warwick,This Empty Place,r&b/soul,0.7078124941040248
correlation,2,TRVZCTL128E078F0BE,Bon Jovi,Come Back,rock,TRDNBHN128F148C54E,Public Enemy,Hit The Road Jack,hip hop,0.6154120263827026
correlation,3,TRVZCTL128E078F0BE,Bon Jovi,Come Back,rock,TRWUNUL128F145C985,Gerry Rafferty,Waiting For The Day,folk,0.6081778730415826
correlation,1,TRAERPT128F931103E,The Rolling Stones,Time Is On My Side,rock,TRQKPHI12903CE4D44,Rebelution,Bump,reggae,0.6174952333359083
correlation,2,TRAERPT128F931103E,The Rolling Stones,Time Is On My Side,rock,TRTATZQ128F427EDD0,Emiliana Torrini,Sunny Road,folk,0.6082963913390312
correlation,3,TRAERPT128F931103E,The Rolling Stones,Time Is On My Side,rock,TRAURYK128F92C490D,Pete Murray,My Time,folk,0.604699423902991
correlation,1,TRQXTQT128E0781DA7,The Rolling Stones,Fight (1994 Digital Remaster),rock,TRUEGMJ128F148D40C,Slick Rick,Let's Get Crazy,hip hop,0.575146558701063
correlation,2,TRQXTQT128E0781DA7,The Rolling Stones,Fight (1994 Digital Remaster),rock,TRBUESY128F92F81F6,Black Eyed Peas,Boom Boom Guetta,hip hop,0.5719654414363782
correlation,3,TRQXTQT128E0781DA7,The Rolling Stones,Fight (1994 Digital Remaster),rock,TRLJPRR128F1466819,Us3,Knowledge Of Self,jazz,0.5457789755293396
correlation,1,TRAUYZG12903CDA4E9,Bon Jovi,This Ain't A Love Song,rock,TRSTJFQ128F428DA21,Less Than Jake,I Think I Love You,reggae,0.8051857329093607
correlation,2,TRAUYZG12903CDA4E9,Bon Jovi,This Ain't A Love Song,rock,TRWXSWA128F1456793,Shai,Waiting For The Day,r&b/soul,0.7887029984013556
correlation,3,TRAUYZG12903CDA4E9,Bon Jovi,This Ain't A Love Song,rock,TRBWKZD128F428AAEB,A Tribe Called Quest,Hot Sex,hip hop,0.7808211700212838
correlation,1,TRGESLP12903CE31C8,Bon Jovi,Superman Tonight,rock,TRPBTSJ128F42A3168,Harry Belafonte,Angelina,latin,0.7441227098427268
correlation,2,TRGESLP12903CE31C8,Bon Jovi,Superman Tonight,rock,TRNHSZN128F930FF03,Clawfinger,Revenge,metal,0.7378428684441032
correlation,3,TRGESLP12903CE31C8,Bon Jovi,Superman Tonight,rock,TRAXJDA128F92E111E,Tom T. Hall,I Care,country,0.7168699987176247
correlation,1,TRPAYRK128E0792986,Guns N' Roses,Bad Obsession,rock,TRYXRXL128F427F13A,Robbie Williams,It's De-Lovely,jazz,0.6857242031990191
correlation,2,TRPAYRK128E0792986,Guns N' Roses,Bad Obsession,rock,TRTYLFM12903CD2C97,Eric B. & Rakim,I Know You Got Soul,hip hop,0.6686499151381713
correlation,3,TRPAYRK128E0792986,Guns N' Roses,Bad Obsession,rock,TRYAPRE128F425EE39,Tanya Tucker,Complicated,country,0.6685804719017522
correlation,1,TRKMXIA128F4299423,Elvis Presley,Anything That's Part Of You,rock,TRGNWZK128F42960A4,Syleena Johnson,All Of Me,r&b/soul,0.7463857887001736
correlation,2,TRKMXIA128F4299423,Elvis Presley,Anything That's Part Of You,rock,TRWNUXN128F93095BF,Angela Bofill,I Try,r&b/soul,0.7363996244341044
correlation,3,TRKMXIA128F4299423,Elvis Presley,Anything That's Part Of You,rock,TRVFPAQ12903CBB680,Rachael Yamagata,Even So,folk,0.7299466100960934
correlation,1,TRTQRHY128F4241AFD,Flyleaf,So I Thought,rock,TRQCXUL128E078A9D6,The Streets,The Irony Of It All (Album Version),electronic,0.6785511036899049
correlation,2,TRTQRHY128F4241AFD,Flyleaf,So I Thought,rock,TRGLGNR128F1487A6F,Manafest,Runaway,hip hop,0.6678015224582308
correlation,3,TRTQRHY128F4241AFD,Flyleaf,So I Thought,rock,TRTBRQA128F427EE09,Jeffrey Lewis,Gold,folk,0.6651327804910316
correlation,1,TRXIEYZ128E078891B,The Smashing Pumpkins,You're All I've Got Tonight,rock,TRTALMG128F42921BC,Faithless,Flowerstand Man,electronic,0.7903152019747712
correlation,2,TRXIEYZ128E078891B,The Smashing Pumpkins,You're All I've Got Tonight,rock,TRFLMQX128F9341492,Edith Piaf,Dont Cry,punk,0.7866418999556828
correlation,3,TRXIEYZ128E078891B,The Smashing Pumpkins,You're All I've Got Tonight,rock,TROWYLI128F4263DB4,Gabrielle,Don't Need The Sun To Shine (To Make Me Smile),r&b/soul,0.7833835714390892
correlation,1,TRTGMIX128EF35E2B9,Snow Patrol,Signal Fire,rock,TRJQCQT128F428E44D,Voxtrot,Kid Gloves,pop,0.7561324751613752
correlation,2,TRTGMIX128EF35E2B9,Snow Patrol,Signal Fire,rock,TRDDDBI128F4266C96,Willie Nelson,There You Are,country,0.6880967283036861
correlation,3,TRTGMIX128EF35E2B9,Snow Patrol,Signal Fire,rock,TRFQOYT128F428CB18,Cephalic Carnage,Eradicate Authority,metal,0.6832185460613154
correlation,1,TRHPKWO128F92E01D5,Snow Patrol,The Lightning Strike,rock,TRTBRQA128F427EE09,Jeffrey Lewis,Gold,folk,0.793364556808378
correlation,2,TRHPKWO128F92E01D5,Snow Patrol,The Lightning Strike,rock,TRFFJLM128F148BCEF,Momus,Closer To You,electronic,0.7921450013877213
correlation,3,TRHPKWO128F92E01D5,Snow Patrol,The Lightning Strike,rock,TRUYMCX128F428CCD1,OutKast,ATLiens,hip hop,0.7825338473631462
correlation,1,TRDMUWU128E078EDDB,Nirvana,Dumb,rock,TRZKMDX128F4277845,Lucky Dube,Slave,reggae,0.8522499273895715
correlation,2,TRDMUWU128E078EDDB,Nirvana,Dumb,rock,TREHMYJ128F42BA1E6,Björk,Hunter,electronic,0.8177266369576588
correlation,3,TRDMUWU128E078EDDB,Nirvana,Dumb,rock,TRUSIQC128F4253677,MNEMIC,Liquid,metal,0.8149460905084964
correlation,1,TRXEAZB128E078EDCE,Nirvana,Something In The Way,rock,TRSYKVM128F14922FF,The Mighty Mighty Bosstones,1-2-8,reggae,0.5351227047975449
correlation,2,TRXEAZB128E078EDCE,Nirvana,Something In The Way,rock,TRJATQE12903CB4F22,Thomas Dolby,I Live In A Suitcase,electronic,0.49374101240535523
correlation,3,TRXEAZB128E078EDCE,Nirvana,Something In The Way,rock,TROTNTX12903CE452F,Sophie Milman,Something In The Air Between Us,jazz,0.4919137624436714
correlation,1,TRLKNKC128F42BC213,Switchfoot,Oh! Gravity.,rock,TRGRUXY128F9310866,Salif Keita,Tu Vas Me Manquer,reggae,0.5864573265323673
correlation,2,TRLKNKC128F42BC213,Switchfoot,Oh! Gravity.,rock,TRCJENI128E0781B04,Blur,This Is A Low,pop,0.5384004064993815
correlation,3,TRLKNKC128F42BC213,Switchfoot,Oh! Gravity.,rock,TRDOJIR128F42840C0,Horace Andy,Horse With No Name,reggae,0.5378811808018154
correlation,1,TRVQBRZ128F423EEDC,The White Stripes,Hotel Yorba,rock,TRDSUZH128F425BAC3,RODNEY CROWELL,Preachin' To The Choir,country,0.7582330870357433
correlation,2,TRVQBRZ128F423EEDC,The White Stripes,Hotel Yorba,rock,TRTVTYS128E0792887,Eminem,Rabbit Run,hip hop,0.7562221914571863
correlation,3,TRVQBRZ128F423EEDC,The White Stripes,Hotel Yorba,rock,TROSKLK128F145806A,Us3,It's Like That,jazz,0.7549613622929998
correlation,1,TRBNXZS12903D0A686,The White Stripes,Prickly Thorn_ But Sweetly Worn (Live),rock,TRWMKRQ128F42A035D,Emilie Simon,Dame De Lotus,electronic,0.6943300423565772
correlation,2,TRBNXZS12903D0A686,The White Stripes,Prickly Thorn_ But Sweetly Worn (Live),rock,TRTCVIR128F42607B3,Clannad,Newgrange,folk,0.6163463101539579
correlation,3,TRBNXZS12903D0A686,The White Stripes,Prickly Thorn_ But Sweetly Worn (Live),rock,TRFWOXD128F9300A13,Desorden Público,Cachos De Vaca,reggae,0.6132659532173715
correlation,1,TRGGBKA128F428E461,The White Stripes,St. Andrew (This Battle Is In The Air),rock,TRGZDBB128F4270A4C,Johnny Cash,I Don't Know Where I'm Bound,country,0.7244140790479039
correlation,2,TRGGBKA128F428E461,The White Stripes,St. Andrew (This Battle Is In The Air),rock,TRCDUMA128F427D458,Nancy Sinatra,Flowers On The Wall,pop,0.7160973949141461
correlation,3,TRGGBKA128F428E461,The White Stripes,St. Andrew (This Battle Is In The Air),rock,TRPEAPG128F4294CC0,K'Naan,Soobax,hip hop,0.707945535429929
correlation,1,TRICQHX128F93269FC,The Decemberists,I Was Meant For the Stage,rock,TREZUTJ128F4250CFF,On Thorns I Lay,Unsung Songs,punk,0.6778851728936454
correlation,2,TRICQHX128F93269FC,The Decemberists,I Was Meant For the Stage,rock,TRNVKOI128E0799173,Snoop Dogg,Snoopafella (Edited),hip hop,0.6746302422568364
correlation,3,TRICQHX128F93269FC,The Decemberists,I Was Meant For the Stage,rock,TRUVRBS128F42A34DD,Stephanie McIntosh,Overcome,pop,0.6597597266398583
correlation,1,TRAFWEV128F428D391,Cake,Alpha Beta Parking Lot,rock,TRYPVSX128F427362D,Allure,When The Shades Go Down,r&b/soul,0.4937935301576602
correlation,2,TRAFWEV128F428D391,Cake,Alpha Beta Parking Lot,rock,TRDZATL128F4260FFB,Memphis Minnie,Down In The Alley,blues,0.40594079626432106
correlation,3,TRAFWEV128F428D391,Cake,Alpha Beta Parking Lot,rock,TROTJIT128F145E017,Status Quo,Going Down Town Tonight,blues,0.3973992027289917
correlation,1,TRJRIBM128E0788E18,The Smashing Pumpkins,An Ode To No One,rock,TROXHLM128F4266510,Blues Traveler,Hook,blues,0.7951978809961546
correlation,2,TRJRIBM128E0788E18,The Smashing Pumpkins,An Ode To No One,rock,TRZCHKB128F92CB740,Anastacia,Club Megamix,rock,0.772369552850303
correlation,3,TRJRIBM128E0788E18,The Smashing Pumpkins,An Ode To No One,rock,TRGLNKG128F9307689,Eminem,My Darling,hip hop,0.767088458503732
correlation,1,TRIVTJA128F92C1E80,The Fray,Over My Head (Cable Car),rock,TRMRNDW128F4292475,A Tribe Called Quest,Baby Phife's Return,hip hop,0.6687672182264252
correlation,2,TRIVTJA128F92C1E80,The Fray,Over My Head (Cable Car),rock,TREFTIM128F149E6AD,Aztec Camera,Over My Head,jazz,0.6666687317476192
correlation,3,TRIVTJA128F92C1E80,The Fray,Over My Head (Cable Car),rock,TRLXGCW128F42714E2,Aceyalone,Impact,hip hop,0.6627895203521775
correlation,1,TRFLRXQ128F4280CCC,Interpol,No I In Threesome,rock,TRTVXUZ128F1466475,Digable Planets,Time & Space (A New Refutation Of),hip hop,0.6741674511813467
correlation,2,TRFLRXQ128F4280CCC,Interpol,No I In Threesome,rock,TRFVYRV128F42BBAA0,Jamiroquai,Virtual Insanity,r&b/soul,0.6125324352026289
correlation,3,TRFLRXQ128F4280CCC,Interpol,No I In Threesome,rock,TRUVVFR128F4248609,KRS ONE,I'm On The Mic,reggae,0.6025781309495513
correlation,1,TRYBPGK128F4255BE3,Interpol,Pace Is The Trick,rock,TRLQBZP12903CECC4A,Hello Saferide,Get Sick Soon,folk,0.8149429309249491
correlation,2,TRYBPGK128F4255BE3,Interpol,Pace Is The Trick,rock,TREIANS128F147AD97,The Puppini Sisters,I Will Survive,jazz,0.8147521904392884
correlation,3,TRYBPGK128F4255BE3,Interpol,Pace Is The Trick,rock,TRCTLQY128F92F1539,Next,I Still Love You,r&b/soul,0.8128360576799084
correlation,1,TRGXNCJ128F425FB1C,Pink Floyd,Embryo,rock,TRMSQFN128F4294259,Jazzamor,a piece of my heart,electronic,0.6338712153395384
correlation,2,TRGXNCJ128F425FB1C,Pink Floyd,Embryo,rock,TRBGXIH128E0783797,Mos Def,Life Is Real,hip hop,0.580062389170834
correlation,3,TRGXNCJ128F425FB1C,Pink Floyd,Embryo,rock,TRSXWOE12903CA7F6E,Z-RO,Pain,hip hop,0.5638325778010455
correlation,1,TRFNRGN128E0791E0E,Buckcherry,Borderline,rock,TRPYKXK128F145F107,Blondie,Bang A Gong/Funtime (Live),punk,0.6322931374034704
correlation,2,TRFNRGN128E0791E0E,Buckcherry,Borderline,rock,TRSMHTC128F4282341,Omarion,Slow Dancin',r&b/soul,0.6298289238099635
correlation,3,TRFNRGN128E0791E0E,Buckcherry,Borderline,rock,TRBEEEO128F146B9F1,Del Amitri,Driving With The Brakes On,rock,0.6125180453386322
correlation,1,TROLTZX128E0791C1A,Nine Inch Nails,March Of The Pigs,rock,TROERMK128F4293EDD,Kosheen,I Want It All,electronic,0.8052932454843801
correlation,2,TROLTZX128E0791C1A,Nine Inch Nails,March Of The Pigs,rock,TRRBOOS128F42726FE,Incognito,Givin' It Up,jazz,0.7126312415649418
correlation,3,TROLTZX128E0791C1A,Nine Inch Nails,March Of The Pigs,rock,TRREWHC128F42BAA2D,Utada,The Workout,pop,0.7124165491346318
correlation,1,TRJZZCN128E07938C5,Nine Inch Nails,Burn,rock,TRVLDOB128F4279768,Leonard Cohen,Iodine,folk,0.6843978869992713
correlation,2,TRJZZCN128E07938C5,Nine Inch Nails,Burn,rock,TRFBASZ128F42317D3,Dawn of Relic,The Awakening,metal,0.6730086350221854
correlation,3,TRJZZCN128E07938C5,Nine Inch Nails,Burn,rock,TRPYPOE128F4248543,KATAKLYSM,Beyond Salvation,metal,0.6698055118746674
correlation,1,TRCZLLQ128E0792778,Nine Inch Nails,Something I Can Never Have,rock,TRMEKRF12903CC80A6,Bouncing Souls_ The,Pervert,electronic,0.7097192879324544
correlation,2,TRCZLLQ128E0792778,Nine Inch Nails,Something I Can Never Have,rock,TRTVTYS128E0792887,Eminem,Rabbit Run,hip hop,0.7019291300778606
correlation,3,TRCZLLQ128E0792778,Nine Inch Nails,Something I Can Never Have,rock,TRDPNYI12903D0517A,Alexandra Burke,Overcome,r&b/soul,0.6954959771666925
correlation,1,TRUIAKW128F428C787,Eagles,It's Your World Now,rock,TRWNNIJ128F429F912,M People,It's Your World,electronic,0.649800870470847
correlation,2,TRUIAKW128F428C787,Eagles,It's Your World Now,rock,TRLXIWQ128F428AB13,Dungeon Family,Trans DF Express,r&b/soul,0.6334212423742788
correlation,3,TRUIAKW128F428C787,Eagles,It's Your World Now,rock,TRXTAPD128F145A606,Jeru The Damaja,Physical Stamina,hip hop,0.6295670587096479
correlation,1,TRCRHFK128F427FD8F,Bob Dylan,Something There Is About You,rock,TRFFJLM128F148BCEF,Momus,Closer To You,electronic,0.743616940199139
correlation,2,TRCRHFK128F427FD8F,Bob Dylan,Something There Is About You,rock,TREHMUM12903CA8188,Bobby Bare,Numbers,country,0.7301753979225872
correlation,3,TRCRHFK128F427FD8F,Bob Dylan,Something There Is About You,rock,TRBWQCV128F1460B80,AZ,Rebirth,hip hop,0.7241281034684428
correlation,1,TRMOUUU128F14ADE16,Hawk Nelson,From Underneath,rock,TRNHSZN128F930FF03,Clawfinger,Revenge,metal,0.8009023141441377
correlation,2,TRMOUUU128F14ADE16,Hawk Nelson,From Underneath,rock,TRWNUXN128F93095BF,Angela Bofill,I Try,r&b/soul,0.7904405219413341
correlation,3,TRMOUUU128F14ADE16,Hawk Nelson,From Underneath,rock,TRVFPAQ12903CBB680,Rachael Yamagata,Even So,folk,0.7879518207730544
correlation,1,TRCURQD128F427C75B,Hawk Nelson,Turn It On,rock,TRJHAQR12903CA7194,7 Seconds,Still On It,metal,0.6198809405616684
correlation,2,TRCURQD128F427C75B,Hawk Nelson,Turn It On,rock,TRHSWOG128F4257515,Gregory Isaac,Soon Forward,reggae,0.6097171299105231
correlation,3,TRCURQD128F427C75B,Hawk Nelson,Turn It On,rock,TRBVPVV128F425F14F,Daft Punk,Touch It / Technologic,electronic,0.6068337736836168
correlation,1,TRRKJGZ128F148128F,Hawk Nelson,Something On My Mind,rock,TRQXNHC12903CD80BA,Violent Femmes,Add It Up,rock,0.6941411320428981
correlation,2,TRRKJGZ128F148128F,Hawk Nelson,Something On My Mind,rock,TRISBQQ128F93217A2,2Pac,Strictly 4 My N.I.G.G.A.Z.,hip hop,0.6924215499834846
correlation,3,TRRKJGZ128F148128F,Hawk Nelson,Something On My Mind,rock,TRBCRNY128F931D755,Bad Cash Quartet,Valentine,rock,0.6825666352358362
raw cosine,1,TRVYEUW128F148C08D,Michael Jackson,All The Things You Are,blues,TRQBTYN128F92EA704,Tony Bennett,You're All The World To Me,jazz,0.73913808345401
raw cosine,2,TRVYEUW128F148C08D,Michael Jackson,All The Things You Are,blues,TRCRGKS128F92C57A8,Patricia Barber,You're The Top,jazz,0.7316274421252662
raw cosine,3,TRVYEUW128F148C08D,Michael Jackson,All The Things You Are,blues,TRYMECK128F428253F,Husker Du,You're A Soldier,rock,0.694669413787504
raw cosine,1,TRCXKPC128F92FD04C,John Mayer,Vultures,blues,TRDHQHB128F421FE15,Naked Aggression,Plastic World,punk,0.6692922727596603
raw cosine,2,TRCXKPC128F92FD04C,John Mayer,Vultures,blues,TRZSMVL128F4289D4C,Ozma,The Ups And Downs,rock,0.6557604034160445
raw cosine,3,TRCXKPC128F92FD04C,John Mayer,Vultures,blues,TRTPMBB128F42934F8,Sage Francis,Keep Moving,hip hop,0.6349611011001333
raw cosine,1,TRMMALW128F92FD049,John Mayer,Out Of My Mind,blues,TRVVIWJ128F42697BA,Fat Joe,Preacher On A Sunday Morning,hip hop,0.6782620363865318
raw cosine,2,TRMMALW128F92FD049,John Mayer,Out Of My Mind,blues,TRRJXRE128F93141F6,Calvin Harris,Ready For The Weekend,electronic,0.6750246601106777
raw cosine,3,TRMMALW128F92FD049,John Mayer,Out Of My Mind,blues,TRPYPOE128F4248543,KATAKLYSM,Beyond Salvation,metal,0.6703596100206974
raw cosine,1,TRJWAJC128F9327C4F,R. Kelly,Hump Bounce,blues,TRUNGLI128F425AD28,The Derek Trucks Band,All I Do,blues,0.667718031491555
raw cosine,2,TRJWAJC128F9327C4F,R. Kelly,Hump Bounce,blues,TRAVJGH128F14ADDB7,Avalon,Overjoyed,pop,0.6534939234987447
raw cosine,3,TRJWAJC128F9327C4F,R. Kelly,Hump Bounce,blues,TRKSSMT128E07948E7,Billie Piper,Day And Night,pop,0.6430239888722205
raw cosine,1,TRPEBTH128F9327C4D,R. Kelly,Intro - The Sermon,blues,TRDPGXU128F9339C2A,Beastie Boys,B-Boy Bouillabaisse: A.W.O.L. (2009 Digital Remaster),hip hop,0.758552189169887
raw cosine,2,TRPEBTH128F9327C4D,R. Kelly,Intro - The Sermon,blues,TROXHLM128F4266510,Blues Traveler,Hook,blues,0.756381455883275
raw cosine,3,TRPEBTH128F9327C4D,R. Kelly,Intro - The Sermon,blues,TRAFLMU128F4274A4D,G-Unit,I Don't Want To Talk About It,hip hop,0.7561220426091677
raw cosine,1,TRNWHUD128F932E304,Michael Jackson,Call On Me,blues,TRKEINR128F4258B98,Albert Hammond Jr,G Up,rock,0.8100800277820065
raw cosine,2,TRNWHUD128F932E304,Michael Jackson,Call On Me,blues,TRZCHKB128F92CB740,Anastacia,Club Megamix,rock,0.8097786208426687
raw cosine,3,TRNWHUD128F932E304,Michael Jackson,Call On Me,blues,TROXHLM128F4266510,Blues Traveler,Hook,blues,0.8019385595698869
raw cosine,1,TRFGGSX128F427A723,The Black Keys,Oceans and Streams,blues,TRGLGNR128F1487A6F,Manafest,Runaway,hip hop,0.7156599537949512
raw cosine,2,TRFGGSX128F427A723,The Black Keys,Oceans and Streams,blues,TRZPHVT128F4298109,The Cat Empire,The Car Song,reggae,0.7093541132995728
raw cosine,3,TRFGGSX128F427A723,The Black Keys,Oceans and Streams,blues,TRMDSAH12903CAF58C,Ballboy,I Don't Have Time To Stand Here With You Fighting About The Size Of My Dick,pop,0.7006955849653108
raw cosine,1,TRPTCMZ128F9340B09,The Black Keys,10 A.M. Automatic,blues,TRVJCBD128F4268421,Warrant,Bad Tattoo,metal,0.6552596777324119
raw cosine,2,TRPTCMZ128F9340B09,The Black Keys,10 A.M. Automatic,blues,TRGPUVY128F9313AD9,Doyle Bramhall,Dimples,jazz,0.6187185674368255
raw cosine,3,TRPTCMZ128F9340B09,The Black Keys,10 A.M. Automatic,blues,TRSTDLM128EF3431B6,Ayo,Only You,r&b/soul,0.6164341452711488
raw cosine,1,TRVKLGW12903CB4523,The Black Keys,Aeroplane Blues,blues,TRGZDBB128F4270A4C,Johnny Cash,I Don't Know Where I'm Bound,country,0.7834660807446496
raw cosine,2,TRVKLGW12903CB4523,The Black Keys,Aeroplane Blues,blues,TRFSQXF128F9311B25,LMFAO,I Am Not A Whore,electronic,0.7553117160686514
raw cosine,3,TRVKLGW12903CB4523,The Black Keys,Aeroplane Blues,blues,TRSXWSL128F933DFE5,Sneaky Sound System,16,pop,0.7532525144739896
raw cosine,1,TRFBNZN128F9340B0E,The Black Keys,All Hands Against His Own,blues,TRHRXAE128F92C1CDE,Leonard Cohen,The Stranger Song,folk,0.4971205446381256
raw cosine,2,TRFBNZN128F9340B0E,The Black Keys,All Hands Against His Own,blues,TRHWJQG128F92FD821,Brandy,Give Me You,r&b/soul,0.4888152706435525
raw cosine,3,TRFBNZN128F9340B0E,The Black Keys,All Hands Against His Own,blues,TRWUEMB128F148CCAC,Athlete,New Project,rock,0.4878990560684231
raw cosine,1,TRBYDKJ12903CA9D33,The Black Keys,Black Door,blues,TRVJCDB128F4263466,Kandi,I Wanna Know,r&b/soul,0.8441646524652541
raw cosine,2,TRBYDKJ12903CA9D33,The Black Keys,Black Door,blues,TRUQRFW128F145877E,Julia Fordham,Genius,electronic,0.7291485984915439
raw cosine,3,TRBYDKJ12903CA9D33,The Black Keys,Black Door,blues,TRGXDVA128F9350A48,Psapp,I Want That,electronic,0.6922102848214412
raw cosine,1,TRWJKJK128F9338FEF,The Black Keys,Busted,blues,TRMJBIJ128F93391B9,Bow Wow,Sunshine,hip hop,0.7627562450752137
raw cosine,2,TRWJKJK128F9338FEF,The Black Keys,Busted,blues,TRVWMAR128F425A2DA,The Clash,1-2 Crush On You,punk,0.7517032510777701
raw cosine,3,TRWJKJK128F9338FEF,The Black Keys,Busted,blues,TRJJTPI128F4276759,Hawthorne Heights,Rescue Me,punk,0.7407423330399565
raw cosine,1,TRUULBP12903CA9D23,The Black Keys,Give Your Heart Away,blues,TRPCYSR128EF35F745,Elton John,Heart In The Right Place,pop,0.5617462530236114
raw cosine,2,TRUULBP12903CA9D23,The Black Keys,Give Your Heart Away,blues,TRXZNNF12903CA6F9B,Kenny Rogers,Endless love,country,0.5577415118492398
raw cosine,3,TRUULBP12903CA9D23,The Black Keys,Give Your Heart Away,blues,TRBGUJV128E078FE5D,Dru Hill,Share My World,r&b/soul,0.5532563735196885
raw cosine,1,TRYYJHJ128F9340B19,The Black Keys,Grown So Ugly,blues,TRDBLNP128F93427D7,Robert Johnson,32 20 Blues,blues,0.6855150363674519
raw cosine,2,TRYYJHJ128F9340B19,The Black Keys,Grown So Ugly,blues,TRBJSDA128F42413CC,Once Nothing,The Dust Of A Town,metal,0.6679150172978023
raw cosine,3,TRYYJHJ128F9340B19,The Black Keys,Grown So Ugly,blues,TRQMION128E078F6F6,Jodeci,My Phone,jazz,0.6672072895572354
raw cosine,1,TRHHJCL12903CB44B7,The Black Keys,Hard Row,blues,TRKKXHG128F421A24C,Dance Hall Crashers,Othello,reggae,0.6276589313861644
raw cosine,2,TRHHJCL12903CB44B7,The Black Keys,Hard Row,blues,TRDRMPD12903CD03B2,Eyes Set to Kill,All You Ever Knew,metal,0.621784412849926
raw cosine,3,TRHHJCL12903CB44B7,The Black Keys,Hard Row,blues,TRSIDED12903CC71E0,The Acacia Strain,Skynet,metal,0.6164340419701512
raw cosine,1,TRWZXDS128F427A71B,The Black Keys,I Got Mine,blues,TRVFUON128F92E2B10,Gary Moore,Ain't Nobody,blues,0.7023112300132486
raw cosine,2,TRWZXDS128F427A71B,The Black Keys,I Got Mine,blues,TRCPSEE128F934BC20,Veronica Maggio,I staden växer inga blommor,pop,0.6898684822115774
raw cosine,3,TRWZXDS128F427A71B,The Black Keys,I Got Mine,blues,TRJHQUI128F9355211,Judy Garland,I Got Rhythm,pop,0.6884824576413187
raw cosine,1,TRZDLWE12903CB44DE,The Black Keys,If You See Me,blues,TRPALTN128F42614D4,Ann Lee,Smooth & Sweet,pop,0.7445770452629388
raw cosine,2,TRZDLWE12903CB44DE,The Black Keys,If You See Me,blues,TRKNZBD12903CD4DCD,Hafdis Huld,Plastic Halo,pop,0.7422477473632884
raw cosine,3,TRZDLWE12903CB44DE,The Black Keys,If You See Me,blues,TRYDNTB128F9331278,Ginuwine,Only When ur Lonely,r&b/soul,0.7358409409036905
raw cosine,1,TRNZQVO128F427A71E,The Black Keys,Lies,blues,TRITIFV128F4294213,Pop Will Eat Itself,I've Always Been A Coward Baby,electronic,0.6401766373602283
raw cosine,2,TRNZQVO128F427A71E,The Black Keys,Lies,blues,TRPUCJZ12903D12FDD,Das Ich,Lügen Und Das Ich,electronic,0.6287694619975158
raw cosine,3,TRNZQVO128F427A71E,The Black Keys,Lies,blues,TRUWJOP128F42420DC,Linda Ronstadt,Lies  (LP Version),folk,0.6225176217771732
raw cosine,1,TRAECHJ12903CC36DA,The Black Keys,Next Girl,blues,TRNGIXM128F148D3E6,Jesse Johnson,I Want My Girl,r&b/soul,0.7358411173733655
raw cosine,2,TRAECHJ12903CC36DA,The Black Keys,Next Girl,blues,TRPVEXL128F42732C5,OTT,Be My Girl,electronic,0.6751375721634584
raw cosine,3,TRAECHJ12903CC36DA,The Black Keys,Next Girl,blues,TRALZXZ128F92E26EF,The Jeff Healey Band,My Little Girl,blues,0.6748369848356612
raw cosine,1,TRRVSIN128F9338FD5,The Black Keys,No Fun,blues,TROPHLE128F14546AE,The Stooges,No Fun (Remasterd LP Version),punk,0.8699962032182403
raw cosine,2,TRRVSIN128F9338FD5,The Black Keys,No Fun,blues,TRVPQXR128F9333711,Yerba Buena,No No No,latin,0.5712988047253571
raw cosine,3,TRRVSIN128F9338FD5,The Black Keys,No Fun,blues,TRQPNOU128F429488E,Mecano,La Estación,latin,0.5381112296108773
raw cosine,1,TRYMMVG128F9340B1B,The Black Keys,Stack Shot Billy,blues,TRAQYXB128F92EC315,George Jones,Who Shot Sam,country,0.48924194357973777
raw cosine,2,TRYMMVG128F9340B1B,The Black Keys,Stack Shot Billy,blues,TRPCRIV12903CD6882,Thursday,Unintended Long Term Effects,punk,0.4641938517020844
raw cosine,3,TRYMMVG128F9340B1B,The Black Keys,Stack Shot Billy,blues,TRGJECL128F146752C,John Hiatt,Trudy And Dave,rock,0.4567400573695089
raw cosine,1,TRKSEEY12903CCD312,The Black Keys,Ten Cent Pistol,blues,TRZFCJS128E0784D05,The Boomtown Rats,Diamond Smiles,rock,0.5586788128389328
raw cosine,2,TRKSEEY12903CCD312,The Black Keys,Ten Cent Pistol,blues,TRXJTJZ128F4295464,The Corrs,Queen Of Hollywood ( LP Version ),pop,0.5431163452312806
raw cosine,3,TRKSEEY12903CCD312,The Black Keys,Ten Cent Pistol,blues,TROBUHQ128F149D98B,Tracy Byrd,Right About Now,country,0.5124992210182767
raw cosine,1,TRFOGQC12903CA9D2E,The Black Keys,The Flame,blues,TRYXYFR128E078C6B5,Digital Underground,Sex Packets (LP Version),hip hop,0.6299231171848717
raw cosine,2,TRFOGQC12903CA9D2E,The Black Keys,The Flame,blues,TRFUJVJ128F426F2A2,Lauryn Hill,Interlude 5,r&b/soul,0.6291489352766583
raw cosine,3,TRFOGQC12903CA9D2E,The Black Keys,The Flame,blues,TRDJYOH128F429B2F8,Midtown,Knew It All Along (Acoustic),folk,0.6268797913336144
raw cosine,1,TREVCQU12903CCD318,The Black Keys,These Days,blues,TRKDVQI128F4271B77,Gregg Allman,These Days,country,0.670605161857436
raw cosine,2,TREVCQU12903CCD318,The Black Keys,These Days,blues,TRLAEHY128F4262611,Hot Water Music,The Sense,punk,0.6307612191887608
raw cosine,3,TREVCQU12903CCD318,The Black Keys,These Days,blues,TRVMHRC128F9308C9A,Rhymefest,These Days,hip hop,0.6219959378222331
raw cosine,1,TRFLJNE12903CB44F1,The Black Keys,When The Lights Go Out,blues,TRBEWAM128F145CA91,Shannon McNally,Down And Dirty,blues,0.5795693115308373
raw cosine,2,TRFLJNE12903CB44F1,The Black Keys,When The Lights Go Out,blues,TRVLVOT128F1460C61,Donnie,Do You Know?,r&b/soul,0.5781506783083159
raw cosine,3,TRFLJNE12903CB44F1,The Black Keys,When The Lights Go Out,blues,TRGESLP12903CE31C8,Bon Jovi,Superman Tonight,rock,0.5774632974445119
raw cosine,1,TRQNNKX12903CB44CA,The Black Keys,Have Love Will Travel,blues,TRTNMJU128F4299B34,Lisa Stansfield,Somewhere In Time,jazz,0.6698115401794407
raw cosine,2,TRQNNKX12903CB44CA,The Black Keys,Have Love Will Travel,blues,TRLVIKC12903CF81B9,Burden Of A Day,My Forfeit,metal,0.6271956421817664
raw cosine,3,TRQNNKX12903CB44CA,The Black Keys,Have Love Will Travel,blues,TRLTTDC128E079380E,Rufus Wainwright,Baby,folk,0.6264826776685397
raw cosine,1,TRKNKGC128F42A746A,Ray Charles,C.C. Rider,blues,TRPBTSJ128F42A3168,Harry Belafonte,Angelina,latin,0.713714348878679
raw cosine,2,TRKNKGC128F42A746A,Ray Charles,C.C. Rider,blues,TRHMLCK128F93085F2,Jeff Timmons,Can't You See,pop,0.7060401258180394
raw cosine,3,TRKNKGC128F42A746A,Ray Charles,C.C. Rider,blues,TRBEWAM128F145CA91,Shannon McNally,Down And Dirty,blues,0.7038096574177413
raw cosine,1,TRWEHQE128F935A2D6,Ray Charles,I Got a Woman,blues,TRBDCAH128EF362D31,The Pharcyde,Passin' Me By,hip hop,0.6271014613120457
raw cosine,2,TRWEHQE128F935A2D6,Ray Charles,I Got a Woman,blues,TRAPEZB128F92FEFBC,Gentleman,Empress,reggae,0.6211101328495388
raw cosine,3,TRWEHQE128F935A2D6,Ray Charles,I Got a Woman,blues,TRVJFHH12903CA2811,Josh Turner,Haywire,country,0.6205870537019557
raw cosine,1,TRPMJOK128F92F317A,Ray Charles,The Sun's Gonna Shine Again,blues,TRRDSTH12903CF37F7,Skip James,Devil Got My Woman,blues,0.5696912691762414
raw cosine,2,TRPMJOK128F92F317A,Ray Charles,The Sun's Gonna Shine Again,blues,TRFSOAL128F931B19F,Robben Ford,The Way You Treated Me (You're Gonna Be Sorry),blues,0.5577570277273353
raw cosine,3,TRPMJOK128F92F317A,Ray Charles,The Sun's Gonna Shine Again,blues,TRYVYKU128F426F26F,Lauryn Hill,Interlude 1,r&b/soul,0.5491798622456296
raw cosine,1,TRGXECP12903CDDC43,Ray Charles,Losing Hand,blues,TRNODEK128E07861DD,LL Cool J,Lollipop,hip hop,0.7561962839199741
raw cosine,2,TRGXECP12903CDDC43,Ray Charles,Losing Hand,blues,TRWBWCV12903CF1327,Wild Strawberries,Heroine,folk,0.756067027843703
raw cosine,3,TRGXECP12903CDDC43,Ray Charles,Losing Hand,blues,TRLTTDC128E079380E,Rufus Wainwright,Baby,folk,0.747349575969435
raw cosine,1,TREQYGT128E07859FA,Blake Shelton,Nobody But Me (Album Version),blues,TRZFWHP12903D13D18,Webb Pierce,I Ain't Never,country,0.7093228630758824
raw cosine,2,TREQYGT128E07859FA,Blake Shelton,Nobody But Me (Album Version),blues,TRIJWAB128F148AA50,En Vogue,Love Don't Love You (LP Version),r&b/soul,0.700632809590511
raw cosine,3,TREQYGT128E07859FA,Blake Shelton,Nobody But Me (Album Version),blues,TRAEPAC12903CE5DC8,Ray Charles,Let's Go,jazz,0.6958892324018713
raw cosine,1,TROFEVE12903CD8AAA,Etta James,A Sunday Kind of Love,blues,TRWWLCH128F9307E59,Astrud Gilberto,And Roses And Roses,jazz,0.6520805604100922
raw cosine,2,TROFEVE12903CD8AAA,Etta James,A Sunday Kind of Love,blues,TRSLGXM12903CE5B9C,Melissa Etheridge,Fearless Love,rock,0.6374657574594913
raw cosine,3,TROFEVE12903CD8AAA,Etta James,A Sunday Kind of Love,blues,TRNEDXS128EF347095,W.A.S.P.,Fistful Of Diamonds,metal,0.6311391808738567
raw cosine,1,TRCFPJF128F428A872,Etta James,I Just Want To Make Love To You,blues,TRLVWXW128F4253365,Willie Dixon,I Just Want To Make Love To You,blues,0.8602212578815764
raw cosine,2,TRCFPJF128F428A872,Etta James,I Just Want To Make Love To You,blues,TRNZPAS128F148D3EB,Jesse Johnson,Love Struck,r&b/soul,0.8335277879280489
raw cosine,3,TRCFPJF128F428A872,Etta James,I Just Want To Make Love To You,blues,TRECXRG128F426AF2B,Jon Secada,Want You_ Miss You_ Love You,latin,0.8014557433217919
raw cosine,1,TRBFTHL128C7196B42,Etta James,My Dearest Darling,blues,TRXZNNF12903CA6F9B,Kenny Rogers,Endless love,country,0.7090147186016058
raw cosine,2,TRBFTHL128C7196B42,Etta James,My Dearest Darling,blues,TRJXBDJ128F4292591,Angie Stone,Snowflakes,r&b/soul,0.7016972764662263
raw cosine,3,TRBFTHL128C7196B42,Etta James,My Dearest Darling,blues,TRSAKRH128F4247F79,Mint Condition,Breakin' My Heart (Pretty Brown Eyes),r&b/soul,0.6981418553632347
raw cosine,1,TRFEGGQ128E07898AA,Etta James,W.O.M.A.N.,blues,TRKKSER128F4241C16,Pretty Maids,Perfect Stranger,metal,0.7408304133687239
raw cosine,2,TRFEGGQ128E07898AA,Etta James,W.O.M.A.N.,blues,TRPNSHU128F428049F,The Darkness,Givin' Up (Clean Version),rock,0.7350005406724144
raw cosine,3,TRFEGGQ128E07898AA,Etta James,W.O.M.A.N.,blues,TRUOWXS128F4232239,Little Anthony & The Imperials,Shimmy_ Shimmy_ Ko-Ko-Bop (Single Version),latin,0.7317444599241864
raw cosine,1,TRDDDDX128E0793212,Eric Clapton,Alberta,blues,TRYOFCJ128F425A6B6,Bay City Rollers,Lovely To See You,pop,0.626346080342961
raw cosine,2,TRDDDDX128E0793212,Eric Clapton,Alberta,blues,TRBEWAM128F145CA91,Shannon McNally,Down And Dirty,blues,0.623717588308047
raw cosine,3,TRDDDDX128E0793212,Eric Clapton,Alberta,blues,TRXNKTE128F427F992,Jennifer Lopez,Theme From Mahagony (Do You Know Where You're Going To),electronic,0.6182644199064222
raw cosine,1,TRWBAGY128F93034BF,Eric Clapton,Before You Accuse Me (Take A Look At Yourself),blues,TROIRUX128F92FC956,Bo Diddley,Before You Accuse Me,blues,0.885745926261553
raw cosine,2,TRWBAGY128F93034BF,Eric Clapton,Before You Accuse Me (Take A Look At Yourself),blues,TRVVIWJ128F42697BA,Fat Joe,Preacher On A Sunday Morning,hip hop,0.6330220103140114
raw cosine,3,TRWBAGY128F93034BF,Eric Clapton,Before You Accuse Me (Take A Look At Yourself),blues,TRLKEFU128F422C555,Joss Stone,You Had Me (Live),r&b/soul,0.6217482026427427
raw cosine,1,TRLWIBC128E0792E2C,Eric Clapton,Early In The Morning,blues,TRTKXNY12903CB661C,Gil Scott-Heron,Me And The Devil,blues,0.5968675616148561
raw cosine,2,TRLWIBC128E0792E2C,Eric Clapton,Early In The Morning,blues,TRZRBOX128EF3435A7,Seventh Day Slumber,Broken Buildings,rock,0.5930414797492458
raw cosine,3,TRLWIBC128E0792E2C,Eric Clapton,Early In The Morning,blues,TRQFRJG128F4260199,Opeth,The Moor,metal,0.5812763812852317
raw cosine,1,TRAZQIG128F146372E,Eric Clapton,Floating Bridge,blues,TRLURQM128F1484267,Lupe Fiasco,Hurt Me Soul (Explicit Album Version),hip hop,0.6664681902367555
raw cosine,2,TRAZQIG128F146372E,Eric Clapton,Floating Bridge,blues,TRZLNPM128F42B3BF5,Onyx,Feel Me,hip hop,0.656911610446021
raw cosine,3,TRAZQIG128F146372E,Eric Clapton,Floating Bridge,blues,TRLSHDW128E078A58A,Jackie Greene,About Cell Block #9,blues,0.653763644614063
raw cosine,1,TRQUJCP128F4238206,Eric Clapton,Kind Hearted Woman Blues (Album Version),blues,TRPMDDK12903D0D320,Robert Johnson,Kindhearted Woman Blues,blues,0.9482073883144873
raw cosine,2,TRQUJCP128F4238206,Eric Clapton,Kind Hearted Woman Blues (Album Version),blues,TRYYRLU12903D082FF,Jonny Lang,Breakin Me,blues,0.7003492917357614
raw cosine,3,TRQUJCP128F4238206,Eric Clapton,Kind Hearted Woman Blues (Album Version),blues,TRZCHKB128F92CB740,Anastacia,Club Megamix,rock,0.6961442495270542
raw cosine,1,TRIDJMD128E078B984,Michael Bublé,That's All (Album Version),classical,TRHLQOF12903CDF360,Hindi Zahra,Fascination (Album Version),jazz,0.7865780716762889
raw cosine,2,TRIDJMD128E078B984,Michael Bublé,That's All (Album Version),classical,TREXDDS128F4277776,Mayday Parade,One Man Drinking Games,punk,0.7373932721322488
raw cosine,3,TRIDJMD128E078B984,Michael Bublé,That's All (Album Version),classical,TRPJPVB128F930A092,KC And The Sunshine Band,All My Love,r&b/soul,0.7342440698752284
raw cosine,1,TRYRCXF128F424183D,Josh Groban,America (Revised Live Version),classical,TRFWXOJ12903CED198,Simon & Garfunkel,America,folk,0.9947246396459665
raw cosine,2,TRYRCXF128F424183D,Josh Groban,America (Revised Live Version),classical,TROOJPJ128F14A2A86,Brand Nubian,All For One (Explicit) (2006 Remastered LP Version),hip hop,0.7508391938954497
raw cosine,3,TRYRCXF128F424183D,Josh Groban,America (Revised Live Version),classical,TRQCXUL128E078A9D6,The Streets,The Irony Of It All (Album Version),electronic,0.7387241738395302
raw cosine,1,TRDQLTF128E0787809,Josh Groban,Broken Vow (Album Version),classical,TRGDGKP128F42A34A7,G4,Broken Vow,classical,0.9991177766257915
raw cosine,2,TRDQLTF128E0787809,Josh Groban,Broken Vow (Album Version),classical,TRDPNYI12903D0517A,Alexandra Burke,Overcome,r&b/soul,0.8176179338967285
raw cosine,3,TRDQLTF128E0787809,Josh Groban,Broken Vow (Album Version),classical,TRFSJRW128F4292A99,Il Divo,Mama,classical,0.8027262142956695
raw cosine,1,TRUAAEQ128F423C52D,Josh Groban,Gira Con Me Questa Notte (Album Version),classical,TRKKUWM128F92E4E1C,Gemelli Diversi,Istruzioni Per L'(Ill)uso,hip hop,0.75529830179037
raw cosine,2,TRUAAEQ128F423C52D,Josh Groban,Gira Con Me Questa Notte (Album Version),classical,TRGNRZC128F146D620,Vittorio Grigolo,Roma Sogna,classical,0.7421281052485834
raw cosine,3,TRUAAEQ128F423C52D,Josh Groban,Gira Con Me Questa Notte (Album Version),classical,TRETSHC128F4232E14,Paolo Conte,Nord,jazz,0.7413877951825896
raw cosine,1,TRYGDNA128E078780C,Josh Groban,Hymne A L'Amour (Album Version),classical,TRNERSA128F92E5B78,Amandine Bourgeois,L'Homme De La Situation,pop,0.7702577482588894
raw cosine,2,TRYGDNA128E078780C,Josh Groban,Hymne A L'Amour (Album Version),classical,TRTFZCQ128F1492159,Zazie,Tomber Le Masque,pop,0.7484485448986042
raw cosine,3,TRYGDNA128E078780C,Josh Groban,Hymne A L'Amour (Album Version),classical,TRQPAUT128F148AFF8,Lokua Kanza,A Tes Côtés,folk,0.7160180143380986
raw cosine,1,TRDFTPP128F427550C,Josh Groban,It Came Upon A Midnight Clear (Album Version),classical,TRXXGET128F4259B88,Travis,Sing,pop,0.5495001711304566
raw cosine,2,TRDFTPP128F427550C,Josh Groban,It Came Upon A Midnight Clear (Album Version),classical,TRMXMTG128F428CE24,Barry Manilow,Sing It,rock,0.45772139224764413
raw cosine,3,TRDFTPP128F427550C,Josh Groban,It Came Upon A Midnight Clear (Album Version),classical,TRYPKXM128F932A9EE,Cinderella Effect,Israel,classical,0.40971024655971094
raw cosine,1,TRRBWRX128F423C535,Josh Groban,Let Me Fall (From Cirque du Soleil) (Album Version),classical,TRMHLKD12903C98020,JET,Let Me Out,rock,0.6734951718494046
raw cosine,2,TRRBWRX128F423C535,Josh Groban,Let Me Fall (From Cirque du Soleil) (Album Version),classical,TREWIVO128E0782339,Robbie Williams,Come Take Me Over,pop,0.6575239358312595
raw cosine,3,TRRBWRX128F423C535,Josh Groban,Let Me Fall (From Cirque du Soleil) (Album Version),classical,TRFLMEK128F428D4D2,Charley Pride,Let The Chips Fall,country,0.6524274900988363
raw cosine,1,TRJSTLV128F4241832,Josh Groban,Mi Mancherai (Il Postino) (Revised Live Version),classical,TREPYPE128F92EB38C,Il Divo,Adagio,classical,0.7146649400837465
raw cosine,2,TRJSTLV128F4241832,Josh Groban,Mi Mancherai (Il Postino) (Revised Live Version),classical,TRWYIWJ128F42BC158,Il Divo,Musica,classical,0.6953392321425388
raw cosine,3,TRJSTLV128F4241832,Josh Groban,Mi Mancherai (Il Postino) (Revised Live Version),classical,TRUMJMF128F4276BEE,Vinicio Capossela,Il Pugile Sentimentale ( Live ),folk,0.6764594891773381
raw cosine,1,TRBRHPE128E0787803,Josh Groban,My Confession (Album Version),classical,TRVJKTB128F4262283,The Distillers,I Understand,punk,0.7893759960732115
raw cosine,2,TRBRHPE128E0787803,Josh Groban,My Confession (Album Version),classical,TREBQOW128F92C4549,Common,Book Of Life,hip hop,0.7679380626950867
raw cosine,3,TRBRHPE128E0787803,Josh Groban,My Confession (Album Version),classical,TRWILVQ128F42644B3,Ben Folds Five,Don't Change Your Plans,rock,0.7678209252492962
raw cosine,1,TRLJSTZ128F4241831,Josh Groban,Oceano (Revised Live Version),classical,TRYVOZZ128F42738F6,Bluvertigo,Niente Per Scontato,electronic,0.8193238354908697
raw cosine,2,TRLJSTZ128F4241831,Josh Groban,Oceano (Revised Live Version),classical,TRBPDOM128F9316691,Paul Potts,Mamma,classical,0.7964779230746887
raw cosine,3,TRLJSTZ128F4241831,Josh Groban,Oceano (Revised Live Version),classical,TRPLIYP128F9316695,Paul Potts,Bellamore,classical,0.7583766446398089
raw cosine,1,TRGURIJ128E078780B,Josh Groban,Remember When It Rained (Album Version),classical,TRYKKOX128F4241839,Josh Groban,Remember When It Rained (Revised Live Version),classical,1.0000000000000002
raw cosine,2,TRGURIJ128E078780B,Josh Groban,Remember When It Rained (Album Version),classical,TRVIJFO128F92D7E38,Copeland,The Day I Lost My Voice (The Suitcase Song),rock,0.5532172062804781
raw cosine,3,TRGURIJ128E078780B,Josh Groban,Remember When It Rained (Album Version),classical,TRVZCMZ128F92F15D2,Steely Dan,I Can't Function,rock,0.5002960267694229
raw cosine,1,TRYKKOX128F4241839,Josh Groban,Remember When It Rained (Revised Live Version),classical,TRGURIJ128E078780B,Josh Groban,Remember When It Rained (Album Version),classical,1.0000000000000002
raw cosine,2,TRYKKOX128F4241839,Josh Groban,Remember When It Rained (Revised Live Version),classical,TRVIJFO128F92D7E38,Copeland,The Day I Lost My Voice (The Suitcase Song),rock,0.5532172062804781
raw cosine,3,TRYKKOX128F4241839,Josh Groban,Remember When It Rained (Revised Live Version),classical,TRVZCMZ128F92F15D2,Steely Dan,I Can't Function,rock,0.5002960267694229
raw cosine,1,TRUVBEG128F92F0B48,Josh Groban,Smile,classical,TRRXGDP128F933AD43,a1,Learn To Fly,pop,0.6907654148388254
raw cosine,2,TRUVBEG128F92F0B48,Josh Groban,Smile,classical,TRLDRYJ128F930BBB4,Pain of Salvation,Spitfall,metal,0.6683181023375242
raw cosine,3,TRUVBEG128F92F0B48,Josh Groban,Smile,classical,TRSYOTR128E078E784,B.B. King,Jack_ You're Dead!,blues,0.6437249161036644
raw cosine,1,TRJBNZG128EF35A1AA,Josh Groban,Solo Por Ti (Album Version),classical,TRVEYKM128F1482F51,Fey,Solo Por Bailar,pop,0.6368036318282508
raw cosine,2,TRJBNZG128EF35A1AA,Josh Groban,Solo Por Ti (Album Version),classical,TRLCMGN128F92FFA2E,Sebastien Tellier,League Chicanos,latin,0.6311773477025603
raw cosine,3,TRJBNZG128EF35A1AA,Josh Groban,Solo Por Ti (Album Version),classical,TRCBKYM128F424378A,Buena Vista Social Club,De Camino a la Vereda,latin,0.6214542589736745
raw cosine,1,TRPJAPP128EF35A1AC,Josh Groban,Un Giorno Per Noi (Album Version),classical,TRGGYCR128F426837F,Sergio Cammariere,Oggi,jazz,0.72109294214476
raw cosine,2,TRPJAPP128EF35A1AC,Josh Groban,Un Giorno Per Noi (Album Version),classical,TRWZTMS128F42AD03C,Frankie HI-NRG MC,Sana E Robusta,hip hop,0.6687940083445564
raw cosine,3,TRPJAPP128EF35A1AC,Josh Groban,Un Giorno Per Noi (Album Version),classical,TRZKRRE128F4264095,Andrea Bocelli,L'Attesa,classical,0.6560733875680482
raw cosine,1,TRUDTXB128F423C537,Josh Groban,Vincent (Starry_ Starry Night) (Album Version),classical,TROSICW128F933ADB8,Damien Dempsey,Colony,folk,0.6861895412846089
raw cosine,2,TRUDTXB128F423C537,Josh Groban,Vincent (Starry_ Starry Night) (Album Version),classical,TRFUJVJ128F426F2A2,Lauryn Hill,Interlude 5,r&b/soul,0.6777439830339153
raw cosine,3,TRUDTXB128F423C537,Josh Groban,Vincent (Starry_ Starry Night) (Album Version),classical,TRZBPGN128F92EDF7E,HELLYEAH,Nausea,metal,0.6775570930475653
raw cosine,1,TRMVVDP128E0787806,Josh Groban,When You Say You Love Me (Album Version),classical,TRHXTSH128F932472E,Lyle Lovett,North Dakota,country,0.80153950644782
raw cosine,2,TRMVVDP128E0787806,Josh Groban,When You Say You Love Me (Album Version),classical,TRSDDPK128F146AF76,Liz Phair,Go On Ahead,rock,0.7994179058074643
raw cosine,3,TRMVVDP128E0787806,Josh Groban,When You Say You Love Me (Album Version),classical,TRXXGPE128F42916C7,Monica,Hurts The Most,r&b/soul,0.7970711675926523
raw cosine,1,TRIEQWR128E078780D,Josh Groban,You Raise Me Up (Album Version),classical,TRQBRPI12903D0FCFB,Russell Watson,You Raise Me Up,classical,0.9950341894694665
raw cosine,2,TRIEQWR128E078780D,Josh Groban,You Raise Me Up (Album Version),classical,TRGVTSO12903CABC19,David Crowder*Band,All Around Me,classical,0.7121688843972471
raw cosine,3,TRIEQWR128E078780D,Josh Groban,You Raise Me Up (Album Version),classical,TRUBZKT128F9307E53,All Time Low,Therapy,punk,0.7066703124759901
raw cosine,1,TRBEYYM128F1493C56,Josh Groban,Believe (Album Version),classical,TRMIVIX128F42731D4,Beverley Craven,Phoenix From The Fire,folk,0.626074851774407
raw cosine,2,TRBEYYM128F1493C56,Josh Groban,Believe (Album Version),classical,TRWRNNB128F429FE6B,Cilla Black,Alfie,pop,0.6253044259172873
raw cosine,3,TRBEYYM128F1493C56,Josh Groban,Believe (Album Version),classical,TRLDRYJ128F930BBB4,Pain of Salvation,Spitfall,metal,0.6002286115458932
raw cosine,1,TRPITXR128F427FA1B,Johnny Cash,Away In A Manger,classical,TRYLIGF128F428CFBC,Kenny G,Away In A Manger,jazz,0.9859194045679841
raw cosine,2,TRPITXR128F427FA1B,Johnny Cash,Away In A Manger,classical,TRKVITQ128F4271B31,Johnny Cash,Daddy Sang Bass,country,0.49876140383270867
raw cosine,3,TRPITXR128F427FA1B,Johnny Cash,Away In A Manger,classical,TRWMTYV128F9303212,Fiddler's Green,Matty Groves,folk,0.47960640532661186
raw cosine,1,TRGFMUJ128F423C52F,Josh Groban,Cinema Paradiso (Se) (Album Version),classical,TRMUOCQ128F92EB38B,Il Divo,La Promesa,classical,0.7954084308108675
raw cosine,2,TRGFMUJ128F423C52F,Josh Groban,Cinema Paradiso (Se) (Album Version),classical,TRHEJBV128F146D61D,Vittorio Grigolo,Se Tu Non Sei Lei,classical,0.7318229110975953
raw cosine,3,TRGFMUJ128F423C52F,Josh Groban,Cinema Paradiso (Se) (Album Version),classical,TRGGYCR128F426837F,Sergio Cammariere,Oggi,jazz,0.693043075881872
raw cosine,1,TRGVTSO12903CABC19,David Crowder*Band,All Around Me,classical,TRRDVQC128EF3495E4,Godsmack,Asleep,folk,0.8592162924345821
raw cosine,2,TRGVTSO12903CABC19,David Crowder*Band,All Around Me,classical,TRGAGNZ128F42712C3,Room Eleven,Bitch,jazz,0.8086388634157978
raw cosine,3,TRGVTSO12903CABC19,David Crowder*Band,All Around Me,classical,TRPIGYF12903CC71FD,The Acacia Strain,Kraken,metal,0.8051199261958836
raw cosine,1,TRJGMSL128F4230A6C,The Game,Black Opera,classical,TRNHSZN128F930FF03,Clawfinger,Revenge,metal,0.8012772171146152
raw cosine,2,TRJGMSL128F4230A6C,The Game,Black Opera,classical,TRAJLRQ12903D0CD64,Wu-Tang Clan,Brooklyn Zoo,hip hop,0.8002431245726551
raw cosine,3,TRJGMSL128F4230A6C,The Game,Black Opera,classical,TRAQOZG128F4263EE2,Level 42,To Be With You Again,pop,0.7898154388967737
raw cosine,1,TRBGUUE128F1494FB6,David Bowie,Baal's Hymn,classical,TRMFOTI128F931989A,King Geedorah,The Fine Print,hip hop,0.6432554026190045
raw cosine,2,TRBGUUE128F1494FB6,David Bowie,Baal's Hymn,classical,TRMQVEX128F92F29D1,MC Paul Barman,Anarchist Bookstore part 1,hip hop,0.6272950822072653
raw cosine,3,TRBGUUE128F1494FB6,David Bowie,Baal's Hymn,classical,TRVFFNK128F9336F8D,Sopor Aeternus & The Ensemble Of Shadows,Architecture II,classical,0.6132052770450744
raw cosine,1,TREPYPE128F92EB38C,Il Divo,Adagio,classical,TRWYIWJ128F42BC158,Il Divo,Musica,classical,0.9176725071835744
raw cosine,2,TREPYPE128F92EB38C,Il Divo,Adagio,classical,TRQXNGQ128F4266139,Amici Forever,Adagio,classical,0.9098364354359195
raw cosine,3,TREPYPE128F92EB38C,Il Divo,Adagio,classical,TRBPDOM128F9316691,Paul Potts,Mamma,classical,0.7979626251385126
raw cosine,1,TRGZRPJ128F92EF7E2,Il Divo,Adeste Fideles,classical,TRQWNOI128F92CFEF0,Markus Krunegård,Maria & Jag,pop,0.49019783069304296
raw cosine,2,TRGZRPJ128F92EF7E2,Il Divo,Adeste Fideles,classical,TRLVNQX128F42975E7,Rory Gallagher,Out On The Western Plain,blues,0.4324602385462706
raw cosine,3,TRGZRPJ128F92EF7E2,Il Divo,Adeste Fideles,classical,TRERQQR128F9312ADF,Siouxsie And The Banshees,Belladonna,punk,0.4299960289311808
raw cosine,1,TRGXTYR128F42ACF5F,Il Divo,All By Myself (Solo Otra Vez),classical,TRTYPUW128F42BC14C,Il Divo,La Vida Sin Amor,classical,0.5988617490341908
raw cosine,2,TRGXTYR128F42ACF5F,Il Divo,All By Myself (Solo Otra Vez),classical,TRXJXAE128F93174B5,Cristian Castro,Mi Vida Sin Tu Amor,latin,0.5525911709742081
raw cosine,3,TRGXTYR128F42ACF5F,Il Divo,All By Myself (Solo Otra Vez),classical,TRJYBDF128F9337B51,Rey Ruiz,Mienteme Otra Véz,latin,0.5104334508883596
raw cosine,1,TRVXXVG128F933AB88,Il Divo,Amazing Grace,classical,TRNLJWY128F1455FA9,Hayley Westenra,Amazing Grace,classical,0.9385832358180597
raw cosine,2,TRVXXVG128F933AB88,Il Divo,Amazing Grace,classical,TRFAIBW128F428B7A6,RKL,Heavily Sedated,metal,0.660524748914091
raw cosine,3,TRVXXVG128F933AB88,Il Divo,Amazing Grace,classical,TRWWDQR128F149DADE,Robben Ford & The Blue Line,Rugged Road,blues,0.654630010608049
raw cosine,1,TRLFGML128F92EB391,Il Divo,Angelina,classical,TRBMILM128F42795A1,Héroes del Silencio,El Camino Del Exceso,rock,0.6951570020964439
raw cosine,2,TRLFGML128F92EB391,Il Divo,Angelina,classical,TRRUSZX128F1480C9F,El sueño de Morfeo,Sonrisa especial,latin,0.6471482610213863
raw cosine,3,TRLFGML128F92EB391,Il Divo,Angelina,classical,TRNRKRY128F147627E,Nach Scratch,Abre tu puerta (y cruza el universo),hip hop,0.6427812990411076
raw cosine,1,TRVFSWI128F42ACE94,Il Divo,Ave Maria,classical,TRGNRZC128F146D620,Vittorio Grigolo,Roma Sogna,classical,0.786174672285308
raw cosine,2,TRVFSWI128F42ACE94,Il Divo,Ave Maria,classical,TRMUOCQ128F92EB38B,Il Divo,La Promesa,classical,0.7797835311013779
raw cosine,3,TRVFSWI128F42ACE94,Il Divo,Ave Maria,classical,TRJQRGK128F42A8AF9,Frankie HI-NRG MC,Fili,rock,0.7397016455482035
raw cosine,1,TRMKTUF128F42BC140,Il Divo,Caruso,classical,TRKDIWP128F92F19AA,Lara Fabian,Caruso,classical,0.9193250772511166
raw cosine,2,TRMKTUF128F42BC140,Il Divo,Caruso,classical,TRKKUWM128F92E4E1C,Gemelli Diversi,Istruzioni Per L'(Ill)uso,hip hop,0.8298857841304109
raw cosine,3,TRMKTUF128F42BC140,Il Divo,Caruso,classical,TRZITCI128F426837D,Sergio Cammariere,La Canzone Dell' Impossibile,jazz,0.8055613588617299
raw cosine,1,TRXNYOZ128F42BC146,Il Divo,Come Primavera,classical,TRNKSYE128F145C9C9,Emma Shapplin,Spente Le Stelle,classical,0.7995198612873297
raw cosine,2,TRXNYOZ128F42BC146,Il Divo,Come Primavera,classical,TRKKUWM128F92E4E1C,Gemelli Diversi,Istruzioni Per L'(Ill)uso,hip hop,0.7571808488447995
raw cosine,3,TRXNYOZ128F42BC146,Il Divo,Come Primavera,classical,TRGNRZC128F146D620,Vittorio Grigolo,Roma Sogna,classical,0.725573753806455
raw cosine,1,TRYFLQK128F92EF7F1,Il Divo,Dentro Un Altro Si,classical,TRVIAUV128E0788AD4,Marlene Kuntz,L'Abbraccio,rock,0.7027642214999338
raw cosine,2,TRYFLQK128F92EF7F1,Il Divo,Dentro Un Altro Si,classical,TRTUKTS128F92D1044,Le Luci Della Centrale Elettrica,Per combattere l'acne,folk,0.6676322629936194
raw cosine,3,TRYFLQK128F92EF7F1,Il Divo,Dentro Un Altro Si,classical,TRLJSTZ128F4241831,Josh Groban,Oceano (Revised Live Version),classical,0.6669873915233538
raw cosine,1,TRRWCOL128F42AD05D,Il Divo,En Aranjuez Con Tu Amor,classical,TRZYVQE128F42660F7,Amici Forever,Aranjuez Ma Pensee,classical,0.9335646034372748
raw cosine,2,TRRWCOL128F42AD05D,Il Divo,En Aranjuez Con Tu Amor,classical,TRYFBLW128F428A81A,Joan Manuel Serrat,Mediterraneo,folk,0.750269999800567
raw cosine,3,TRRWCOL128F42AD05D,Il Divo,En Aranjuez Con Tu Amor,classical,TRNTYGF128F9302BD8,Juanes,Tu Y Yo,latin,0.7335263532500625
raw cosine,1,TRVRPTI128F92EB390,Il Divo,Enamorado,classical,TRYYIRY128F93171A0,Maelo Ruiz,Te Amo,latin,0.6048569845242214
raw cosine,2,TRVRPTI128F92EB390,Il Divo,Enamorado,classical,TRNZIBT128F427CC40,Monica Naranjo,Mi Vida Por Un Hombre,latin,0.600584856955925
raw cosine,3,TRVRPTI128F92EB390,Il Divo,Enamorado,classical,TRQXUSM128F4223ED1,Terranova,De Oro,electronic,0.5906755821949019
raw cosine,1,TRGRNWU128F42AE46D,Il Divo,Esisti Dentro Me,classical,TRBPJQR128F9317942,Elvis Crespo,Tu Sonrisa,latin,0.7364983154558858
raw cosine,2,TRGRNWU128F42AE46D,Il Divo,Esisti Dentro Me,classical,TRMYOHL128F423D24B,Luis Miguel,Tú Sólo Tú,latin,0.6946636272626638
raw cosine,3,TRGRNWU128F42AE46D,Il Divo,Esisti Dentro Me,classical,TREUOVP128F146D616,Vittorio Grigolo,Tu Sei,classical,0.6764893218882425
raw cosine,1,TRNXWLK128F92EC9A7,Il Divo,Everytime I Look At You,classical,TRGDGKP128F42A34A7,G4,Broken Vow,classical,0.785685329769337
raw cosine,2,TRNXWLK128F92EC9A7,Il Divo,Everytime I Look At You,classical,TRDQLTF128E0787809,Josh Groban,Broken Vow (Album Version),classical,0.7854657595066026
raw cosine,3,TRNXWLK128F92EC9A7,Il Divo,Everytime I Look At You,classical,TREIANS128F147AD97,The Puppini Sisters,I Will Survive,jazz,0.7666164037456286
raw cosine,1,TRITOVK128F92EC9A0,Il Divo,Feelings,classical,TROKHCW12903CD0148,Amari,30 Anni Che Non Ci Vediamo,rock,0.561627704599423
raw cosine,2,TRITOVK128F92EC9A0,Il Divo,Feelings,classical,TRYVOZZ128F42738F6,Bluvertigo,Niente Per Scontato,electronic,0.5183294265427325
raw cosine,3,TRITOVK128F92EC9A0,Il Divo,Feelings,classical,TRJCBGS128F14689B3,Dean Martin,I've Grown Accustomed To Her Face,jazz,0.5147679216268106
raw cosine,1,TRRLVOI128F92EB38D,Il Divo,Hallelujah (Aleluya),classical,TRLLFVB128F92C3138,La Oreja de Van Gogh,El 28,pop,0.8069257041942584
raw cosine,2,TRRLVOI128F92EB38D,Il Divo,Hallelujah (Aleluya),classical,TRMAYJY128F4281A3C,Grupo Niche,Buenaventura Y Caney,latin,0.7925756164222795
raw cosine,3,TRRLVOI128F92EB38D,Il Divo,Hallelujah (Aleluya),classical,TRIJHLY12903D0CE4D,Violadores del Verso,Cantando,hip hop,0.7887020809143154
raw cosine,1,TRHPPNF128F42ACFA9,Il Divo,Hasta Mi Final,classical,TRYYIRY128F93171A0,Maelo Ruiz,Te Amo,latin,0.7518165289526645
raw cosine,2,TRHPPNF128F42ACFA9,Il Divo,Hasta Mi Final,classical,TRQXUSM128F4223ED1,Terranova,De Oro,electronic,0.7238348508329221
raw cosine,3,TRHPPNF128F42ACFA9,Il Divo,Hasta Mi Final,classical,TRKFYYC128F9342443,Ana Gabriel,Clemencia,latin,0.7194831280019712
raw cosine,1,TRUXYDP128F93234BD,Taylor Swift,Crazier,country,TREXHBK128F9312A37,Amerie,Higher,r&b/soul,0.8285183629788707
raw cosine,2,TRUXYDP128F93234BD,Taylor Swift,Crazier,country,TREUZWP128F421CBB7,Chely Wright,Between A Mother And A Child,country,0.802752120542994
raw cosine,3,TRUXYDP128F93234BD,Taylor Swift,Crazier,country,TRVDUQM128F42932E4,Clint Black,You Made Me Feel,country,0.8016222610211802
raw cosine,1,TRKVVVK12903CB592C,Taylor Swift,Fifteen,country,TRTVKVY128E07953E4,Damian Marley,In 2 Deep,reggae,0.7915295297454146
raw cosine,2,TRKVVVK12903CB592C,Taylor Swift,Fifteen,country,TRZBPGN128F92EDF7E,HELLYEAH,Nausea,metal,0.7846891050344484
raw cosine,3,TRKVVVK12903CB592C,Taylor Swift,Fifteen,country,TRLXGLD128F931B4A1,Alison Krauss / Union Station,The Lucky One,country,0.7736999489115346
raw cosine,1,TRUVVME12903CBA350,Taylor Swift,Change,country,TRAVDBM128EF35E257,Ella Fitzgerald,Manhattan,jazz,0.7060299871271949
raw cosine,2,TRUVVME12903CBA350,Taylor Swift,Change,country,TROCPYO128F92F9ADC,Modern Life Is War,Destination: Death or Better Days,metal,0.6951206402644413
raw cosine,3,TRUVVME12903CBA350,Taylor Swift,Change,country,TRJIBBZ128F425149A,Dead Kennedys,Kinky Sex Makes the World Go 'Round,punk,0.6751143643931528
raw cosine,1,TRZGWCY12903CEF521,Toby Keith,You Can't Read My Mind,country,TRZCHKB128F92CB740,Anastacia,Club Megamix,rock,0.7850343722677622
raw cosine,2,TRZGWCY12903CEF521,Toby Keith,You Can't Read My Mind,country,TRLOMAF128F92DF3DB,Amanda Jenssen,Don't Worry,r&b/soul,0.7600207058389225
raw cosine,3,TRZGWCY12903CEF521,Toby Keith,You Can't Read My Mind,country,TRZHYJX128F92EB952,New Order,Bizarre Love Triangle,electronic,0.7419302606018228
raw cosine,1,TRMAVQT128F4270DBF,Johnny Cash,Man In White,country,TRYLVAV128F931F5AF,Faron Young,Riverboat,country,0.7816857758870969
raw cosine,2,TRMAVQT128F4270DBF,Johnny Cash,Man In White,country,TRNVKOI128E0799173,Snoop Dogg,Snoopafella (Edited),hip hop,0.7777342903652562
raw cosine,3,TRMAVQT128F4270DBF,Johnny Cash,Man In White,country,TRGXGMH128F92F5B48,John Denver,El Paso,rock,0.7755227431363245
raw cosine,1,TRWVEDL128F4293EA3,Rascal Flatts,Holes,country,TRXAQDZ128F14B0EDA,Joni Mitchell,Lesson In Survival  (LP Version),folk,0.7300440017706726
raw cosine,2,TRWVEDL128F4293EA3,Rascal Flatts,Holes,country,TRFAIBW128F428B7A6,RKL,Heavily Sedated,metal,0.7170517807545665
raw cosine,3,TRWVEDL128F4293EA3,Rascal Flatts,Holes,country,TRDPGXU128F9339C2A,Beastie Boys,B-Boy Bouillabaisse: A.W.O.L. (2009 Digital Remaster),hip hop,0.7168010021690715
raw cosine,1,TRTVVYX128F9328DBA,Sugarland,Baby Girl,country,TRFUJLG128F4255312,Michael Bublé,Stuck In The Middle With You (Non-Album Track),jazz,0.7615568958346628
raw cosine,2,TRTVVYX128F9328DBA,Sugarland,Baby Girl,country,TRCRZZQ128F4286AF2,Gary Allan,Promise Broken,country,0.7558746520014389
raw cosine,3,TRTVVYX128F9328DBA,Sugarland,Baby Girl,country,TRBWKZD128F428AAEB,A Tribe Called Quest,Hot Sex,hip hop,0.7468510971169703
raw cosine,1,TRTGPPK128F1459DD4,Billy Currington,Growin' Up Down There,country,TRQCXUL128E078A9D6,The Streets,The Irony Of It All (Album Version),electronic,0.6201209486854647
raw cosine,2,TRTGPPK128F1459DD4,Billy Currington,Growin' Up Down There,country,TRMTSMP128F92F621B,N-Dubz,Sex,hip hop,0.6136865487323041
raw cosine,3,TRTGPPK128F1459DD4,Billy Currington,Growin' Up Down There,country,TRTHFTG128F42550BC,Lil Wyte,Ten Toes Tall,hip hop,0.6060691722277157
raw cosine,1,TRHUIRM128F426BFD5,Billy Currington,Hangin' Around,country,TRKLAOB12903C9A1CD,Kevin Devine,Fever Moon,folk,0.7820229244846428
raw cosine,2,TRHUIRM128F426BFD5,Billy Currington,Hangin' Around,country,TRVXESF128E0787315,The Corrs,Irresistible ( LP Version ),pop,0.7622138448986552
raw cosine,3,TRHUIRM128F426BFD5,Billy Currington,Hangin' Around,country,TRSFQTA128F426690E,Ricky Skaggs,I Wouldn't Change You If I Could,country,0.7510067808107522
raw cosine,1,TRJNTQQ128F426BFD0,Billy Currington,Here I Am,country,TRODGUE128F429E5E0,Aesop Rock,Shovel,hip hop,0.6728972979458699
raw cosine,2,TRJNTQQ128F426BFD0,Billy Currington,Here I Am,country,TRFUJLG128F4255312,Michael Bublé,Stuck In The Middle With You (Non-Album Track),jazz,0.6639332944888543
raw cosine,3,TRJNTQQ128F426BFD0,Billy Currington,Here I Am,country,TRFFJLM128F148BCEF,Momus,Closer To You,electronic,0.660941877842382
raw cosine,1,TRZJCNT128F426BFCC,Billy Currington,She's Got A Way With Me,country,TRVJFHH12903CA2811,Josh Turner,Haywire,country,0.6877574022043238
raw cosine,2,TRZJCNT128F426BFCC,Billy Currington,She's Got A Way With Me,country,TRLVRJP128F93519FB,Atmosphere,Hair,hip hop,0.6805413610899474
raw cosine,3,TRZJCNT128F426BFCC,Billy Currington,She's Got A Way With Me,country,TROZEMN128F4262CCA,James Taylor,Something In The Way She Moves,folk,0.661205222193382
raw cosine,1,TRPZEWS128F92F585E,Billy Currington,That's How Country Boys Roll,country,TRBJDUF128F92D74D1,The Dubliners,The Molly Maguires,folk,0.6627476516448516
raw cosine,2,TRPZEWS128F92F585E,Billy Currington,That's How Country Boys Roll,country,TRDNAVT128F428A246,Dropkick Murphys,Good Rats (Live),reggae,0.657535505639407
raw cosine,3,TRPZEWS128F92F585E,Billy Currington,That's How Country Boys Roll,country,TRIAGUC12903CE3DA2,Valient Thorr,False Profits,rock,0.6270120708038567
raw cosine,1,TRYPBLE128F1459DD1,Billy Currington,Where The Girls Are,country,TRWREZO128F1458FAC,Public Image Ltd,Where Are You?,punk,0.615703793608475
raw cosine,2,TRYPBLE128F1459DD1,Billy Currington,Where The Girls Are,country,TRRHARM128F9327ADE,Antimatter,Legions,rock,0.5868124042218467
raw cosine,3,TRYPBLE128F1459DD1,Billy Currington,Where The Girls Are,country,TRQJRCN12903CAF915,Leo Sayer,Wondering Where The Lions Are,jazz,0.5845351665659776
raw cosine,1,TRKVITQ128F4271B31,Johnny Cash,Daddy Sang Bass,country,TRDBCEL128F932105C,Pentangle,Will the Circle Be Unbroken?,folk,0.6466624512983471
raw cosine,2,TRKVITQ128F4271B31,Johnny Cash,Daddy Sang Bass,country,TRORMHQ128F92CB796,Opera IX,Immortal Chant,metal,0.6124981666150326
raw cosine,3,TRKVITQ128F4271B31,Johnny Cash,Daddy Sang Bass,country,TRDVELE128F932810A,Bruce Springsteen,Brothers Under The Bridges ('83),rock,0.6116343519536278
raw cosine,1,TRGZDBB128F4270A4C,Johnny Cash,I Don't Know Where I'm Bound,country,TRFSQXF128F9311B25,LMFAO,I Am Not A Whore,electronic,0.8141630205966732
raw cosine,2,TRGZDBB128F4270A4C,Johnny Cash,I Don't Know Where I'm Bound,country,TRXBHJP128F42B8FF1,Sylver,Fallin',electronic,0.8067178260046389
raw cosine,3,TRGZDBB128F4270A4C,Johnny Cash,I Don't Know Where I'm Bound,country,TRSXWSL128F933DFE5,Sneaky Sound System,16,pop,0.7922371132428139
raw cosine,1,TRMBNRH12903D02C23,Johnny Cash,I Was There When It Happened,country,TREBQOW128F92C4549,Common,Book Of Life,hip hop,0.7439474803569341
raw cosine,2,TRMBNRH12903D02C23,Johnny Cash,I Was There When It Happened,country,TRJIONO128F1452C88,Bananarama,Lovebite,pop,0.7432422527106193
raw cosine,3,TRMBNRH12903D02C23,Johnny Cash,I Was There When It Happened,country,TRLURQM128F1484267,Lupe Fiasco,Hurt Me Soul (Explicit Album Version),hip hop,0.7350361130647047
raw cosine,1,TRBXYKU128F427915D,Johnny Cash,The Big Battle,country,TRHZGWZ128F424F477,Solefald,Loki Trickster God,metal,0.7077191201951414
raw cosine,2,TRBXYKU128F427915D,Johnny Cash,The Big Battle,country,TRUVVFR128F4248609,KRS ONE,I'm On The Mic,reggae,0.7025329622074038
raw cosine,3,TRBXYKU128F427915D,Johnny Cash,The Big Battle,country,TRHPKWO128F92E01D5,Snow Patrol,The Lightning Strike,rock,0.6990435157457604
raw cosine,1,TRFRXGD128F42717FF,Johnny Cash,A Thing Called Love,country,TRPWCMZ128F9300B63,Aesop Rock,Mars Attacks,hip hop,0.6354993566190082
raw cosine,2,TRFRXGD128F42717FF,Johnny Cash,A Thing Called Love,country,TRDQIWP128F9342105,Company Flow,The Fire In Which You Burn (feat. J-Treds & The Brewin From The Juggaknots),hip hop,0.628286960495905
raw cosine,3,TRFRXGD128F42717FF,Johnny Cash,A Thing Called Love,country,TRAURYK128F92C490D,Pete Murray,My Time,folk,0.6243052045826373
raw cosine,1,TRYIYFG128F42603CC,Johnny Cash,You Dreamer You,country,TRIXAYK128F427F151,Heavenly,Tool,pop,0.73902950200792
raw cosine,2,TRYIYFG128F42603CC,Johnny Cash,You Dreamer You,country,TRKVZXR128F429035D,Jay-Jay Johanson,I fantasize of you,electronic,0.732366781996161
raw cosine,3,TRYIYFG128F42603CC,Johnny Cash,You Dreamer You,country,TRLQBZP12903CECC4A,Hello Saferide,Get Sick Soon,folk,0.7259206311014332
raw cosine,1,TRQHDNY128F92E3A01,Johnny Cash,I Walk The Line,country,TRNPSMI128F14A8E06,Brian McKnight,Holdin' On [Missin' U] (Album Version),r&b/soul,0.7462065159147478
raw cosine,2,TRQHDNY128F92E3A01,Johnny Cash,I Walk The Line,country,TRWILVQ128F42644B3,Ben Folds Five,Don't Change Your Plans,rock,0.7415873503133033
raw cosine,3,TRQHDNY128F92E3A01,Johnny Cash,I Walk The Line,country,TRQAOWZ128F93000A4,Clint Black,Killin' Time,country,0.7375417500873664
raw cosine,1,TRGCHXM128F429CBB9,Johnny Cash,Life's Railway To Heaven,country,TRFVTWH128F932768E,Andrea Bocelli,The Lords Prayer,classical,0.5290289628252949
raw cosine,2,TRGCHXM128F429CBB9,Johnny Cash,Life's Railway To Heaven,country,TRXPLNT128F42660F4,Amici Forever,The Prayer,classical,0.49985125687607795
raw cosine,3,TRGCHXM128F429CBB9,Johnny Cash,Life's Railway To Heaven,country,TRJAPCW128F930BBC8,Pain of Salvation,Kingdom of Loss,metal,0.4571726706119074
raw cosine,1,TRSJGNV128F92F4124,Darius Rucker,If I Had Wings,country,TRFLRFH12903CB021D,Unsung Zeros,Intermission,punk,0.7678579905899893
raw cosine,2,TRSJGNV128F92F4124,Darius Rucker,If I Had Wings,country,TRGLGNR128F1487A6F,Manafest,Runaway,hip hop,0.7288463950344173
raw cosine,3,TRSJGNV128F92F4124,Darius Rucker,If I Had Wings,country,TRZKNSG128F9326727,Alice Peacock,Here I Go Again,folk,0.7147333221352921
raw cosine,1,TRHTOYT128F429FEF4,Luke Bryan,Pray About Everything,country,TRWDZIO128F92EF1BB,Diamond Rio,One More Day,country,0.6298372370782167
raw cosine,2,TRHTOYT128F429FEF4,Luke Bryan,Pray About Everything,country,TRRXJSQ128F149054A,Savoy Brown,Stay While The Night Is Young,blues,0.5729797706813592
raw cosine,3,TRHTOYT128F429FEF4,Luke Bryan,Pray About Everything,country,TRPUZPN128F4232193,Chicago,Life It What It Is (Remastered LP Version),pop,0.5480171904245404
raw cosine,1,TRCFFVR128F145D6DF,Keith Urban,Your Everything,country,TRWKDZE128F1451EAC,The Dells,It's All Up To You,r&b/soul,0.7678901566477074
raw cosine,2,TRCFFVR128F145D6DF,Keith Urban,Your Everything,country,TRFFJLM128F148BCEF,Momus,Closer To You,electronic,0.7059135987895176
raw cosine,3,TRCFFVR128F145D6DF,Keith Urban,Your Everything,country,TRQQXAH128F429146D,Amici Forever,Whisper of Angels,classical,0.7057303429263277
raw cosine,1,TRQSGEL128F4242DFC,Toby Keith,A Little Too Late,country,TRAIWMN128F93422AC,Smokie,Little Lucy,rock,0.5202315706346798
raw cosine,2,TRQSGEL128F4242DFC,Toby Keith,A Little Too Late,country,TRSIKJZ128F92E2FCF,Zeromancer,My Little Tragedy,electronic,0.48304258290331054
raw cosine,3,TRQSGEL128F4242DFC,Toby Keith,A Little Too Late,country,TRTJQZD128F92EF881,Little Walter,Too Late,blues,0.43343563734591717
raw cosine,1,TRAIMRN128E0791E72,Toby Keith,Who's Your Daddy?,country,TROSVHF128F4282676,Aretha Franklin,Who's Zoomin' Who?,r&b/soul,0.654082332274138
raw cosine,2,TRAIMRN128E0791E72,Toby Keith,Who's Your Daddy?,country,TRLCWTH128F92C7F82,Marques Houston,Cancel (Album Version),r&b/soul,0.6313135852066396
raw cosine,3,TRAIMRN128E0791E72,Toby Keith,Who's Your Daddy?,country,TRRCJWJ128F93335F8,Dar Williams,Your Fire Your Soul,folk,0.6166592570147155
raw cosine,1,TRRSVGD128F4242DDC,Toby Keith,A Woman's Touch,country,TRRKYWZ128E078B55B,Moxy Fruvous,The Greatest Man In America,folk,0.5358087570140317
raw cosine,2,TRRSVGD128F4242DDC,Toby Keith,A Woman's Touch,country,TRMQVEX128F92F29D1,MC Paul Barman,Anarchist Bookstore part 1,hip hop,0.5290166856468272
raw cosine,3,TRRSVGD128F4242DDC,Toby Keith,A Woman's Touch,country,TRQPUTX128F4262438,Billy Gilman,Oklahoma,country,0.5256962327859174
raw cosine,1,TRTXHKL128F4242DD9,Toby Keith,Big Ol' Truck,country,TRWVXWR128F92CF848,Mark Wills,She's In Love,country,0.6945434263916861
raw cosine,2,TRTXHKL128F4242DD9,Toby Keith,Big Ol' Truck,country,TRAFBIV128F93321D4,Ben Kweller,Magic,rock,0.6454462161065362
raw cosine,3,TRTXHKL128F4242DD9,Toby Keith,Big Ol' Truck,country,TRLEOAU128F932B646,Ben E. King,Spanish Harlem (LP Version),r&b/soul,0.6299119776016854
raw cosine,1,TRADETN128F148CF19,Toby Keith,Blue Bedroom,country,TRSTDLM128EF3431B6,Ayo,Only You,r&b/soul,0.8089345253908576
raw cosine,2,TRADETN128F148CF19,Toby Keith,Blue Bedroom,country,TRJIQFW128F428DE49,7L & Esoteric,Boxcutter Rap,hip hop,0.7786658191366166
raw cosine,3,TRADETN128F148CF19,Toby Keith,Blue Bedroom,country,TRUASRT12903CEFCDD,Stuck Mojo,Suburban Ranger,rock,0.7744312988988016
raw cosine,1,TRKKXKG128E0791E74,Toby Keith,It's All Good,country,TRXWSOU128F42662B0,Above The Law,Flow On (Move Me No Mountain),hip hop,0.7257120292164673
raw cosine,2,TRKKXKG128E0791E74,Toby Keith,It's All Good,country,TRNMFHV128F92EF2A1,Set Your Goals,our ethos: a legacy to pass on,metal,0.6950123233311677
raw cosine,3,TRKKXKG128E0791E74,Toby Keith,It's All Good,country,TRCNQIU128F1469E36,Mack 10,LBC And The ING (Explicit),hip hop,0.6884230592779957
raw cosine,1,TRSSUAV128F148D60F,Toby Keith,Sweet,country,TREBQOW128F92C4549,Common,Book Of Life,hip hop,0.8594451990301829
raw cosine,2,TRSSUAV128F148D60F,Toby Keith,Sweet,country,TRFOGZN128F42882B5,OutKast,Claimin' True,hip hop,0.8508988415463777
raw cosine,3,TRSSUAV128F148D60F,Toby Keith,Sweet,country,TRKXFLD128F1479BC0,Remy Ma,I'm,hip hop,0.8492301658859397
raw cosine,1,TRFROET128F148CF1F,Toby Keith,You Shouldn't Kiss Me Like This,country,TRFUJVJ128F426F2A2,Lauryn Hill,Interlude 5,r&b/soul,0.7350399228983442
raw cosine,2,TRFROET128F148CF1F,Toby Keith,You Shouldn't Kiss Me Like This,country,TRJKREO128E07821BB,Kenickie,I Never Complain,punk,0.7278782236379071
raw cosine,3,TRFROET128F148CF1F,Toby Keith,You Shouldn't Kiss Me Like This,country,TROWDOO128F9361D3E,Souls Of Mischief,One,hip hop,0.7255718294255774
raw cosine,1,TRFHVTT12903CF7CD9,Sara Evans,A Real Fine Place To Start,country,TRKSXRS128F14AA089,Natalie Cole,I'm Catching Hell (Living Here Alone) (Digitally Remastered 02),jazz,0.624425897727655
raw cosine,2,TRFHVTT12903CF7CD9,Sara Evans,A Real Fine Place To Start,country,TRYXYFR128E078C6B5,Digital Underground,Sex Packets (LP Version),hip hop,0.6149362439930187
raw cosine,3,TRFHVTT12903CF7CD9,Sara Evans,A Real Fine Place To Start,country,TRUXRZH128F92F703B,Black Sabbath,Sweet Leaf,metal,0.6137182963203741
raw cosine,1,TRXZNNF12903CA6F9B,Kenny Rogers,Endless love,country,TRLQBZP12903CECC4A,Hello Saferide,Get Sick Soon,folk,0.8306055308925484
raw cosine,2,TRXZNNF12903CA6F9B,Kenny Rogers,Endless love,country,TRCTLQY128F92F1539,Next,I Still Love You,r&b/soul,0.8292650210010611
raw cosine,3,TRXZNNF12903CA6F9B,Kenny Rogers,Endless love,country,TRABMIY128F426EA8F,Babyface,Seven Seas,r&b/soul,0.8197302991983271
raw cosine,1,TRTSAUB128E07859FC,Blake Shelton,Love Gets In The Way (Album Version),country,TRJAJTB128F42A63EA,Fairground Attraction,Whispers,pop,0.7393595774642931
raw cosine,2,TRTSAUB128E07859FC,Blake Shelton,Love Gets In The Way (Album Version),country,TRJEJXZ128F9321015,The Supremes,Stranger In Paradise,r&b/soul,0.7212734865577317
raw cosine,3,TRTSAUB128E07859FC,Blake Shelton,Love Gets In The Way (Album Version),country,TRKOBMA12903CA8574,Nguru,The Way It Is,reggae,0.7208883275875546
raw cosine,1,TRFMGIO128F42591F0,George Strait,I'd Like To Have That One Back,country,TRFLRFH12903CB021D,Unsung Zeros,Intermission,punk,0.7329268484732367
raw cosine,2,TRFMGIO128F42591F0,George Strait,I'd Like To Have That One Back,country,TRALZXZ128F92E26EF,The Jeff Healey Band,My Little Girl,blues,0.7178060087572243
raw cosine,3,TRFMGIO128F42591F0,George Strait,I'd Like To Have That One Back,country,TRIGERV128F1478764,Con Funk Shun,Electric Lady,r&b/soul,0.7172697428045745
raw cosine,1,TRDYUVI128E078F725,George Strait,Marina Del Rey,country,TRGJJTY12903CF8E82,Strung Out,Dead Spaces,metal,0.6004376258723121
raw cosine,2,TRDYUVI128E078F725,George Strait,Marina Del Rey,country,TRCQTAG128F4260E18,Cyndi Lauper,Sally's Pigeons,pop,0.5948603239449886
raw cosine,3,TRDYUVI128E078F725,George Strait,Marina Del Rey,country,TRDVELE128F932810A,Bruce Springsteen,Brothers Under The Bridges ('83),rock,0.5608716071395795
raw cosine,1,TRPNLLB128F14956A5,George Strait,Milk Cow Blues,country,TRQYLYP12903CC26F6,Barry White,Never Gonna Give You Up,r&b/soul,0.746099403436712
raw cosine,2,TRPNLLB128F14956A5,George Strait,Milk Cow Blues,country,TRNHSZN128F930FF03,Clawfinger,Revenge,metal,0.7443318892144923
raw cosine,3,TRPNLLB128F14956A5,George Strait,Milk Cow Blues,country,TRGLNKG128F9307689,Eminem,My Darling,hip hop,0.7417446849753278
raw cosine,1,TRTDHSB128F422B90F,Josh Turner,Another Try,country,TRGGLKN128F934D0C9,Elizabeth Cotten,When I'm Gone,blues,0.7343941248470012
raw cosine,2,TRTDHSB128F422B90F,Josh Turner,Another Try,country,TRQAOWZ128F93000A4,Clint Black,Killin' Time,country,0.73122425780468
raw cosine,3,TRTDHSB128F422B90F,Josh Turner,Another Try,country,TRTPMBB128F42934F8,Sage Francis,Keep Moving,hip hop,0.7209197688752255
raw cosine,1,TREXZYC12903CA281A,Josh Turner,As Fast As I Could,country,TREBQOW128F92C4549,Common,Book Of Life,hip hop,0.7988579052116475
raw cosine,2,TREXZYC12903CA281A,Josh Turner,As Fast As I Could,country,TRHSMEG128F42BC646,Aaron Carter,That's How I Beat Shaq,pop,0.7747084000132225
raw cosine,3,TREXZYC12903CA281A,Josh Turner,As Fast As I Could,country,TRKLJAG128F42B31CF,Mario Vazquez,Everytime I...,r&b/soul,0.767811373847845
raw cosine,1,TRDXSGX128F425F173,Daft Punk,One More Time / Aerodynamic,electronic,TRVBBVN128E078A608,Fair Warning,Take Me Up,metal,0.527447359312641
raw cosine,2,TRDXSGX128F425F173,Daft Punk,One More Time / Aerodynamic,electronic,TREAQSX128E07818CA,Daft Punk,One More Time (Romanthony's Unplugged),electronic,0.5057275636779099
raw cosine,3,TRDXSGX128F425F173,Daft Punk,One More Time / Aerodynamic,electronic,TRVPPSC128F92EC9C2,Colbie Caillat,Midnight Bottle,pop,0.4960549176969501
raw cosine,1,TREAQSX128E07818CA,Daft Punk,One More Time (Romanthony's Unplugged),electronic,TRUQLCG12903CC5630,Fractured,One More Time,electronic,0.6955450382677406
raw cosine,2,TREAQSX128E07818CA,Daft Punk,One More Time (Romanthony's Unplugged),electronic,TRCXWON128F424936F,Hot Tuna,Come Back Baby,blues,0.6793139097191931
raw cosine,3,TREAQSX128E07818CA,Daft Punk,One More Time (Romanthony's Unplugged),electronic,TRLOZGV128F42A06E6,Tanya Tucker,One Love At A Time,jazz,0.5912492162203798
raw cosine,1,TRBVPVV128F425F14F,Daft Punk,Touch It / Technologic,electronic,TRDLQGL128F1458AA5,Devo,Whip It,pop,0.8060299799284004
raw cosine,2,TRBVPVV128F425F14F,Daft Punk,Touch It / Technologic,electronic,TRYXRXL128F427F13A,Robbie Williams,It's De-Lovely,jazz,0.8050355745285214
raw cosine,3,TRBVPVV128F425F14F,Daft Punk,Touch It / Technologic,electronic,TRJKYRB128F1498AF7,Blossom Dearie,It's Too Good To Talk About Now,jazz,0.7886888273832221
raw cosine,1,TRBROFT128F92F8769,Ke$ha,Boots &  Boys,electronic,TRUVRBS128F42A34DD,Stephanie McIntosh,Overcome,pop,0.6839576875521296
raw cosine,2,TRBROFT128F92F8769,Ke$ha,Boots &  Boys,electronic,TRIFVIF128F425E56A,Carpark North,I And You,rock,0.6698112711198629
raw cosine,3,TRBROFT128F92F8769,Ke$ha,Boots &  Boys,electronic,TRFIUTM128F426343C,Ty Herndon,Pray For Me,country,0.6666235837587444
raw cosine,1,TRIIWCU128F92F876A,Ke$ha,Animal,electronic,TROIYWE128F146BD93,Bird York,Lovely Thing,pop,0.654051801775045
raw cosine,2,TRIIWCU128F92F876A,Ke$ha,Animal,electronic,TRUVVFR128F4248609,KRS ONE,I'm On The Mic,reggae,0.5985801754588809
raw cosine,3,TRIIWCU128F92F876A,Ke$ha,Animal,electronic,TRYAPRE128F425EE39,Tanya Tucker,Complicated,country,0.5968432700931395
raw cosine,1,TRVDAHO128F92F231E,Katy Perry,Hot N Cold (Innerpartysystem Main),electronic,TRHZNFT128F4292FE4,Sleeper,Delicious,pop,0.8817949394087483
raw cosine,2,TRVDAHO128F92F231E,Katy Perry,Hot N Cold (Innerpartysystem Main),electronic,TRYMECK128F428253F,Husker Du,You're A Soldier,rock,0.8488816012487144
raw cosine,3,TRVDAHO128F92F231E,Katy Perry,Hot N Cold (Innerpartysystem Main),electronic,TRCRGKS128F92C57A8,Patricia Barber,You're The Top,jazz,0.8453425561130551
raw cosine,1,TRUGOGT128F92F29E9,Owl City,Captains and Cruise Ships,electronic,TRDPGXU128F9339C2A,Beastie Boys,B-Boy Bouillabaisse: A.W.O.L. (2009 Digital Remaster),hip hop,0.8141768003827177
raw cosine,2,TRUGOGT128F92F29E9,Owl City,Captains and Cruise Ships,electronic,TRPKXVV128F92F29CD,MC Paul Barman,Excuse You,hip hop,0.8033942014035339
raw cosine,3,TRUGOGT128F92F29E9,Owl City,Captains and Cruise Ships,electronic,TRFPLQD128F92FFB52,Kool Moe Dee,Bad Mutha,hip hop,0.8008511948149708
raw cosine,1,TRNEITZ128F92F29EA,Owl City,Designer Skyline,electronic,TRYLJVY128F4246873,General Surgery,Viva ! blunt force trauma,metal,0.7851486506977174
raw cosine,2,TRNEITZ128F92F29EA,Owl City,Designer Skyline,electronic,TRJWDHU128F14AE7F6,Further Seems Forever,Snowbirds And Townies,punk,0.7651734526569165
raw cosine,3,TRNEITZ128F92F29EA,Owl City,Designer Skyline,electronic,TRVMMTF128F930A7B8,Motörhead,Out of the sun,metal,0.7534389410179979
raw cosine,1,TRMIHFS128F92F2A01,Owl City,Early Birdie,electronic,TRQCXUL128E078A9D6,The Streets,The Irony Of It All (Album Version),electronic,0.5676366039949823
raw cosine,2,TRMIHFS128F92F2A01,Owl City,Early Birdie,electronic,TRTHFTG128F42550BC,Lil Wyte,Ten Toes Tall,hip hop,0.562233593749491
raw cosine,3,TRMIHFS128F92F2A01,Owl City,Early Birdie,electronic,TRRFUEU128F42144C6,Blackstreet,How We Do,r&b/soul,0.5587293207500901
raw cosine,1,TRDEVZQ128F931BAED,Owl City,Meteor Shower,electronic,TRPEAPG128F4294CC0,K'Naan,Soobax,hip hop,0.7650891375745664
raw cosine,2,TRDEVZQ128F931BAED,Owl City,Meteor Shower,electronic,TRSWQYN128F92FAAB6,Ashley MacIsaac,I Don't Need This,electronic,0.7358109493375435
raw cosine,3,TRDEVZQ128F931BAED,Owl City,Meteor Shower,electronic,TRTPMBB128F42934F8,Sage Francis,Keep Moving,hip hop,0.7335432208111056
raw cosine,1,TRCXWLU128F92F2A0D,Owl City,This Is The Future,electronic,TREVTQG128F9312034,Unter Null,Disgrace (Unholy Remix),classical,0.6985047749255158
raw cosine,2,TRCXWLU128F92F2A0D,Owl City,This Is The Future,electronic,TRUIJKW128F147C8DB,Pencey Prep,Fat And Alone,rock,0.6852745463773746
raw cosine,3,TRCXWLU128F92F2A0D,Owl City,This Is The Future,electronic,TRLDRYJ128F930BBB4,Pain of Salvation,Spitfall,metal,0.6745163695357015
raw cosine,1,TRVJTNA128F934D19D,30 Seconds To Mars,Kings and Queens (Innerpartysystem Remix Main),electronic,TRPUDOQ128F9344F23,Dead Kennedys,Goons of Hazzard,punk,0.6419693117332821
raw cosine,2,TRVJTNA128F934D19D,30 Seconds To Mars,Kings and Queens (Innerpartysystem Remix Main),electronic,TRDRPZZ128F421D0DA,Zeigeist,Black Milk,electronic,0.6414269805898185
raw cosine,3,TRVJTNA128F934D19D,30 Seconds To Mars,Kings and Queens (Innerpartysystem Remix Main),electronic,TRBYTSU128F4253708,IMMORTAL,Tyrants,metal,0.639052040676579
raw cosine,1,TRRBLPE128F9311B20,LMFAO,Bounce,electronic,TRFOGZN128F42882B5,OutKast,Claimin' True,hip hop,0.7984691070649035
raw cosine,2,TRRBLPE128F9311B20,LMFAO,Bounce,electronic,TRSLSWO128E0786285,Redman,Soopaman Luva 3,hip hop,0.7856642453075681
raw cosine,3,TRRBLPE128F9311B20,LMFAO,Bounce,electronic,TRWFXWM128F148D2D1,Warren G,We Brings Heat,hip hop,0.7856556202122472
raw cosine,1,TRWQYOY128F425BD4C,Crystal Castles,Vanished,electronic,TRFGVIL128E0791D8F,Gin Blossoms,Cheatin',rock,0.6459466467702077
raw cosine,2,TRWQYOY128F425BD4C,Crystal Castles,Vanished,electronic,TRXVRUP12903CFD9F3,The Jazz Butcher,She's On Drugs,rock,0.6432865071081605
raw cosine,3,TRWQYOY128F425BD4C,Crystal Castles,Vanished,electronic,TRVEOPR128F423382D,Faithless,The Man In You,electronic,0.641279012996349
raw cosine,1,TRLLRQA128F427C709,Crystal Castles,Xxzxcuzx,electronic,TRJIBBZ128F425149A,Dead Kennedys,Kinky Sex Makes the World Go 'Round,punk,0.6341422287171887
raw cosine,2,TRLLRQA128F427C709,Crystal Castles,Xxzxcuzx,electronic,TRESCVU128F145C136,Gang Starr,The Place We Dwell,hip hop,0.6127327547271881
raw cosine,3,TRLLRQA128F427C709,Crystal Castles,Xxzxcuzx,electronic,TRJZXOC128F933A199,Pink Martini,Tea For Two (Featuring Jimmy Scott),jazz,0.6055912252321028
raw cosine,1,TRDFWPG128F148D4DF,Madonna,Die Another Day [Live],electronic,TRVOXNR128F421A58C,Bracket,Cynically Depressed,punk,0.7094642914514258
raw cosine,2,TRDFWPG128F148D4DF,Madonna,Die Another Day [Live],electronic,TRYLSNH12903CF1373,The Runaways,School Days,punk,0.7007093700486069
raw cosine,3,TRDFWPG128F148D4DF,Madonna,Die Another Day [Live],electronic,TRCEIDF128F1452C5F,Floetry,I'll Die,r&b/soul,0.6895672809576248
raw cosine,1,TRVWMWN128E0788952,The Smashing Pumpkins,Perfect (Nellee Hooper Instrumental),electronic,TRBAQPR128F92F4AB0,The Wonder Years,Dude_ What Is a Land Pirate?,punk,0.636663868729615
raw cosine,2,TRVWMWN128E0788952,The Smashing Pumpkins,Perfect (Nellee Hooper Instrumental),electronic,TRIJVMA128F427F37E,RIDDLIN' KIDS,Ship Jumper,punk,0.6354443948563383
raw cosine,3,TRVWMWN128E0788952,The Smashing Pumpkins,Perfect (Nellee Hooper Instrumental),electronic,TRFUNRS128F9346BF4,Tony Sly,On the Outside,folk,0.6318878355032662
raw cosine,1,TRDHPGJ128F4289C44,Kylie Minogue,Love At First Sight (The Scumfrog's Beauty And The Beast Vocal Edit),electronic,TRQRKOW128F42BC127,Neil Diamond,Delirious Love,folk,0.6164540227043704
raw cosine,2,TRDHPGJ128F4289C44,Kylie Minogue,Love At First Sight (The Scumfrog's Beauty And The Beast Vocal Edit),electronic,TRGXIWD128F1464482,Bonnie Raitt,Hear Me Lord,blues,0.6009380536653515
raw cosine,3,TRDHPGJ128F4289C44,Kylie Minogue,Love At First Sight (The Scumfrog's Beauty And The Beast Vocal Edit),electronic,TRVOIPE128F149C472,Smokey Robinson,Cruisin',r&b/soul,0.5990691303805199
raw cosine,1,TRFSQXF128F9311B25,LMFAO,I Am Not A Whore,electronic,TRLFWOJ12903CC6976,Phosphorescent,Not A Heel,folk,0.8594093108896051
raw cosine,2,TRFSQXF128F9311B25,LMFAO,I Am Not A Whore,electronic,TREHMYJ128F42BA1E6,Björk,Hunter,electronic,0.8576710520204935
raw cosine,3,TRFSQXF128F9311B25,LMFAO,I Am Not A Whore,electronic,TRGAGNZ128F42712C3,Room Eleven,Bitch,jazz,0.8550069600086608
raw cosine,1,TRXACXM12903CEC365,Cascada,Fever,electronic,TRDLQGL128F1458AA5,Devo,Whip It,pop,0.666852218837513
raw cosine,2,TRXACXM12903CEC365,Cascada,Fever,electronic,TRXNFZG12903CAC9D9,Uriah Heep,Save It,rock,0.6596086700523046
raw cosine,3,TRXACXM12903CEC365,Cascada,Fever,electronic,TRAMJWO128EF343C19,Sarah Connor,French Kissing,r&b/soul,0.6588063430184941
raw cosine,1,TRWWVGC12903CB5C50,Depeche Mode,Freestate,electronic,TRCVXLC128F4233F8E,Damn Yankees,Firefly (LP Version),rock,0.590293211050988
raw cosine,2,TRWWVGC12903CB5C50,Depeche Mode,Freestate,electronic,TRLCWTH128F92C7F82,Marques Houston,Cancel (Album Version),r&b/soul,0.5794378650979687
raw cosine,3,TRWWVGC12903CB5C50,Depeche Mode,Freestate,electronic,TRBKKDM128F1482B85,Natalie Merchant,Saint Judas (LP Version),blues,0.572026772174609
raw cosine,1,TRYIJWH128F146948C,Depeche Mode,Personal Jesus,electronic,TRUYEQB128F930F787,Lollipop Lust Kill,Personal Jesus,metal,0.9567355016832566
raw cosine,2,TRYIJWH128F146948C,Depeche Mode,Personal Jesus,electronic,TRKAIPI128C719636E,Blackalicious,Just What Can Happen,hip hop,0.5862709205077544
raw cosine,3,TRYIJWH128F146948C,Depeche Mode,Personal Jesus,electronic,TROJYOU12903CBD2A8,Martin Jondo,Hold You,reggae,0.538524382315772
raw cosine,1,TRDIAZY12903CB6532,Gorillaz,Broken,electronic,TRRKJTN128F1464EDD,Erasure,The Circus,pop,0.4823046022550818
raw cosine,2,TRDIAZY12903CB6532,Gorillaz,Broken,electronic,TRWZWOX128F935A084,Sean Kingston,Magical,hip hop,0.4778119969101455
raw cosine,3,TRDIAZY12903CB6532,Gorillaz,Broken,electronic,TRGAEVY128F428BEF6,Bad Religion,Operation Rescue,punk,0.4722981058001945
raw cosine,1,TRTUJAL128F423E18D,Gorillaz,Kids With Guns (Quiet Village Remix),electronic,TRBVPVV128F425F14F,Daft Punk,Touch It / Technologic,electronic,0.706104038330947
raw cosine,2,TRTUJAL128F423E18D,Gorillaz,Kids With Guns (Quiet Village Remix),electronic,TRFRZVN128F92FA34F,The Specials,Doesn't Make It Alright,reggae,0.6607096038317538
raw cosine,3,TRTUJAL128F423E18D,Gorillaz,Kids With Guns (Quiet Village Remix),electronic,TRDLQGL128F1458AA5,Devo,Whip It,pop,0.6556942447870098
raw cosine,1,TRBTXNE12903CB6528,Gorillaz,Rhinestone Eyes,electronic,TRLSQAR128F4263CBC,A Tribe Called Quest,Peace_ Prosperity & Paper,hip hop,0.6151066731770107
raw cosine,2,TRBTXNE12903CB6528,Gorillaz,Rhinestone Eyes,electronic,TRTMQWK128F4241384,Kottonmouth Kings,Bump,hip hop,0.6122319443189098
raw cosine,3,TRBTXNE12903CB6528,Gorillaz,Rhinestone Eyes,electronic,TRXWSOU128F42662B0,Above The Law,Flow On (Move Me No Mountain),hip hop,0.6092094824177163
raw cosine,1,TRKQRSQ128F92D5134,The Prodigy,Invaders Must Die,electronic,TRJUTIP128F4291F98,PeterLicht,Popkultur / Meide,electronic,0.534686377234948
raw cosine,2,TRKQRSQ128F92D5134,The Prodigy,Invaders Must Die,electronic,TRWXYBL128F424CFF9,Jungle Rot,Immersed In Pain,metal,0.48780783917080295
raw cosine,3,TRKQRSQ128F92D5134,The Prodigy,Invaders Must Die,electronic,TRRQZDE128F931AC02,Mylène Farmer,We'll Never Die,pop,0.4816192562600812
raw cosine,1,TRBFVAA128F423C356,The Prodigy,Wake Up Call (Album Version),electronic,TRJFWGH128F42359FE,Marissa Nadler,Undertaker,country,0.5655267117210215
raw cosine,2,TRBFVAA128F423C356,The Prodigy,Wake Up Call (Album Version),electronic,TREKOGX128E07919DD,Trisha Yearwood,Come Back When It Ain't Rainin',country,0.5364768537952223
raw cosine,3,TRBFVAA128F423C356,The Prodigy,Wake Up Call (Album Version),electronic,TRONWWI128EF354F4B,DJ Quik,Put It On Me,hip hop,0.5190370341141012
raw cosine,1,TRFSCLD12903CD213F,The Prodigy,We Gonna Rock,electronic,TREBBJP128F4275C4D,The B-52s,Rock Lobster (Live),electronic,0.5313037291440534
raw cosine,2,TRFSCLD12903CD213F,The Prodigy,We Gonna Rock,electronic,TRNKIVH128F421D429,Charlie Robison,Good Times,country,0.48373375565738
raw cosine,3,TRFSCLD12903CD213F,The Prodigy,We Gonna Rock,electronic,TRTSGEL128EF34F8BA,Ferlin Husky,Convoy,country,0.4750964702244586
raw cosine,1,TRZTQEP128E0792526,Nine Inch Nails,The Great Collapse,electronic,TRUUAMI128F93438D4,Dillinger Four,A Floater Left With Pleasure In The Executive Washroom.,punk,0.5900304305670155
raw cosine,2,TRZTQEP128E0792526,Nine Inch Nails,The Great Collapse,electronic,TRARHON128F4260D95,Time Again,Day Like This,punk,0.5743497742760909
raw cosine,3,TRZTQEP128E0792526,Nine Inch Nails,The Great Collapse,electronic,TRDJFEZ128F932AAEE,Agonoize,C.O.A.,electronic,0.5625056747804826
raw cosine,1,TRLTFVP128E0782B34,Duran Duran,Electric Barbarella (Radio Edit),electronic,TRDKUSZ12903CF188B,The Antlers,Epilogue,rock,0.7587906862592929
raw cosine,2,TRLTFVP128E0782B34,Duran Duran,Electric Barbarella (Radio Edit),electronic,TRDZHMB128F14925BA,Marissa Nadler,Famous Blue Raincoat,folk,0.7413997674492591
raw cosine,3,TRLTFVP128E0782B34,Duran Duran,Electric Barbarella (Radio Edit),electronic,TRJIQFW128F428DE49,7L & Esoteric,Boxcutter Rap,hip hop,0.740232121292283
raw cosine,1,TRFVWXW128F931A0E9,Björk,Pluto,electronic,TRHKSPQ12903D09F7E,Fear My Thoughts,Wasteland,metal,0.5566522713077471
raw cosine,2,TRFVWXW128F931A0E9,Björk,Pluto,electronic,TRLSNDQ128F4266BD7,Incubus,Pardon Me,rock,0.5346991212454282
raw cosine,3,TRFVWXW128F931A0E9,Björk,Pluto,electronic,TRRMOUK128F4281975,Basia Bulat,Birds Of Paradise,electronic,0.5230191827264211
raw cosine,1,TRKQQMW128F92D54DF,Empire Of The Sun,Delta Bay,electronic,TRDZATL128F4260FFB,Memphis Minnie,Down In The Alley,blues,0.5580896364022438
raw cosine,2,TRKQQMW128F92D54DF,Empire Of The Sun,Delta Bay,electronic,TRCQNWN128F92EA07D,Wu-Tang Clan,The What,hip hop,0.5145079969904688
raw cosine,3,TRKQQMW128F92D54DF,Empire Of The Sun,Delta Bay,electronic,TRPCRIV12903CD6882,Thursday,Unintended Long Term Effects,punk,0.49927693761814484
raw cosine,1,TRFYMPB128F93100C0,Empire Of The Sun,We Are The People (Shazam Remix),electronic,TRNHSZN128F930FF03,Clawfinger,Revenge,metal,0.7544107678533769
raw cosine,2,TRFYMPB128F93100C0,Empire Of The Sun,We Are The People (Shazam Remix),electronic,TRMEUKT128F4263312,Jay-Jay Johanson,Rush,electronic,0.7390582047411307
raw cosine,3,TRFYMPB128F93100C0,Empire Of The Sun,We Are The People (Shazam Remix),electronic,TRVXESF128E0787315,The Corrs,Irresistible ( LP Version ),pop,0.7226488246114888
raw cosine,1,TRBCSDW128F424D686,The Maine,You Left Me,electronic,TROYCQJ128F148EC2A,Les Valentins,It's Too Late,pop,0.692284114430058
raw cosine,2,TRBCSDW128F424D686,The Maine,You Left Me,electronic,TRQGLNM128F42618C6,The Isley Brothers,Touch Me,blues,0.6547758611089833
raw cosine,3,TRBCSDW128F424D686,The Maine,You Left Me,electronic,TRGTQCP128F932573A,Hilary Duff,Play With Fire,pop,0.6392680317217907
raw cosine,1,TRRXQJA128F1472A56,Hot Chip,The Warning,electronic,TRWXSWA128F1456793,Shai,Waiting For The Day,r&b/soul,0.7080898506941884
raw cosine,2,TRRXQJA128F1472A56,Hot Chip,The Warning,electronic,TRUYHIL128F92E4B2C,Annihilator,Hunter killer,metal,0.7060697363811239
raw cosine,3,TRRXQJA128F1472A56,Hot Chip,The Warning,electronic,TRWKDZE128F1451EAC,The Dells,It's All Up To You,r&b/soul,0.6936925649838742
raw cosine,1,TRMDYBW128F14A17E8,Enter Shikari,Keep It On Ice,electronic,TRPKHSW12903CF5D1D,At The Gates,Captor Of Sin (Slayer Cover),metal,0.6381371265238076
raw cosine,2,TRMDYBW128F14A17E8,Enter Shikari,Keep It On Ice,electronic,TRDPTHW12903CF2E0E,Kotipelto,Lord Of Eternity,metal,0.6254869980354952
raw cosine,3,TRMDYBW128F14A17E8,Enter Shikari,Keep It On Ice,electronic,TRNOOMW128F4257F9C,Gorefest,Super Reality,metal,0.6057689414782675
raw cosine,1,TRCNUNL128F93437CF,Enter Shikari,The Jester,electronic,TRJADED128E078FB2A,Lost Boyz,Keep It Real,hip hop,0.7272648260569898
raw cosine,2,TRCNUNL128F93437CF,Enter Shikari,The Jester,electronic,TRXWSOU128F42662B0,Above The Law,Flow On (Move Me No Mountain),hip hop,0.7033017724963556
raw cosine,3,TRCNUNL128F93437CF,Enter Shikari,The Jester,electronic,TRTAYPD128F42A4C9C,Murs,You & I,hip hop,0.702882205347534
raw cosine,1,TRIPJIJ128F1453AE0,Enya,Lazy Days,electronic,TRDHLAL128F423EE08,Anjali,Mistress Of Disguise,electronic,0.5985239830039881
raw cosine,2,TRIPJIJ128F1453AE0,Enya,Lazy Days,electronic,TRWETHX128F421ABA5,Darden Smith,Swept Away,country,0.5920586402617903
raw cosine,3,TRIPJIJ128F1453AE0,Enya,Lazy Days,electronic,TRJXNGY128F93319CB,Earlimart,It's Okay To Think About Ending,electronic,0.5829845869535093
raw cosine,1,TRPLRVY128F1473EBE,Enya,Someone Said Goodbye,electronic,TRKBSYP128F42647E7,Rosanne Cash,I Don't Know Why You Don't Want Me,country,0.7267854833606897
raw cosine,2,TRPLRVY128F1473EBE,Enya,Someone Said Goodbye,electronic,TRURGUR128F149409A,Mr. Vegas,I Don't Know Why I Love You,reggae,0.6681571071763651
raw cosine,3,TRPLRVY128F1473EBE,Enya,Someone Said Goodbye,electronic,TRQFNCQ128F42809CC,Jane Monheit,Why Can't You Behave?,jazz,0.6295711050428603
raw cosine,1,TRWPUDX128F148F907,Enya,The Magic Of The Night,electronic,TRZKYAK128F4244485,Lard,The Power Of Lard,punk,0.5896322973574187
raw cosine,2,TRWPUDX128F148F907,Enya,The Magic Of The Night,electronic,TRXBSQC128F932A12A,Seelenkrank,Lost,electronic,0.5583246731243598
raw cosine,3,TRWPUDX128F148F907,Enya,The Magic Of The Night,electronic,TRVWMKK128F422AD41,Assemblage 23,MAPS OF REALITY,pop,0.5369008030934663
raw cosine,1,TRZQTSM128F9328120,Bruce Springsteen,Gave It A Name,folk,TRRHFQK128F4264FE9,Rasputina,Mr. E. Leon Rauis,rock,0.5931226425529182
raw cosine,2,TRZQTSM128F9328120,Bruce Springsteen,Gave It A Name,folk,TRSLSBV128F427D1EB,Freezepop,Ninja Of Love (Album Version),pop,0.5901834567271025
raw cosine,3,TRZQTSM128F9328120,Bruce Springsteen,Gave It A Name,folk,TROFSLV128F92E389A,Binary Star,Wolfman Jack,hip hop,0.5632297693626623
raw cosine,1,TRNZCWJ128F427099F,Johnny Cash,The Vanishing Race,folk,TRPYVFQ128F9314D82,Domine,The Ride Of The Valkyries,classical,0.6842119717617625
raw cosine,2,TRNZCWJ128F427099F,Johnny Cash,The Vanishing Race,folk,TREIMWU128F14570E1,Helen Reddy,Peaceful,pop,0.6732444622478669
raw cosine,3,TRNZCWJ128F427099F,Johnny Cash,The Vanishing Race,folk,TRBOMMX128F426593B,Art Garfunkel,The Sound of Silence,folk,0.6597289562238479
raw cosine,1,TRJQRAP128F9314B3F,John Mayer,All We Ever Do Is Say Goodbye,folk,TRTBBGQ128E078FE63,Kelly Price,Don't Say Goodbye,r&b/soul,0.5576360185477601
raw cosine,2,TRJQRAP128F9314B3F,John Mayer,All We Ever Do Is Say Goodbye,folk,TRQBWDI128F429A40E,Lisa Stansfield,Goodbye,punk,0.515954481420897
raw cosine,3,TRJQRAP128F9314B3F,John Mayer,All We Ever Do Is Say Goodbye,folk,TRXZCOC128F42ADC97,Phantom Planet,See You Next Summer,rock,0.5087351263108321
raw cosine,1,TRETJUU128F426402A,John Mayer,Clarity,folk,TRBJPJS128F932F173,Cat Stevens,Rubylove,folk,0.7914090893574053
raw cosine,2,TRETJUU128F426402A,John Mayer,Clarity,folk,TRPKSBZ128F423EDB3,Gorky's Zygotic Mynci,Honeymoon With You,pop,0.592999738458225
raw cosine,3,TRETJUU128F426402A,John Mayer,Clarity,folk,TRFHZWK128F427068B,Teena Marie,Dear Lover,r&b/soul,0.5409967898181834
raw cosine,1,TRNOUUF128F4280B8D,John Mayer,Why Georgia,folk,TRCHZXW128E079288A,Eminem,8 Mile,hip hop,0.75774016369134
raw cosine,2,TRNOUUF128F4280B8D,John Mayer,Why Georgia,folk,TRTVTYS128E0792887,Eminem,Rabbit Run,hip hop,0.7575083177970414
raw cosine,3,TRNOUUF128F4280B8D,John Mayer,Why Georgia,folk,TREBQOW128F92C4549,Common,Book Of Life,hip hop,0.7555192686623954
raw cosine,1,TREKVTY128E0784BA3,Jack Johnson,Mudfootball (For Moe Lerner),folk,TRVGBNB128F92FA809,Beast,Devil,electronic,0.5392784452354596
raw cosine,2,TREKVTY128E0784BA3,Jack Johnson,Mudfootball (For Moe Lerner),folk,TRVJYQS128F428E2EA,Shane MacGowan And The Popes,More Pricks Than Kicks,folk,0.5382528517857033
raw cosine,3,TREKVTY128E0784BA3,Jack Johnson,Mudfootball (For Moe Lerner),folk,TRWRUQO128F14733DD,Big Moe,S.U.C.,hip hop,0.5233054874891184
raw cosine,1,TRYNAAP128F427EF64,Sufjan Stevens,Sister Winter,folk,TRVQVOK128F423C8B6,Bette Midler,Friends/Oh My My (LIve),folk,0.7771210723403891
raw cosine,2,TRYNAAP128F427EF64,Sufjan Stevens,Sister Winter,folk,TRMJEPW128F422A4AE,Diary of Dreams,Tears of Laughter,punk,0.6946715261934102
raw cosine,3,TRYNAAP128F427EF64,Sufjan Stevens,Sister Winter,folk,TRJWMLB128E0793F6C,Abba,Waterloo,pop,0.6914900399419549
raw cosine,1,TRFMWVJ128E0791E70,Rufus Wainwright,In A Graveyard,folk,TRPDTGI128F425E1E4,Birth Control,Gamma Ray,rock,0.49465706503974505
raw cosine,2,TRFMWVJ128E0791E70,Rufus Wainwright,In A Graveyard,folk,TRXUNRT12903CF1024,Asphyx,Indulge In Frenzy,metal,0.45727531472419775
raw cosine,3,TRFMWVJ128E0791E70,Rufus Wainwright,In A Graveyard,folk,TRSTBZC128F4257BEC,Reverend Bizarre,Doom Over The World,metal,0.4545166287977355
raw cosine,1,TRLTTDC128E079380E,Rufus Wainwright,Baby,folk,TRSTJFQ128F428DA21,Less Than Jake,I Think I Love You,reggae,0.8386664591573368
raw cosine,2,TRLTTDC128E079380E,Rufus Wainwright,Baby,folk,TRCTLQY128F92F1539,Next,I Still Love You,r&b/soul,0.8289853313139036
raw cosine,3,TRLTTDC128E079380E,Rufus Wainwright,Baby,folk,TRKLJAG128F42B31CF,Mario Vazquez,Everytime I...,r&b/soul,0.8183457283868151
raw cosine,1,TRUCWXA128F92E4944,Edward Sharpe & The Magnetic Zeros,Janglin,folk,TRPUDOQ128F9344F23,Dead Kennedys,Goons of Hazzard,punk,0.6786363838670403
raw cosine,2,TRUCWXA128F92E4944,Edward Sharpe & The Magnetic Zeros,Janglin,folk,TRORNTH12903CC53F0,Suicide Commando,Dead March,electronic,0.6777057515773306
raw cosine,3,TRUCWXA128F92E4944,Edward Sharpe & The Magnetic Zeros,Janglin,folk,TRJOQXR128F92EB51A,Thompson Twins,We Are Detective,pop,0.6545859675012985
raw cosine,1,TRGQBAX128F426EFCA,Bob Dylan,Ballad In Plain D,folk,TRIGERV128F1478764,Con Funk Shun,Electric Lady,r&b/soul,0.7786801438980581
raw cosine,2,TRGQBAX128F426EFCA,Bob Dylan,Ballad In Plain D,folk,TRAQDFB128F4234E3B,Example,Birthday Card,hip hop,0.7638939200181829
raw cosine,3,TRGQBAX128F426EFCA,Bob Dylan,Ballad In Plain D,folk,TRTDVZO128F146EB73,Chicago,Caroline (Album Version),pop,0.7600571652544487
raw cosine,1,TRGSDTP128F92F76D1,Bob Dylan,One Of Us Must Know (Sooner Or Later),folk,TRWNUXN128F93095BF,Angela Bofill,I Try,r&b/soul,0.8300310278249087
raw cosine,2,TRGSDTP128F92F76D1,Bob Dylan,One Of Us Must Know (Sooner Or Later),folk,TRIOKOC128F4267572,Leonard Cohen,Chelsea Hotel #2,folk,0.8255527888645763
raw cosine,3,TRGSDTP128F92F76D1,Bob Dylan,One Of Us Must Know (Sooner Or Later),folk,TRNHSZN128F930FF03,Clawfinger,Revenge,metal,0.8158894872455159
raw cosine,1,TRMRMTN128F92D426F,James Taylor,It's Growing,folk,TRAOTAR128E07846FE,Big Bad Voodoo Daddy,Big And Bad,jazz,0.6623058767432092
raw cosine,2,TRMRMTN128F92D426F,James Taylor,It's Growing,folk,TRGSGOW128EF3456D4,16 Horsepower,Coal Black Horses,country,0.6494944600193853
raw cosine,3,TRMRMTN128F92D426F,James Taylor,It's Growing,folk,TRNWQYN128F4284F1D,TLC,Shock Dat Monkey,r&b/soul,0.5487054736705547
raw cosine,1,TRDFPTZ128F14B108C,James Taylor,Oh_ Susannah (LP Version),folk,TRNVKOI128E0799173,Snoop Dogg,Snoopafella (Edited),hip hop,0.751170263555241
raw cosine,2,TRDFPTZ128F14B108C,James Taylor,Oh_ Susannah (LP Version),folk,TRJPNAE128F425FAFB,King Tee,Act A Fool,hip hop,0.7361404325547102
raw cosine,3,TRDFPTZ128F14B108C,James Taylor,Oh_ Susannah (LP Version),folk,TRDPGXU128F9339C2A,Beastie Boys,B-Boy Bouillabaisse: A.W.O.L. (2009 Digital Remaster),hip hop,0.7270736977073202
raw cosine,1,TROZEMN128F4262CCA,James Taylor,Something In The Way She Moves,folk,TRLVRJP128F93519FB,Atmosphere,Hair,hip hop,0.6898237509042626
raw cosine,2,TROZEMN128F4262CCA,James Taylor,Something In The Way She Moves,folk,TRYWUBG128F14771B5,Obie Trice,Got Some Teeth,hip hop,0.6668673603111734
raw cosine,3,TROZEMN128F4262CCA,James Taylor,Something In The Way She Moves,folk,TRBDCAH128EF362D31,The Pharcyde,Passin' Me By,hip hop,0.6661505056060111
raw cosine,1,TRGAZWQ12903CB0BA9,David Gray,Draw The Line,folk,TRZEZAI128F42A8EB8,Against All Authority,Stand In Line,reggae,0.4568882237507943
raw cosine,2,TRGAZWQ12903CB0BA9,David Gray,Draw The Line,folk,TRBJKLA128EF343637,Beck,Farewell Ride,rock,0.4554883361460728
raw cosine,3,TRGAZWQ12903CB0BA9,David Gray,Draw The Line,folk,TRYKNCT128F148B016,Pat Green,California,country,0.4541322126490904
raw cosine,1,TRSNACX128E078AA88,David Gray,Sail Away,folk,TRGCYUP12903CF418D,OV7,Angelica,latin,0.6422368518882587
raw cosine,2,TRSNACX128E078AA88,David Gray,Sail Away,folk,TRRZSBO128F428BE44,Usher,Nice & Slow,r&b/soul,0.6338410188205807
raw cosine,3,TRSNACX128E078AA88,David Gray,Sail Away,folk,TRAEJKZ128F4280CA5,The Quireboys,Misled,rock,0.6288536656274727
raw cosine,1,TRXCQOC12903CB0BBA,David Gray,Stella The Artist,folk,TRMZUWA12903C9AF06,Biz Markie,Vapors,hip hop,0.5017708039497569
raw cosine,2,TRXCQOC12903CB0BBA,David Gray,Stella The Artist,folk,TRGQBAX128F426EFCA,Bob Dylan,Ballad In Plain D,folk,0.49636157511637835
raw cosine,3,TRXCQOC12903CB0BBA,David Gray,Stella The Artist,folk,TRCUZVN128F92F3C9A,Karan Casey,Song Of Lies,folk,0.48815745465517957
raw cosine,1,TRPGPVH128F429B2F0,Rise Against,Swing Life Away (Acoustic),folk,TRELWVS128F422B91A,Josh Turner,Soulmate,country,0.7189496142418095
raw cosine,2,TRPGPVH128F429B2F0,Rise Against,Swing Life Away (Acoustic),folk,TRFUNRS128F9346BF4,Tony Sly,On the Outside,folk,0.706768690944044
raw cosine,3,TRPGPVH128F429B2F0,Rise Against,Swing Life Away (Acoustic),folk,TRDGGRW128F931EA53,Skankin' Pickle,Gas In My Car,reggae,0.697442950464658
raw cosine,1,TRHLRGU128F42643FB,Bob Dylan,Billy 4,folk,TRLDRYJ128F930BBB4,Pain of Salvation,Spitfall,metal,0.6626789551653871
raw cosine,2,TRHLRGU128F42643FB,Bob Dylan,Billy 4,folk,TRYHHPK128F42A4CAF,Murs,The Dance,hip hop,0.6265403539181253
raw cosine,3,TRHLRGU128F42643FB,Bob Dylan,Billy 4,folk,TRTTOLE128F427656E,John Cale,Graham Greene,folk,0.6059454199125038
raw cosine,1,TRFCCKL128F426EE8E,Bob Dylan,Stuck Inside Of Mobile With The Memphis Blues Again,folk,TRMZUWA12903C9AF06,Biz Markie,Vapors,hip hop,0.6678006172278396
raw cosine,2,TRFCCKL128F426EE8E,Bob Dylan,Stuck Inside Of Mobile With The Memphis Blues Again,folk,TRZGDIA128F4294E98,Tonedeff,Ridiculous,hip hop,0.6462188123703354
raw cosine,3,TRFCCKL128F426EE8E,Bob Dylan,Stuck Inside Of Mobile With The Memphis Blues Again,folk,TRLVRJP128F93519FB,Atmosphere,Hair,hip hop,0.6437198518961156
raw cosine,1,TRGOYOU128F93223F2,Bob Dylan,Pretty Peggy-O,folk,TRRHFQK128F4264FE9,Rasputina,Mr. E. Leon Rauis,rock,0.5416654706732521
raw cosine,2,TRGOYOU128F93223F2,Bob Dylan,Pretty Peggy-O,folk,TRMQMTC128F428A516,Bad Religion,Automatic Man (Album Version),punk,0.5282993028416241
raw cosine,3,TRGOYOU128F93223F2,Bob Dylan,Pretty Peggy-O,folk,TRFWQKZ128F428FD83,THERION,Darkness eve,metal,0.5179596269795272
raw cosine,1,TROMGSH128F427A408,Bob Dylan,She Belongs To Me,folk,TRFEVDF128F4214874,Lionel Richie,She's Amazing,r&b/soul,0.7496652116822717
raw cosine,2,TROMGSH128F427A408,Bob Dylan,She Belongs To Me,folk,TRNIMKL128F9301867,Janie Fricke,She's Single Again,country,0.7369258686409615
raw cosine,3,TROMGSH128F427A408,Bob Dylan,She Belongs To Me,folk,TREEGKN128F1461867,DAN SEALS,Addicted,country,0.7344662537966612
raw cosine,1,TRFBWEC128F42B8346,Bob Dylan,When The Deal Goes Down,folk,TROJYOU12903CBD2A8,Martin Jondo,Hold You,reggae,0.7910491929359419
raw cosine,2,TRFBWEC128F42B8346,Bob Dylan,When The Deal Goes Down,folk,TREEAAM128F4278BF4,Hieroglyphics,Shift Shape,hip hop,0.7729686927188213
raw cosine,3,TRFBWEC128F42B8346,Bob Dylan,When The Deal Goes Down,folk,TRQCXUL128E078A9D6,The Streets,The Irony Of It All (Album Version),electronic,0.7677562712748037
raw cosine,1,TRDVYVJ128F426F7C0,Bob Dylan,With God On Our Side,folk,TRJADED128E078FB2A,Lost Boyz,Keep It Real,hip hop,0.7258165704315714
raw cosine,2,TRDVYVJ128F426F7C0,Bob Dylan,With God On Our Side,folk,TRWFXWM128F148D2D1,Warren G,We Brings Heat,hip hop,0.7158439676971885
raw cosine,3,TRDVYVJ128F426F7C0,Bob Dylan,With God On Our Side,folk,TRCNQIU128F1469E36,Mack 10,LBC And The ING (Explicit),hip hop,0.6962439773360479
raw cosine,1,TREKVGV128E0788976,The Smashing Pumpkins,Terrapin,folk,TRVVIWJ128F42697BA,Fat Joe,Preacher On A Sunday Morning,hip hop,0.6963398906057763
raw cosine,2,TREKVGV128E0788976,The Smashing Pumpkins,Terrapin,folk,TRSTDLM128EF3431B6,Ayo,Only You,r&b/soul,0.6852653143008917
raw cosine,3,TREKVGV128E0788976,The Smashing Pumpkins,Terrapin,folk,TRSOZIK128F934C856,Y&T,Beautiful Dreamer,rock,0.6809746977294956
raw cosine,1,TRUUBKE128F426F5C0,James Taylor,On The 4th of July,folk,TRQXNOX128F1460E10,Kurt Elling,Moonlight Serenade,jazz,0.6741126880317854
raw cosine,2,TRUUBKE128F426F5C0,James Taylor,On The 4th of July,folk,TRFIFYV128F93556D2,Sebadoh,Showtape '91,electronic,0.6659066271574315
raw cosine,3,TRUUBKE128F426F5C0,James Taylor,On The 4th of July,folk,TRVWTVK128F429AAAB,Immortal Technique,The 4th Branch,hip hop,0.6655735905638792
raw cosine,1,TRJZYIT128F426D5BE,James Taylor,Company Man,folk,TRHMLCK128F93085F2,Jeff Timmons,Can't You See,pop,0.7889231788967777
raw cosine,2,TRJZYIT128F426D5BE,James Taylor,Company Man,folk,TRZBPGN128F92EDF7E,HELLYEAH,Nausea,metal,0.7770988005949183
raw cosine,3,TRJZYIT128F426D5BE,James Taylor,Company Man,folk,TRSTDLM128EF3431B6,Ayo,Only You,r&b/soul,0.7767673301754846
raw cosine,1,TRYOIZM128F14567A0,Jimmy Buffett,Ace,folk,TRTLLMP128F9307700,Bellamy Brothers,Old Hippie,country,0.6899667082079847
raw cosine,2,TRYOIZM128F14567A0,Jimmy Buffett,Ace,folk,TROFSLV128F92E389A,Binary Star,Wolfman Jack,hip hop,0.67493263812083
raw cosine,3,TRYOIZM128F14567A0,Jimmy Buffett,Ace,folk,TRQZEGA128F428FEFE,Suicidal Tendencies,Possessed To Skate,metal,0.6720943098962607
raw cosine,1,TRQYFLB128E078941E,Ryan Adams,How Do You Keep Love Alive,folk,TRFUJUF128E078895E,The Smashing Pumpkins,The Guns of Love Disastrous,rock,0.6572720253602651
raw cosine,2,TRQYFLB128E078941E,Ryan Adams,How Do You Keep Love Alive,folk,TRUUGTX128F4285B90,Jim White,Buzzards of Love,folk,0.6544057887647112
raw cosine,3,TRQYFLB128E078941E,Ryan Adams,How Do You Keep Love Alive,folk,TRCFORL128F427670A,Slum Village,Conant Gardens,hip hop,0.6498491137650593
raw cosine,1,TRZUSDI128F4259806,Ryan Adams,When The Stars Go Blue,folk,TRKMBHB128F14624A9,Diana Ross,Do You Know Where You're Going To,r&b/soul,0.5756519429010702
raw cosine,2,TRZUSDI128F4259806,Ryan Adams,When The Stars Go Blue,folk,TRXNKTE128F427F992,Jennifer Lopez,Theme From Mahagony (Do You Know Where You're Going To),electronic,0.5616768149120054
raw cosine,3,TRZUSDI128F4259806,Ryan Adams,When The Stars Go Blue,folk,TRGESLP12903CE31C8,Bon Jovi,Superman Tonight,rock,0.5469083387728301
raw cosine,1,TRWUFEW128F14782F3,Ray LaMontagne,Forever My Friend,folk,TRNRDBW12903CF1361,The Tear Garden,Judgement Hour,electronic,0.6235777533283492
raw cosine,2,TRWUFEW128F14782F3,Ray LaMontagne,Forever My Friend,folk,TRDFGKU128F9307788,Demi Lovato,This Is Me (Acoustic Full Version),pop,0.6204819523891244
raw cosine,3,TRWUFEW128F14782F3,Ray LaMontagne,Forever My Friend,folk,TRLRKUK128F42B17A5,Bowling For Soup,Boulevard,punk,0.6155496935042378
raw cosine,1,TRPZXTD128F14856D4,Ray LaMontagne,How Come [Acoustic Mix],folk,TRGFFYK128F933CB76,Nick Cave & The Bad Seeds,Midnight Man,rock,0.5852238166776126
raw cosine,2,TRPZXTD128F14856D4,Ray LaMontagne,How Come [Acoustic Mix],folk,TRDPGXU128F9339C2A,Beastie Boys,B-Boy Bouillabaisse: A.W.O.L. (2009 Digital Remaster),hip hop,0.5836354299324463
raw cosine,3,TRPZXTD128F14856D4,Ray LaMontagne,How Come [Acoustic Mix],folk,TRWVHON128F42639BA,Fugees (Tranzlator Crew),Temple,hip hop,0.5818670194058317
raw cosine,1,TRIOKOC128F4267572,Leonard Cohen,Chelsea Hotel #2,folk,TRPBTSJ128F42A3168,Harry Belafonte,Angelina,latin,0.8471485144612962
raw cosine,2,TRIOKOC128F4267572,Leonard Cohen,Chelsea Hotel #2,folk,TRAVRZW128F932016E,The Blues Brothers,Everybody Needs Somebody To Love,blues,0.8431146149360579
raw cosine,3,TRIOKOC128F4267572,Leonard Cohen,Chelsea Hotel #2,folk,TRGSDTP128F92F76D1,Bob Dylan,One Of Us Must Know (Sooner Or Later),folk,0.8255527888645763
raw cosine,1,TREBQMO128F42828DB,We Are Scientists,Lethal Enforcer (Live From Union Chapel_ London),folk,TROXHLM128F4266510,Blues Traveler,Hook,blues,0.6948590830891974
raw cosine,2,TREBQMO128F42828DB,We Are Scientists,Lethal Enforcer (Live From Union Chapel_ London),folk,TRTAYPD128F42A4C9C,Murs,You & I,hip hop,0.6849975944183156
raw cosine,3,TREBQMO128F42828DB,We Are Scientists,Lethal Enforcer (Live From Union Chapel_ London),folk,TRPJCEM128F424ECC8,Tristan Prettyman,War Out Of Peace,folk,0.6838619934925734
raw cosine,1,TRIQKDQ128F146F504,KT Tunstall,Change,folk,TRMEKRF12903CC80A6,Bouncing Souls_ The,Pervert,electronic,0.7621562886148283
raw cosine,2,TRIQKDQ128F146F504,KT Tunstall,Change,folk,TRHEDYV128F14856FC,Cherish,Oooh,r&b/soul,0.7529615521109958
raw cosine,3,TRIQKDQ128F146F504,KT Tunstall,Change,folk,TRFVQEA128F4218DD2,Matt Nathanson,More Than This,folk,0.7502234885264435
raw cosine,1,TRBFURI128F1455498,KT Tunstall,Under The Weather,folk,TRMMAIV128F92E7F55,Eagles Of Death Metal,Already Died,rock,0.7325690820752915
raw cosine,2,TRBFURI128F1455498,KT Tunstall,Under The Weather,folk,TRCUSJS128F4277162,Soul Asylum,Stranger,rock,0.7278528371557337
raw cosine,3,TRBFURI128F1455498,KT Tunstall,Under The Weather,folk,TRVNXAG128E079098F,Conway Twitty,Where I Stand,country,0.708217848970303
raw cosine,1,TRVLECJ128E078235B,The Verve,So Sister,folk,TRBWKZD128F428AAEB,A Tribe Called Quest,Hot Sex,hip hop,0.7842282792838822
raw cosine,2,TRVLECJ128E078235B,The Verve,So Sister,folk,TRHEDYV128F14856FC,Cherish,Oooh,r&b/soul,0.7541778427106477
raw cosine,3,TRVLECJ128E078235B,The Verve,So Sister,folk,TRSTJFQ128F428DA21,Less Than Jake,I Think I Love You,reggae,0.7360537918528917
raw cosine,1,TRMLKKJ128E0798A59,Liz Phair,Lost Tonight,folk,TREPPUG128F9301FAB,Black Eyed Peas,Sexy,hip hop,0.7595398537227716
raw cosine,2,TRMLKKJ128E0798A59,Liz Phair,Lost Tonight,folk,TRYVYKU128F426F26F,Lauryn Hill,Interlude 1,r&b/soul,0.7562653547560878
raw cosine,3,TRMLKKJ128E0798A59,Liz Phair,Lost Tonight,folk,TRTYLFM12903CD2C97,Eric B. & Rakim,I Know You Got Soul,hip hop,0.7505309506646636
raw cosine,1,TRYBZQD12903CD1380,The Pogues,Sunnyside Of The Street,folk,TRUSZCW128F92F13E1,Charlotte Martin,In Parentheses,rock,0.7923614115045462
raw cosine,2,TRYBZQD12903CD1380,The Pogues,Sunnyside Of The Street,folk,TRDSUZH128F425BAC3,RODNEY CROWELL,Preachin' To The Choir,country,0.7890104881257605
raw cosine,3,TRYBZQD12903CD1380,The Pogues,Sunnyside Of The Street,folk,TRASDCH128F92E53E5,Josh Martinez,Tour is War,hip hop,0.7880236809033332
raw cosine,1,TRHYZQR128F428F5C5,Kanye West,Can't Tell Me Nothing,hip hop,TRIUAZO128C71965EF,Puressence,India,classical,0.7024266522111294
raw cosine,2,TRHYZQR128F428F5C5,Kanye West,Can't Tell Me Nothing,hip hop,TRHJAUP128F145E735,Pat Travers,I La La La Love You,blues,0.7011174828583588
raw cosine,3,TRHYZQR128F428F5C5,Kanye West,Can't Tell Me Nothing,hip hop,TRQZHWS128E0787004,Grand Puba,Very Special (LP Version),hip hop,0.6912566449605438
raw cosine,1,TRPQDHV128E07845CB,Kanye West,Graduation Day,hip hop,TRIUYFJ128F421FBCA,Immortal Technique,Crossing the Boundary,hip hop,0.7942108846996822
raw cosine,2,TRPQDHV128E07845CB,Kanye West,Graduation Day,hip hop,TRNHSZN128F930FF03,Clawfinger,Revenge,metal,0.7679399302907091
raw cosine,3,TRPQDHV128E07845CB,Kanye West,Graduation Day,hip hop,TRPBTSJ128F42A3168,Harry Belafonte,Angelina,latin,0.7675755335260797
raw cosine,1,TRHAGFQ128F428B8EA,Kanye West,Wake Up Mr. West,hip hop,TRUMCTQ128F42BAEA6,Todd Snider,Looking For A Job,country,0.718813276487547
raw cosine,2,TRHAGFQ128F428B8EA,Kanye West,Wake Up Mr. West,hip hop,TRPBTSJ128F42A3168,Harry Belafonte,Angelina,latin,0.715868751350209
raw cosine,3,TRHAGFQ128F428B8EA,Kanye West,Wake Up Mr. West,hip hop,TRAWCKU128F14771C0,Obie Trice,Hoodrats,hip hop,0.7083972352800746
raw cosine,1,TRQXYGU128E079236A,Black Eyed Peas,A8,hip hop,TRHMLCK128F93085F2,Jeff Timmons,Can't You See,pop,0.775640173200905
raw cosine,2,TRQXYGU128E079236A,Black Eyed Peas,A8,hip hop,TRAVRZW128F932016E,The Blues Brothers,Everybody Needs Somebody To Love,blues,0.7724608046830249
raw cosine,3,TRQXYGU128E079236A,Black Eyed Peas,A8,hip hop,TRRBFPC12903CDF853,The Berzerker,All About You,metal,0.77028834503191
raw cosine,1,TRBUESY128F92F81F6,Black Eyed Peas,Boom Boom Guetta,hip hop,TRUEGMJ128F148D40C,Slick Rick,Let's Get Crazy,hip hop,0.7809157463430818
raw cosine,2,TRBUESY128F92F81F6,Black Eyed Peas,Boom Boom Guetta,hip hop,TRUYSOV12903CED603,Esmée Denters,Getting Over You,r&b/soul,0.5910307485315972
raw cosine,3,TRBUESY128F92F81F6,Black Eyed Peas,Boom Boom Guetta,hip hop,TRQXTQT128E0781DA7,The Rolling Stones,Fight (1994 Digital Remaster),rock,0.5821427032702406
raw cosine,1,TRPDBLM128E0792367,Black Eyed Peas,Communication,hip hop,TRFIYKD128F1460F2A,Dilated Peoples,Live On Stage,hip hop,0.7203881266821792
raw cosine,2,TRPDBLM128E0792367,Black Eyed Peas,Communication,hip hop,TRCFORL128F427670A,Slum Village,Conant Gardens,hip hop,0.7013992079218276
raw cosine,3,TRPDBLM128E0792367,Black Eyed Peas,Communication,hip hop,TRXWSOU128F42662B0,Above The Law,Flow On (Move Me No Mountain),hip hop,0.6962022825726946
raw cosine,1,TRLINLH128F9346400,Black Eyed Peas,One Tribe,hip hop,TRFUZIQ128F14591A7,Cutting Crew,One For The Mockingbird,rock,0.6484252929966451
raw cosine,2,TRLINLH128F9346400,Black Eyed Peas,One Tribe,hip hop,TRBDUTO128F421A441,Avail,N30,punk,0.6355929422524544
raw cosine,3,TRLINLH128F9346400,Black Eyed Peas,One Tribe,hip hop,TRGPDHJ128F14527D5,Bob Marley & The Wailers,One Love / People Get Ready,reggae,0.598910012511148
raw cosine,1,TREPPUG128F9301FAB,Black Eyed Peas,Sexy,hip hop,TRYQPDL128F4265A48,Kat DeLuna,Run The Show,r&b/soul,0.8086650794028996
raw cosine,2,TREPPUG128F9301FAB,Black Eyed Peas,Sexy,hip hop,TRFYGMB128F425A7A2,Natasha Bedingfield,Stumble,pop,0.8013219695593266
raw cosine,3,TREPPUG128F9301FAB,Black Eyed Peas,Sexy,hip hop,TRZCHKB128F92CB740,Anastacia,Club Megamix,rock,0.7996723191919811
raw cosine,1,TRBBVNR128E078E1E4,Black Eyed Peas,Tell Your Momma Come,hip hop,TRGFFYK128F933CB76,Nick Cave & The Bad Seeds,Midnight Man,rock,0.5903315118479259
raw cosine,2,TRBBVNR128E078E1E4,Black Eyed Peas,Tell Your Momma Come,hip hop,TRHUGKY128F92E5EB3,Misery Speaks,Sounds Of Brutality,metal,0.5711604400355598
raw cosine,3,TRBBVNR128E078E1E4,Black Eyed Peas,Tell Your Momma Come,hip hop,TRLXIWQ128F428AB13,Dungeon Family,Trans DF Express,r&b/soul,0.5694203753612118
raw cosine,1,TRTJVGX128E078EB1C,Black Eyed Peas,The Apl Song,hip hop,TRJADED128E078FB2A,Lost Boyz,Keep It Real,hip hop,0.6706259924490934
raw cosine,2,TRTJVGX128E078EB1C,Black Eyed Peas,The Apl Song,hip hop,TRJBVSW128F9314E72,Souls Of Mischief,Fa Sho Fo Real,hip hop,0.6540992986714538
raw cosine,3,TRTJVGX128E078EB1C,Black Eyed Peas,The Apl Song,hip hop,TRNDOZZ128F92F336C,Dead Prez,Fucked Up,hip hop,0.6469686558533245
raw cosine,1,TRDJOCY128F4294CD5,Kanye West,Diamonds From Sierra Leone,hip hop,TRLUOOO128F42B3BF4,Onyx,Onyx Is Back,hip hop,0.6965440087632736
raw cosine,2,TRDJOCY128F4294CD5,Kanye West,Diamonds From Sierra Leone,hip hop,TRNYSCS128F427055D,Archers Of Loaf,Web In Front,rock,0.6087633742965205
raw cosine,3,TRDJOCY128F4294CD5,Kanye West,Diamonds From Sierra Leone,hip hop,TRWFFHM128F92F99C4,Chrisette Michele,All I Ever Think About,r&b/soul,0.6018680423221451
raw cosine,1,TREADOS128E078EC1F,Eminem,If I Had,hip hop,TRPNIKB12903CE690B,Skip James,I'm So Glad,blues,0.7344757735871994
raw cosine,2,TREADOS128E078EC1F,Eminem,If I Had,hip hop,TRCEFOS128F933D79B,Clipse,Freedom,hip hop,0.7108053288697619
raw cosine,3,TREADOS128E078EC1F,Eminem,If I Had,hip hop,TREYKNZ128F92F41C1,Swollen Members,Concerto,hip hop,0.7058563994824767
raw cosine,1,TRHPAVK128E078EC9C,Eminem,Ken Kaniff,hip hop,TRADFVJ12903CA80F0,Madness,Cardiac Arrest,reggae,0.7456132409803983
raw cosine,2,TRHPAVK128E078EC9C,Eminem,Ken Kaniff,hip hop,TRETTPG128F9343EE4,Organized Konfusion,Releasing Hypnotical Gases,hip hop,0.7442381017090358
raw cosine,3,TRHPAVK128E078EC9C,Eminem,Ken Kaniff,hip hop,TRFLQUL128F93196AF,Saul Williams,Elohim (1972),hip hop,0.7412218710825725
raw cosine,1,TRGLNKG128F9307689,Eminem,My Darling,hip hop,TRKLAOB12903C9A1CD,Kevin Devine,Fever Moon,folk,0.8531169870408263
raw cosine,2,TRGLNKG128F9307689,Eminem,My Darling,hip hop,TRNHSZN128F930FF03,Clawfinger,Revenge,metal,0.8474561027279263
raw cosine,3,TRGLNKG128F9307689,Eminem,My Darling,hip hop,TRJOXWB128F92D8498,The Inchtabokatables,Underdrive,rock,0.8437087151733264
raw cosine,1,TRCHZXW128E079288A,Eminem,8 Mile,hip hop,TREBQOW128F92C4549,Common,Book Of Life,hip hop,0.896699433811434
raw cosine,2,TRCHZXW128E079288A,Eminem,8 Mile,hip hop,TRTVTYS128E0792887,Eminem,Rabbit Run,hip hop,0.8769762457980983
raw cosine,3,TRCHZXW128E079288A,Eminem,8 Mile,hip hop,TRQMGEQ128F145F0AF,Gang Starr,Gotta Get Over (Taking Loot) (Explicit),hip hop,0.8727866174428162
raw cosine,1,TRCDLUM128F9331CA9,Usher,Love Was Here,hip hop,TRMASAZ128F428EF4E,The Jeff Healey Band,You're Coming Home,blues,0.759042196768557
raw cosine,2,TRCDLUM128F9331CA9,Usher,Love Was Here,hip hop,TRJLMAI128F92EBB04,Marques Houston,Naked,r&b/soul,0.7339754351838812
raw cosine,3,TRCDLUM128F9331CA9,Usher,Love Was Here,hip hop,TRMWVDI128F92FFA8A,Gotye,Coming Back,rock,0.7278671472553035
raw cosine,1,TRPMNRL128F9302AD7,Akon,Be With You,hip hop,TRNHSZN128F930FF03,Clawfinger,Revenge,metal,0.819537726220782
raw cosine,2,TRPMNRL128F9302AD7,Akon,Be With You,hip hop,TRHVNJF128F934B8C0,Machinemade God,With You,metal,0.7824318819588947
raw cosine,3,TRPMNRL128F9302AD7,Akon,Be With You,hip hop,TRQCMLS128F933DB3B,Boyz II Men,Could It Be I'm Falling In Love,r&b/soul,0.7706665638678859
raw cosine,1,TRRIRMX128F92E6272,Akon,Locked Up,hip hop,TRHJDKU128F1456E10,Ice Cube,When I Get To Heaven (Remix) (Explicit),hip hop,0.6865571612397183
raw cosine,2,TRRIRMX128F92E6272,Akon,Locked Up,hip hop,TRMHLKD12903C98020,JET,Let Me Out,rock,0.6459752707942557
raw cosine,3,TRRIRMX128F92E6272,Akon,Locked Up,hip hop,TRJEZJN128F421AD62,Tommy Castro,Nasty Habits,blues,0.641198889310491
raw cosine,1,TRCEYQJ128E07862DE,Jay-Z,So Ghetto,hip hop,TRSEKVK128F4289138,Amel Larrieux,lucky to be me,jazz,0.77977202325625
raw cosine,2,TRCEYQJ128E07862DE,Jay-Z,So Ghetto,hip hop,TRTPMBB128F42934F8,Sage Francis,Keep Moving,hip hop,0.7744778017557445
raw cosine,3,TRCEYQJ128E07862DE,Jay-Z,So Ghetto,hip hop,TRQXHBL128F42A56FE,Ledisi,Best Friend,r&b/soul,0.7597862287839753
raw cosine,1,TRZGUNN128E07862F7,Jay-Z,Heart Of The City (Ain't No Love),hip hop,TRZCHKB128F92CB740,Anastacia,Club Megamix,rock,0.7862626433588975
raw cosine,2,TRZGUNN128E07862F7,Jay-Z,Heart Of The City (Ain't No Love),hip hop,TRQXHBL128F42A56FE,Ledisi,Best Friend,r&b/soul,0.7792451081910555
raw cosine,3,TRZGUNN128E07862F7,Jay-Z,Heart Of The City (Ain't No Love),hip hop,TRTHFTG128F42550BC,Lil Wyte,Ten Toes Tall,hip hop,0.7731535716743303
raw cosine,1,TRTVTYS128E0792887,Eminem,Rabbit Run,hip hop,TRCHZXW128E079288A,Eminem,8 Mile,hip hop,0.8769762457980983
raw cosine,2,TRTVTYS128E0792887,Eminem,Rabbit Run,hip hop,TREBQOW128F92C4549,Common,Book Of Life,hip hop,0.8573360919159411
raw cosine,3,TRTVTYS128E0792887,Eminem,Rabbit Run,hip hop,TRDSUZH128F425BAC3,RODNEY CROWELL,Preachin' To The Choir,country,0.849360414465328
raw cosine,1,TRBEBJO128C719646B,Nelly,Splurge,hip hop,TRKXFLD128F1479BC0,Remy Ma,I'm,hip hop,0.8525079920543649
raw cosine,2,TRBEBJO128C719646B,Nelly,Splurge,hip hop,TRFPLQD128F92FFB52,Kool Moe Dee,Bad Mutha,hip hop,0.8516197674376584
raw cosine,3,TRBEBJO128C719646B,Nelly,Splurge,hip hop,TRNHSZN128F930FF03,Clawfinger,Revenge,metal,0.849029887280976
raw cosine,1,TRMWYIH128E078DCA6,Nelly,St. Louie,hip hop,TRJUUKB128F428E973,Soulja Slim,From What I Was Told,hip hop,0.6956358428070462
raw cosine,2,TRMWYIH128E078DCA6,Nelly,St. Louie,hip hop,TRHKJVR128F42857EA,DJ Quik,Safe + Sound,hip hop,0.6904687041916838
raw cosine,3,TRMWYIH128E078DCA6,Nelly,St. Louie,hip hop,TRQSXXR128F4266519,Blues Traveler,Run Around,blues,0.6844385076896574
raw cosine,1,TRHXTHR128F145E864,Nelly,Wrap Sumden,hip hop,TRKXFLD128F1479BC0,Remy Ma,I'm,hip hop,0.8402796190115877
raw cosine,2,TRHXTHR128F145E864,Nelly,Wrap Sumden,hip hop,TRDPGXU128F9339C2A,Beastie Boys,B-Boy Bouillabaisse: A.W.O.L. (2009 Digital Remaster),hip hop,0.8376436529288706
raw cosine,3,TRHXTHR128F145E864,Nelly,Wrap Sumden,hip hop,TRTHFTG128F42550BC,Lil Wyte,Ten Toes Tall,hip hop,0.8305199178109834
raw cosine,1,TRQRAKE128F9322866,Jay-Z,Soon You'll Understand,hip hop,TRNHSZN128F930FF03,Clawfinger,Revenge,metal,0.8240500724231242
raw cosine,2,TRQRAKE128F9322866,Jay-Z,Soon You'll Understand,hip hop,TREUZWP128F421CBB7,Chely Wright,Between A Mother And A Child,country,0.8209644768440513
raw cosine,3,TRQRAKE128F9322866,Jay-Z,Soon You'll Understand,hip hop,TRPBTSJ128F42A3168,Harry Belafonte,Angelina,latin,0.8093392605993524
raw cosine,1,TRCDAUA128E0784644,Jay-Z,Encore,hip hop,TRWLKBS12903CC57D7,Good Old War,Tell Me (Acoustic),folk,0.8259639967078707
raw cosine,2,TRCDAUA128E0784644,Jay-Z,Encore,hip hop,TRISFKH128F9336E63,Beastie Boys,So What'Cha Want (Butt Naked Version) (Explicit) (2009 Digital Remaster),hip hop,0.8162256778666267
raw cosine,3,TRCDAUA128E0784644,Jay-Z,Encore,hip hop,TRFYGMB128F425A7A2,Natasha Bedingfield,Stumble,pop,0.8151545838093671
raw cosine,1,TRBCPZS128F145ECC1,Nelly,Say Now,hip hop,TRWCKEI128E0780E47,Blink-182,Online Songs,punk,0.6237764408472842
raw cosine,2,TRBCPZS128F145ECC1,Nelly,Say Now,hip hop,TRDXEIG128F4292FF1,Bruce Hornsby and the Range,The Red Plains,folk,0.6185799010369691
raw cosine,3,TRBCPZS128F145ECC1,Nelly,Say Now,hip hop,TRAWSJK128F42767F2,Ini Kamoze,Here Comes The Hotstepper,reggae,0.6064342889763552
raw cosine,1,TRWFVOW128E0793847,Dr. Dre,Been There Done That,hip hop,TRKKWMQ128F4266186,Mobb Deep,Live Foul,hip hop,0.7168507480305717
raw cosine,2,TRWFVOW128E0793847,Dr. Dre,Been There Done That,hip hop,TRJADED128E078FB2A,Lost Boyz,Keep It Real,hip hop,0.6613645872091801
raw cosine,3,TRWFVOW128E0793847,Dr. Dre,Been There Done That,hip hop,TRKKHPA128F93148E5,Souls Of Mischief,Do You Want It?,hip hop,0.6599652717296057
raw cosine,1,TRWZWOX128F935A084,Sean Kingston,Magical,hip hop,TRJVRGE128F149E808,Ben E. King,Supernatural Thing Part 1,r&b/soul,0.7159543389876427
raw cosine,2,TRWZWOX128F935A084,Sean Kingston,Magical,hip hop,TRJZQSM128F92C4D1B,Ladyhawke,Love Don't Live Here,electronic,0.6980204346348534
raw cosine,3,TRWZWOX128F935A084,Sean Kingston,Magical,hip hop,TRCYLAX128F42B0D01,Aretha Franklin,A Deeper Love,r&b/soul,0.6951663405273613
raw cosine,1,TRXGBGU128F935A092,Sean Kingston,Over,hip hop,TRVRIIT12903CD89B7,Marilyn Monroe,Do It Again,jazz,0.734288180086579
raw cosine,2,TRXGBGU128F935A092,Sean Kingston,Over,hip hop,TRMXOMP128F427ECE8,Albert Hammond Jr.,Bright Young Thing,rock,0.7169261586694056
raw cosine,3,TRXGBGU128F935A092,Sean Kingston,Over,hip hop,TRJLMAI128F92EBB04,Marques Houston,Naked,r&b/soul,0.6744386318958402
raw cosine,1,TRFKPZK128F935A08D,Sean Kingston,Wrap U Around Me,hip hop,TRKZRCW128F4233621,Diana Krall,Peel Me A Grape,jazz,0.7042804296396256
raw cosine,2,TRFKPZK128F935A08D,Sean Kingston,Wrap U Around Me,hip hop,TRXKSAZ12903CAFB8E,Jill Scott,He Loves Me (Lyzel In E Flat),r&b/soul,0.67081577954257
raw cosine,3,TRFKPZK128F935A08D,Sean Kingston,Wrap U Around Me,hip hop,TRIRVHL128F92F5ECF,Jeff Buckley,Be Your Husband,blues,0.6507598774277561
raw cosine,1,TRWVTDX128F931ECEF,M.I.A.,Paper Planes,hip hop,TROOJPJ128F14A2A86,Brand Nubian,All For One (Explicit) (2006 Remastered LP Version),hip hop,0.776999349082176
raw cosine,2,TRWVTDX128F931ECEF,M.I.A.,Paper Planes,hip hop,TRKXFLD128F1479BC0,Remy Ma,I'm,hip hop,0.769496976440744
raw cosine,3,TRWVTDX128F931ECEF,M.I.A.,Paper Planes,hip hop,TRXYREI128F4261E8F,Big L,Lifestylez Ov Da Poor & Dangerous,hip hop,0.7553429725110976
raw cosine,1,TRWTZGX128F149535F,Thousand Foot Krutch,Set It Off,hip hop,TRSKTET128F42BBABC,John Legend,Out Of Sight,r&b/soul,0.6575173470477002
raw cosine,2,TRWTZGX128F149535F,Thousand Foot Krutch,Set It Off,hip hop,TRATUIZ128F423B591,Smif-n-Wessun,LET's GIT IT ON,hip hop,0.6444180361569123
raw cosine,3,TRWTZGX128F149535F,Thousand Foot Krutch,Set It Off,hip hop,TRKIELV12903CA25E5,Organized Konfusion,Confrontations,hip hop,0.640770187106105
raw cosine,1,TRCACEF128F42434D7,Ludacris,Ho,hip hop,TRQLSLN12903CA37C3,Big Bad Voodoo Daddy,Mambo Swing,jazz,0.8286527685473251
raw cosine,2,TRCACEF128F42434D7,Ludacris,Ho,hip hop,TRTUWLC12903C94E7A,Gene Autry,Up On The House Top,country,0.6742611420066916
raw cosine,3,TRCACEF128F42434D7,Ludacris,Ho,hip hop,TRFWLYB128F4291502,Nina Hagen,Live On Mars,punk,0.4323110927386168
raw cosine,1,TRCQNWN128F92EA07D,Wu-Tang Clan,The What,hip hop,TRPWCMZ128F9300B63,Aesop Rock,Mars Attacks,hip hop,0.7484972895490318
raw cosine,2,TRCQNWN128F92EA07D,Wu-Tang Clan,The What,hip hop,TRJVBYA128F93434FD,Immortal Technique,That's What It Is,hip hop,0.7442728902025324
raw cosine,3,TRCQNWN128F92EA07D,Wu-Tang Clan,The What,hip hop,TRBHNHZ128F42A6BEF,Cam'Ron,Bubble Music,hip hop,0.7378569294732891
raw cosine,1,TRYHHXT128F4276F89,50 Cent,Rowdy Rowdy,hip hop,TRBXUMD12903CBB64D,Wu-Tang Clan,Da Mystery Of Chessboxin',hip hop,0.8092966735575772
raw cosine,2,TRYHHXT128F4276F89,50 Cent,Rowdy Rowdy,hip hop,TRDQIWP128F9342105,Company Flow,The Fire In Which You Burn (feat. J-Treds & The Brewin From The Juggaknots),hip hop,0.7825224390980428
raw cosine,3,TRYHHXT128F4276F89,50 Cent,Rowdy Rowdy,hip hop,TRQSBLH128F148CB93,Def Squad,You Do_ I Do,hip hop,0.7775343206630656
raw cosine,1,TRIGDUK128E0784045,Snoop Dogg,Bang Out,hip hop,TRCNKKU12903D0CD48,Wu-Tang Clan,Uzi,hip hop,0.6788064827768119
raw cosine,2,TRIGDUK128E0784045,Snoop Dogg,Bang Out,hip hop,TRTHFTG128F42550BC,Lil Wyte,Ten Toes Tall,hip hop,0.6691453207971828
raw cosine,3,TRIGDUK128E0784045,Snoop Dogg,Bang Out,hip hop,TRXRIRD128F930AADB,Kool Keith,Clifton,hip hop,0.6671982078043007
raw cosine,1,TRNVKOI128E0799173,Snoop Dogg,Snoopafella (Edited),hip hop,TRPJILS128F9301616,Us3,Goodbye,jazz,0.8702964194888465
raw cosine,2,TRNVKOI128E0799173,Snoop Dogg,Snoopafella (Edited),hip hop,TRJPNAE128F425FAFB,King Tee,Act A Fool,hip hop,0.8695694012122461
raw cosine,3,TRNVKOI128E0799173,Snoop Dogg,Snoopafella (Edited),hip hop,TRDPGXU128F9339C2A,Beastie Boys,B-Boy Bouillabaisse: A.W.O.L. (2009 Digital Remaster),hip hop,0.8650766272567033
raw cosine,1,TRLVRJP128F93519FB,Atmosphere,Hair,hip hop,TRVDTEO128F14956CF,Eric B. & Rakim,What's On Your Mind,hip hop,0.818815366805303
raw cosine,2,TRLVRJP128F93519FB,Atmosphere,Hair,hip hop,TRDPGXU128F9339C2A,Beastie Boys,B-Boy Bouillabaisse: A.W.O.L. (2009 Digital Remaster),hip hop,0.8161024490747625
raw cosine,3,TRLVRJP128F93519FB,Atmosphere,Hair,hip hop,TRAQDFB128F4234E3B,Example,Birthday Card,hip hop,0.8084758026197649
raw cosine,1,TRBZXAC12903CBB0CE,Atmosphere,Happymess,hip hop,TRTAYPD128F42A4C9C,Murs,You & I,hip hop,0.824366035372372
raw cosine,2,TRBZXAC12903CBB0CE,Atmosphere,Happymess,hip hop,TRFPLQD128F92FFB52,Kool Moe Dee,Bad Mutha,hip hop,0.8177630584938008
raw cosine,3,TRBZXAC12903CBB0CE,Atmosphere,Happymess,hip hop,TRVUUKM128F425FB16,King Tee,Guitar Playin',hip hop,0.812877151116447
raw cosine,1,TRUNSXQ128E078B97D,Michael Bublé,Put Your Head On My Shoulder (Album Version),jazz,TRNCIOP128F426A93D,Brownstone,Kiss And Tell,r&b/soul,0.6976633312578044
raw cosine,2,TRUNSXQ128E078B97D,Michael Bublé,Put Your Head On My Shoulder (Album Version),jazz,TRMBEML128F148D1C7,Wang Chung,Hypnotize Me,pop,0.6897901908854601
raw cosine,3,TRUNSXQ128E078B97D,Michael Bublé,Put Your Head On My Shoulder (Album Version),jazz,TRZHFGK128F423B618,Sharon Jones & The Dap-Kings,Tell Me,r&b/soul,0.6810213726814099
raw cosine,1,TRFUJLG128F4255312,Michael Bublé,Stuck In The Middle With You (Non-Album Track),jazz,TRAZHNL12903CC1B6C,Mac Lethal,Rotten Apple Pie,hip hop,0.837945199176861
raw cosine,2,TRFUJLG128F4255312,Michael Bublé,Stuck In The Middle With You (Non-Album Track),jazz,TRBWKZD128F428AAEB,A Tribe Called Quest,Hot Sex,hip hop,0.8326642603915566
raw cosine,3,TRFUJLG128F4255312,Michael Bublé,Stuck In The Middle With You (Non-Album Track),jazz,TRKXFLD128F1479BC0,Remy Ma,I'm,hip hop,0.819070083963102
raw cosine,1,TRQPMHA128E078B979,Michael Bublé,You'll Never Find Another Love Like Mine (Album Version),jazz,TRPWHQK128F9326149,Brett Dennen,When She's Gone,folk,0.7457744617225673
raw cosine,2,TRQPMHA128E078B979,Michael Bublé,You'll Never Find Another Love Like Mine (Album Version),jazz,TRZEQMX128F42883EF,Phyllis Hyman,Falling Star,r&b/soul,0.7317463099137409
raw cosine,3,TRQPMHA128E078B979,Michael Bublé,You'll Never Find Another Love Like Mine (Album Version),jazz,TRHBWQF128F933687C,Paul Anka,You Are My Destiny,jazz,0.7307450668572184
raw cosine,1,TRZPSAF128F9349767,Ray Charles,Kiss me baby,jazz,TROTCDE128F4267AB1,Aretha Franklin,All Night Long,jazz,0.6717406806374625
raw cosine,2,TRZPSAF128F9349767,Ray Charles,Kiss me baby,jazz,TRYIILA128F4281F96,Bo Diddley,I'm Looking For A Woman,blues,0.6271205255021244
raw cosine,3,TRZPSAF128F9349767,Ray Charles,Kiss me baby,jazz,TRDKRBH128F148AF14,Slim Harpo,Late Last Night,blues,0.6246459926082454
raw cosine,1,TRAEPAC12903CE5DC8,Ray Charles,Let's Go,jazz,TRGTQCP128F932573A,Hilary Duff,Play With Fire,pop,0.8396840181999419
raw cosine,2,TRAEPAC12903CE5DC8,Ray Charles,Let's Go,jazz,TRNFUML128F92E41EA,Leon Jackson,You Don't Know Me,jazz,0.8233483257866896
raw cosine,3,TRAEPAC12903CE5DC8,Ray Charles,Let's Go,jazz,TRUBHKR128F427ECDE,Harry Connick_ Jr.,You Don't Know Me,jazz,0.8221095552280268
raw cosine,1,TRMJMVW12903CD44F4,Ray Charles,Moon Over Miami,jazz,TRLKDAS128F14610D7,Diana Krall,Charmed Life,jazz,0.4655051307245378
raw cosine,2,TRMJMVW12903CD44F4,Ray Charles,Moon Over Miami,jazz,TRGAPEV12903D09678,Dragonforce,Heart of a Dragon,metal,0.45978957318854374
raw cosine,3,TRMJMVW12903CD44F4,Ray Charles,Moon Over Miami,jazz,TRFJQMU128F4273B8F,Chaka Khan,Lullaby Of Birdland,jazz,0.45068090520852994
raw cosine,1,TRBXTYM128F930793B,Nat King Cole,Hit That Jive Jack,jazz,TRMTSMP128F92F621B,N-Dubz,Sex,hip hop,0.6640112241959808
raw cosine,2,TRBXTYM128F930793B,Nat King Cole,Hit That Jive Jack,jazz,TRLRCZU128F1475FBA,Juvenile,Around The Way [Explicit Album Version],hip hop,0.6616251667757008
raw cosine,3,TRBXTYM128F930793B,Nat King Cole,Hit That Jive Jack,jazz,TRTNPZQ128F148C125,Onyx,The Worst,hip hop,0.6597749337002387
raw cosine,1,TRFORZM12903CDF88C,Nat King Cole,The Christmas Song,jazz,TRCDUCG128F4262F0C,Billy Gilman,The Christmas Song,country,0.9522158241939748
raw cosine,2,TRFORZM12903CDF88C,Nat King Cole,The Christmas Song,jazz,TRVOQHA12903CF601C,Gang Starr,Just To Get A Rep,hip hop,0.6323971716269889
raw cosine,3,TRFORZM12903CDF88C,Nat King Cole,The Christmas Song,jazz,TRKHTKI128F92EA339,Matisyahu,Close My Eyes,reggae,0.6182285620531937
raw cosine,1,TREMJFY12903CF1630,Nat King Cole,Too Young,jazz,TRGDFQG128F4264F30,Dan Hartman,We Are The Young,pop,0.5324500101412878
raw cosine,2,TREMJFY12903CF1630,Nat King Cole,Too Young,jazz,TRMXXLD12903CD5C1B,Carole King,We Are All In This Together,folk,0.5321206915650755
raw cosine,3,TREMJFY12903CF1630,Nat King Cole,Too Young,jazz,TRJDKEI128F9337CDF,Thought Riot,Save The Humans,punk,0.5051737784923711
raw cosine,1,TRKBPHV128F92E3B2D,Nat King Cole,Unforgettable,jazz,TRPNVGR128F1460F31,Dilated Peoples,Clockwork,hip hop,0.6016092411518471
raw cosine,2,TRKBPHV128F92E3B2D,Nat King Cole,Unforgettable,jazz,TRQLVEF128F426370C,Johnny Mathis,The Windmills Of Your Mind,blues,0.5822395834631303
raw cosine,3,TRKBPHV128F92E3B2D,Nat King Cole,Unforgettable,jazz,TRMKGXJ128F423A067,Joe Nichols,Another Side Of You,country,0.5797494446083384
raw cosine,1,TRHYGVQ12903D046A9,Nat King Cole,Autumn Leaves,jazz,TRFBASZ128F42317D3,Dawn of Relic,The Awakening,metal,0.6035304042203067
raw cosine,2,TRHYGVQ12903D046A9,Nat King Cole,Autumn Leaves,jazz,TRTMJLR128F1463837,Dusty Springfield,Meditation,jazz,0.5788828223712844
raw cosine,3,TRHYGVQ12903D046A9,Nat King Cole,Autumn Leaves,jazz,TRLFKXW128F425B9A2,311,Firewater,rock,0.5754381238653518
raw cosine,1,TRWIGSY128F92FE6B6,Nat King Cole,Love Is A Many Splendored Thing,jazz,TRARREW128F92CD3D9,Bette Midler,The Rose,pop,0.5853694070049635
raw cosine,2,TRWIGSY128F92FE6B6,Nat King Cole,Love Is A Many Splendored Thing,jazz,TRJWBUM128C7196B23,Marvin Gaye,That's The Way Love Is,r&b/soul,0.5849201282374121
raw cosine,3,TRWIGSY128F92FE6B6,Nat King Cole,Love Is A Many Splendored Thing,jazz,TRREMEE128F932A4C4,Giuliano Palma & The Bluebeaters,Somewhere In My Heart,reggae,0.575161050162068
raw cosine,1,TRHEGPE128F9311A85,Nat King Cole,Smoke Gets in Your Eyes,jazz,TRUSMEO128F1469319,Bryan Ferry,Smoke Gets In Your Eyes,folk,0.9615489344015546
raw cosine,2,TRHEGPE128F9311A85,Nat King Cole,Smoke Gets in Your Eyes,jazz,TRTFNGC128F9343C22,Frenzal Rhomb,I Love Fucking Up,punk,0.7078443967508355
raw cosine,3,TRHEGPE128F9311A85,Nat King Cole,Smoke Gets in Your Eyes,jazz,TRQGAOW128F92FBF94,Patsy Cline,I Love You Honey,country,0.702430049446232
raw cosine,1,TRWZCIQ12903C97881,Nat King Cole,If You Can't Smile And Say Yes,jazz,TRPZAPZ128F9341D3E,R. Kelly,Don't You Say No,r&b/soul,0.7486364422954158
raw cosine,2,TRWZCIQ12903C97881,Nat King Cole,If You Can't Smile And Say Yes,jazz,TRTBBGQ128E078FE63,Kelly Price,Don't Say Goodbye,r&b/soul,0.6800893517252719
raw cosine,3,TRWZCIQ12903C97881,Nat King Cole,If You Can't Smile And Say Yes,jazz,TRSEAVW128F429E22F,A Tribe Called Quest,Rap Promoter,hip hop,0.6610104303769662
raw cosine,1,TREENNZ128F145B67D,Nat King Cole,She's Funny That Way,jazz,TRFUZQB128F4235491,Guy Clark,I Don't Love You Much Do I (2007 Remastered LP Version),country,0.8169047955167411
raw cosine,2,TREENNZ128F145B67D,Nat King Cole,She's Funny That Way,jazz,TRKAEFD128F428C723,Keyshia Cole,I Changed My Mind,r&b/soul,0.8020789901428723
raw cosine,3,TREENNZ128F145B67D,Nat King Cole,She's Funny That Way,jazz,TRZCHKB128F92CB740,Anastacia,Club Megamix,rock,0.7754714430742043
raw cosine,1,TRVUYIL128F4275FAD,Nat King Cole,The Ruby And The Pearl (2003 Digital Remaster),jazz,TRLUXWO128F14618D6,Dilated Peoples,Expansion Team Theme,hip hop,0.6430775696660427
raw cosine,2,TRVUYIL128F4275FAD,Nat King Cole,The Ruby And The Pearl (2003 Digital Remaster),jazz,TRTYQXA128F147F7F8,Patricia Barber,Phaeton,jazz,0.5877345201340949
raw cosine,3,TRVUYIL128F4275FAD,Nat King Cole,The Ruby And The Pearl (2003 Digital Remaster),jazz,TREFQCV128F92FC88B,Snog,Into The Light,electronic,0.5832268370598154
raw cosine,1,TRHOXSK128F145C9F9,Nat King Cole,The Very Thought Of You,jazz,TRDNUNW128F933DB3D,Boyz II Men,Amazed,r&b/soul,0.7446471259315678
raw cosine,2,TRHOXSK128F145C9F9,Nat King Cole,The Very Thought Of You,jazz,TRJIQFW128F428DE49,7L & Esoteric,Boxcutter Rap,hip hop,0.7308070669318518
raw cosine,3,TRHOXSK128F145C9F9,Nat King Cole,The Very Thought Of You,jazz,TRDZHMB128F14925BA,Marissa Nadler,Famous Blue Raincoat,folk,0.7208331122794644
raw cosine,1,TRETXLU12903CD5688,Bing Crosby,Rudolph The Red-Nosed Reindeer,jazz,TRDBNWO12903CC8E18,Gene Autry,Rudolph The Red Nosed Reindeer,classical,0.7688021592271441
raw cosine,2,TRETXLU12903CD5688,Bing Crosby,Rudolph The Red-Nosed Reindeer,jazz,TROMMRU128F4250C74,Classified,All About U,hip hop,0.73169100437109
raw cosine,3,TRETXLU12903CD5688,Bing Crosby,Rudolph The Red-Nosed Reindeer,jazz,TRRGWST128F930E4AE,Sara Gazarek,Yours (Live),jazz,0.7139231121911069
raw cosine,1,TRORBTM128F93368FB,Norah Jones,December,jazz,TRARHIC128F424B27B,Marilyn Monroe,When I Fall In Love,jazz,0.667356774338222
raw cosine,2,TRORBTM128F93368FB,Norah Jones,December,jazz,TRMYJUA128F428A590,Descendents,When I Get Old,punk,0.6613952399697519
raw cosine,3,TRORBTM128F93368FB,Norah Jones,December,jazz,TRZRCGB128F146F82B,Tina Turner,All The Woman (Recorded Live In London '99),pop,0.6610822342429592
raw cosine,1,TRFCNIJ128F423F32E,Norah Jones,Don't Know Why (Live),jazz,TRURGUR128F149409A,Mr. Vegas,I Don't Know Why I Love You,reggae,0.8008764409912635
raw cosine,2,TRFCNIJ128F423F32E,Norah Jones,Don't Know Why (Live),jazz,TRDQNSS128F4240C31,Millencolin,Random I Am (Album Version),punk,0.7808365982363298
raw cosine,3,TRFCNIJ128F423F32E,Norah Jones,Don't Know Why (Live),jazz,TRVVBPB128F4250C72,Classified,Freezin In The Cold,hip hop,0.7738191946775766
raw cosine,1,TRYNZAL128F1464B5A,Norah Jones,Humble Me,jazz,TRRBFPC12903CDF853,The Berzerker,All About You,metal,0.8221052713222236
raw cosine,2,TRYNZAL128F1464B5A,Norah Jones,Humble Me,jazz,TRGNWZK128F42960A4,Syleena Johnson,All Of Me,r&b/soul,0.8171996183834259
raw cosine,3,TRYNZAL128F1464B5A,Norah Jones,Humble Me,jazz,TRKKXHG128F421A24C,Dance Hall Crashers,Othello,reggae,0.7968144145664815
raw cosine,1,TRNGOHS128E0781235,Norah Jones,I've Got To See You Again,jazz,TRYATVR128F4283D4A,Hope Of The States,Sadness On My Back,punk,0.8042621450617822
raw cosine,2,TRNGOHS128E0781235,Norah Jones,I've Got To See You Again,jazz,TRQBHPO128F9307C8E,New Found Glory,I'll Never Love Again,punk,0.79558930609822
raw cosine,3,TRNGOHS128E0781235,Norah Jones,I've Got To See You Again,jazz,TRKLJAG128F42B31CF,Mario Vazquez,Everytime I...,r&b/soul,0.7747224262263515
raw cosine,1,TRPPHPQ128F4258FFC,Norah Jones,Sinkin' Soon (iTunes Live Session),jazz,TRNKIVH128F421D429,Charlie Robison,Good Times,country,0.6187127253648694
raw cosine,2,TRPPHPQ128F4258FFC,Norah Jones,Sinkin' Soon (iTunes Live Session),jazz,TRFGWTJ128E0783A47,The Misfits,Static Age,punk,0.6162911634776579
raw cosine,3,TRPPHPQ128F4258FFC,Norah Jones,Sinkin' Soon (iTunes Live Session),jazz,TRJOQXR128F92EB51A,Thompson Twins,We Are Detective,pop,0.6137257989065713
raw cosine,1,TRSSOKM128F1464B5C,Norah Jones,The Long Way Home,jazz,TRGLGNR128F1487A6F,Manafest,Runaway,hip hop,0.7243430639706159
raw cosine,2,TRSSOKM128F1464B5C,Norah Jones,The Long Way Home,jazz,TRKLJAG128F42B31CF,Mario Vazquez,Everytime I...,r&b/soul,0.7219462124932764
raw cosine,3,TRSSOKM128F1464B5C,Norah Jones,The Long Way Home,jazz,TRYYRLU12903D082FF,Jonny Lang,Breakin Me,blues,0.7132739503730822
raw cosine,1,TRKMCAV128E0782298,Norah Jones,Those Sweet Words,jazz,TRWAKFC128F424561B,Slum Village,Call Me (Clean Version),hip hop,0.6357729901878229
raw cosine,2,TRKMCAV128E0782298,Norah Jones,Those Sweet Words,jazz,TRMRNDW128F4292475,A Tribe Called Quest,Baby Phife's Return,hip hop,0.6312851549806506
raw cosine,3,TRKMCAV128E0782298,Norah Jones,Those Sweet Words,jazz,TRLQBZP12903CECC4A,Hello Saferide,Get Sick Soon,folk,0.6291416057782379
raw cosine,1,TRBQFLA128F423F329,Norah Jones,Wish I Could (Live),jazz,TRTPMBB128F42934F8,Sage Francis,Keep Moving,hip hop,0.7263399641309348
raw cosine,2,TRBQFLA128F423F329,Norah Jones,Wish I Could (Live),jazz,TRCHTBA128F92EAC62,illScarlett,Clearer Now,punk,0.723416799878318
raw cosine,3,TRBQFLA128F423F329,Norah Jones,Wish I Could (Live),jazz,TRRQUHL128F4259E45,Berlin,Masquerade,pop,0.7202896112367141
raw cosine,1,TRCLZPO128F427CD3A,Norah Jones,My Dear Country,jazz,TRDPGXU128F9339C2A,Beastie Boys,B-Boy Bouillabaisse: A.W.O.L. (2009 Digital Remaster),hip hop,0.7287728118461179
raw cosine,2,TRCLZPO128F427CD3A,Norah Jones,My Dear Country,jazz,TRZPHVT128F4298109,The Cat Empire,The Car Song,reggae,0.7211970909550356
raw cosine,3,TRCLZPO128F427CD3A,Norah Jones,My Dear Country,jazz,TRJIUQV128F92C654D,Ice Cube,Dead Homiez,hip hop,0.7181582639713501
raw cosine,1,TRWAPCT128F1494611,Dean Martin,I Love The Way You Say Goodnight,jazz,TRQMZTE128F42B5074,OutKast,The Way You Move,hip hop,0.7803755978073242
raw cosine,2,TRWAPCT128F1494611,Dean Martin,I Love The Way You Say Goodnight,jazz,TRGPUVY128F9313AD9,Doyle Bramhall,Dimples,jazz,0.7214033419938675
raw cosine,3,TRWAPCT128F1494611,Dean Martin,I Love The Way You Say Goodnight,jazz,TRFGQTH128F1453D85,Marilyn Manson,Para-noir,metal,0.7143962708611991
raw cosine,1,TRNBZVW128F92EE688,Dean Martin,White Christmas,jazz,TRVYERM128F93137C1,Jamie Scott & The Town,When Will I See Your Face Again,folk,0.5511063866647862
raw cosine,2,TRNBZVW128F92EE688,Dean Martin,White Christmas,jazz,TRIZEFA128F148582F,Darkel,At The End Of The Sky,electronic,0.5370846194594372
raw cosine,3,TRNBZVW128F92EE688,Dean Martin,White Christmas,jazz,TRDDTJP128F42437DA,Mississippi Fred McDowell,When I Lay My Burden Down,blues,0.528870346493555
raw cosine,1,TRHZOEX128F93588AB,Dean Martin,Memories Are Made Of This,jazz,TRGVQSU128F4260009,Dolly Parton,Highlight Of My Life,country,0.54007117964669
raw cosine,2,TRHZOEX128F93588AB,Dean Martin,Memories Are Made Of This,jazz,TRDJIWI128F426498B,Kenny Loggins,Conviction Of The Heart,jazz,0.5344556251986885
raw cosine,3,TRHZOEX128F93588AB,Dean Martin,Memories Are Made Of This,jazz,TRXCHEC128F42958D4,Amici Forever,Requiem for a Soldier (Band of Brothers),classical,0.526420330777086
raw cosine,1,TREOPOB128F427CD42,Norah Jones,Little Room,jazz,TRXWSOU128F42662B0,Above The Law,Flow On (Move Me No Mountain),hip hop,0.6294858390015771
raw cosine,2,TREOPOB128F427CD42,Norah Jones,Little Room,jazz,TRJIBBZ128F425149A,Dead Kennedys,Kinky Sex Makes the World Go 'Round,punk,0.6264482454202317
raw cosine,3,TREOPOB128F427CD42,Norah Jones,Little Room,jazz,TRYEMLL128F42796B1,David Houston,My Elusive Dreams,country,0.6198494574872324
raw cosine,1,TRELLQK128F147AD94,The Puppini Sisters,Bei Mir Bist Du Schön,jazz,TRWLKBS12903CC57D7,Good Old War,Tell Me (Acoustic),folk,0.7428970589282737
raw cosine,2,TRELLQK128F147AD94,The Puppini Sisters,Bei Mir Bist Du Schön,jazz,TRMVVDP128E0787806,Josh Groban,When You Say You Love Me (Album Version),classical,0.7337352353811268
raw cosine,3,TRELLQK128F147AD94,The Puppini Sisters,Bei Mir Bist Du Schön,jazz,TRONQKR12903CA1A0B,RyanDan,Like The Sun,classical,0.7309337625427584
raw cosine,1,TRMOHUN128F424DEE6,The Puppini Sisters,Don't Sit Under The Apple Tree,jazz,TRDIOJU128F931BF15,Jackson 5,(You Were Made) Especially For Me,r&b/soul,0.5850156522938843
raw cosine,2,TRMOHUN128F424DEE6,The Puppini Sisters,Don't Sit Under The Apple Tree,jazz,TRIIMSD128F14739FD,Confederate Railroad,I Don't Want To Hang Out With Me (LP Version),country,0.5386758590549793
raw cosine,3,TRMOHUN128F424DEE6,The Puppini Sisters,Don't Sit Under The Apple Tree,jazz,TRYZACI128F4298560,Republica,Don't You Ever,pop,0.5241248337542679
raw cosine,1,TRSPEPD128F147AD9A,The Puppini Sisters,Falling In Love Again,jazz,TRLNQSB128F933844C,Danni Carlos,Falling In Love Again,pop,0.9492431078620265
raw cosine,2,TRSPEPD128F147AD9A,The Puppini Sisters,Falling In Love Again,jazz,TRARHIC128F424B27B,Marilyn Monroe,When I Fall In Love,jazz,0.7272569055470027
raw cosine,3,TRSPEPD128F147AD9A,The Puppini Sisters,Falling In Love Again,jazz,TRJIONO128F1452C88,Bananarama,Lovebite,pop,0.710505587422134
raw cosine,1,TRAQUUU128F147A689,The Puppini Sisters,Heebie Jeebies,jazz,TRPNPXS128F424F339,Martin Sexton,In the Journey,folk,0.6276703600726269
raw cosine,2,TRAQUUU128F147A689,The Puppini Sisters,Heebie Jeebies,jazz,TRAYKJD128F932E569,Linda Ronstadt,Lovesick Blues,country,0.6120088147723041
raw cosine,3,TRAQUUU128F147A689,The Puppini Sisters,Heebie Jeebies,jazz,TRAFLMU128F4274A4D,G-Unit,I Don't Want To Talk About It,hip hop,0.607916504603817
raw cosine,1,TREIANS128F147AD97,The Puppini Sisters,I Will Survive,jazz,TRDPNYI12903D0517A,Alexandra Burke,Overcome,r&b/soul,0.8400588906766766
raw cosine,2,TREIANS128F147AD97,The Puppini Sisters,I Will Survive,jazz,TRKLJAG128F42B31CF,Mario Vazquez,Everytime I...,r&b/soul,0.8329673339203951
raw cosine,3,TREIANS128F147AD97,The Puppini Sisters,I Will Survive,jazz,TRCTLQY128F92F1539,Next,I Still Love You,r&b/soul,0.822059213363587
raw cosine,1,TRPWTNZ128F147AD9F,The Puppini Sisters,In The Mood,jazz,TRQSIZR128EF362D3A,The Pharcyde,Pack The Pipe,hip hop,0.7295200646140947
raw cosine,2,TRPWTNZ128F147AD9F,The Puppini Sisters,In The Mood,jazz,TRTPMBB128F42934F8,Sage Francis,Keep Moving,hip hop,0.7242958708268249
raw cosine,3,TRPWTNZ128F147AD9F,The Puppini Sisters,In The Mood,jazz,TRMBNRH12903D02C23,Johnny Cash,I Was There When It Happened,country,0.7147628554624083
raw cosine,1,TRNDNKN12903CC8A4C,Dean Martin,Kiss,jazz,TRFFMKD128F42303A4,Hieroglyphics,You Never Knew,hip hop,0.6545102826679078
raw cosine,2,TRNDNKN12903CC8A4C,Dean Martin,Kiss,jazz,TRZBVZA128F429C955,The Handful,Memorial Day,hip hop,0.6542646757730994
raw cosine,3,TRNDNKN12903CC8A4C,Dean Martin,Kiss,jazz,TRQPVSP128F92E6DCC,Boyz II Men,4 Seasons Of Loneliness,r&b/soul,0.6486180987691934
raw cosine,1,TRJALGV12903D0447E,Dean Martin,Let Me Go Lover,jazz,TRSUMJS12903CA98EE,Jessica Mauboy,Let Me Be Me,r&b/soul,0.7153791078828564
raw cosine,2,TRJALGV12903D0447E,Dean Martin,Let Me Go Lover,jazz,TRKZRCW128F4233621,Diana Krall,Peel Me A Grape,jazz,0.6791598801046382
raw cosine,3,TRJALGV12903D0447E,Dean Martin,Let Me Go Lover,jazz,TRXKSAZ12903CAFB8E,Jill Scott,He Loves Me (Lyzel In E Flat),r&b/soul,0.6737487430261436
raw cosine,1,TRPQFJA128F145AC60,Dean Martin,On An Evening In Roma (Sott'er Celo De Roma),jazz,TRCYEZX128F9336C8E,Blind Pilot,Paint or Pollen,folk,0.5792850446739107
raw cosine,2,TRPQFJA128F145AC60,Dean Martin,On An Evening In Roma (Sott'er Celo De Roma),jazz,TRTAMAU128F4291473,Amici Forever,Vita Mia,classical,0.5339097178395226
raw cosine,3,TRPQFJA128F145AC60,Dean Martin,On An Evening In Roma (Sott'er Celo De Roma),jazz,TRNFNNE128F14A94F7,Robbie Williams,Never Touch That Switch (Dark Horse Dub Mix),pop,0.5186392549293459
raw cosine,1,TRHBSKB128E07924CB,Enrique Iglesias,No Puedo Mas Sin Ti (I'm Your Man),latin,TRLRQUX128F932ECC5,Gilberto Santa Rosa,Desde Que No Estas,latin,0.8113457523147225
raw cosine,2,TRHBSKB128E07924CB,Enrique Iglesias,No Puedo Mas Sin Ti (I'm Your Man),latin,TRRGVQK128F423B513,Beatriz Luengo,Precisamente Ahora,latin,0.8053881780570903
raw cosine,3,TRHBSKB128E07924CB,Enrique Iglesias,No Puedo Mas Sin Ti (I'm Your Man),latin,TRIBWOP128F92E4E17,La 5A Estacion,Algo Mas,latin,0.7780688835356941
raw cosine,1,TRBSLQC128F9333C5D,Shakira,En Tus Pupilas,latin,TRNKQFR128F93425A3,Ricardo Arjona,Amor de Tele,latin,0.7998713666928152
raw cosine,2,TRBSLQC128F9333C5D,Shakira,En Tus Pupilas,latin,TRHXEXY128F93167E9,Juana Molina,Yo se que,latin,0.798463415818205
raw cosine,3,TRBSLQC128F9333C5D,Shakira,En Tus Pupilas,latin,TRZVPJH128F931D774,Love Of Lesbian,El ectoplasta,pop,0.768230608501723
raw cosine,1,TRGJXTC128F4278ECC,Shakira,Que Me Quedes Tu,latin,TRBGUUF128F9334B97,El Gran Combo De Puerto Rico,No Hay Manera,latin,0.8097341995030434
raw cosine,2,TRGJXTC128F4278ECC,Shakira,Que Me Quedes Tu,latin,TRGALDE128F9306AA7,Huey Dunbar,Amor De Siempre,latin,0.7957888817872214
raw cosine,3,TRGJXTC128F4278ECC,Shakira,Que Me Quedes Tu,latin,TRDXBBP128F1474CFD,Tito El Bambino,Grito Latino,latin,0.7945766632425001
raw cosine,1,TRQEQHH12903CA6CE5,Shakira,Sombra De Ti,latin,TRHUGTY128F92F1FCE,La 5A Estacion,Ahora Que Te Vas,pop,0.8069001678014539
raw cosine,2,TRQEQHH12903CA6CE5,Shakira,Sombra De Ti,latin,TRRGVQK128F423B513,Beatriz Luengo,Precisamente Ahora,latin,0.8048195108405131
raw cosine,3,TRQEQHH12903CA6CE5,Shakira,Sombra De Ti,latin,TRXICIN12903CD26F1,Juniper Moon,Cosas Que Nunca Te Dije,electronic,0.8022013139991617
raw cosine,1,TRXMTST12903CCD9E1,Shakira,Te Dejo Madrid,latin,TRIXDIY128F425CDB4,Sanalejo,Mujer Calavera,latin,0.7852584688314189
raw cosine,2,TRXMTST12903CCD9E1,Shakira,Te Dejo Madrid,latin,TRLDVRO128F42941FD,Natalia Oreiro,Basta De Ti,latin,0.7665407811673396
raw cosine,3,TRXMTST12903CCD9E1,Shakira,Te Dejo Madrid,latin,TROIQZW128F9314A09,Ana Gabriel,Miedo,latin,0.7589095832130647
raw cosine,1,TRAQEOP12903CA65E2,Shakira,Tú,latin,TRPMUDQ128F425218E,Carlos Vives,19 De Noviembre,latin,0.8362489262818654
raw cosine,2,TRAQEOP12903CA65E2,Shakira,Tú,latin,TRCTWGR128F9336F07,Jerry Rivera,Tierra Sin Sol,latin,0.8188561345120972
raw cosine,3,TRAQEOP12903CA65E2,Shakira,Tú,latin,TROBWIG12903CB0FD7,Camila,Entre Tus Alas,latin,0.7903073371354952
raw cosine,1,TRSRORJ128E0791C74,Enrique Iglesias,La Chica De Ayer,latin,TRGEHSC128F9334DD1,Grupo Niche,Miserable,latin,0.7668571851736232
raw cosine,2,TRSRORJ128E0791C74,Enrique Iglesias,La Chica De Ayer,latin,TRQNPKL128F9309215,Illya Kuryaki And The Valderramas,Abarajame,hip hop,0.752991291300014
raw cosine,3,TRSRORJ128E0791C74,Enrique Iglesias,La Chica De Ayer,latin,TRLQZLU128F42942A7,Alejandra Guzman,Tu Eres Mi Luz,latin,0.7472755860636138
raw cosine,1,TRYDDZE128F92F3B79,Enrique Iglesias,Adicto,latin,TRUGDLC128F428EA24,Aventura,Obsesion (English Remix_ Album Version),latin,0.796114779262946
raw cosine,2,TRYDDZE128F92F3B79,Enrique Iglesias,Adicto,latin,TRZQKDS128F92F22F3,Niña Pastori,Cartita de amor,pop,0.7890451967444105
raw cosine,3,TRYDDZE128F92F3B79,Enrique Iglesias,Adicto,latin,TRHZGZO128F9341C4A,Ricardo Arjona,Animal Nocturno,latin,0.7856641174982398
raw cosine,1,TREGBAS128F145EC8B,Enrique Iglesias,Al Despertar,latin,TRFCKGO128F92F0C78,Bebe,La Coqueta,latin,0.8048735205818199
raw cosine,2,TREGBAS128F145EC8B,Enrique Iglesias,Al Despertar,latin,TRENEPN128F148867B,Intocable,Te Extrano,latin,0.7977568423979617
raw cosine,3,TREGBAS128F145EC8B,Enrique Iglesias,Al Despertar,latin,TRFGZXT128F1492BA2,Panteón Rococó,Buscándote,reggae,0.7971076508349461
raw cosine,1,TRXQFEE128F145EC9A,Enrique Iglesias,Alguien Como Tú,latin,TRGALDE128F9306AA7,Huey Dunbar,Amor De Siempre,latin,0.7020804367392917
raw cosine,2,TRXQFEE128F145EC9A,Enrique Iglesias,Alguien Como Tú,latin,TRFGZXT128F1492BA2,Panteón Rococó,Buscándote,reggae,0.6912959317893964
raw cosine,3,TRXQFEE128F145EC9A,Enrique Iglesias,Alguien Como Tú,latin,TRIFSVO128F429F94F,Camilo Sesto,No Sabes Cuanto Te Quiero,latin,0.6706164254888761
raw cosine,1,TRZGBAF128F145ECA8,Enrique Iglesias,Inalcanzable,latin,TRRKRXC128F4242791,Café Quijano,Vete De Mi,latin,0.725253641400674
raw cosine,2,TRZGBAF128F145ECA8,Enrique Iglesias,Inalcanzable,latin,TRNOIDW128F427467E,Chavela Vargas,Tu Me Acostumbraste,latin,0.6892827735923821
raw cosine,3,TRZGBAF128F145ECA8,Enrique Iglesias,Inalcanzable,latin,TRUQGGJ128F427E02B,Enrique Iglesias,Lloro Por Ti,latin,0.681798255414245
raw cosine,1,TRUQGGJ128F427E02B,Enrique Iglesias,Lloro Por Ti,latin,TRRKRXC128F4242791,Café Quijano,Vete De Mi,latin,0.8111340524279981
raw cosine,2,TRUQGGJ128F427E02B,Enrique Iglesias,Lloro Por Ti,latin,TRDYKYQ12903CAD2B8,Reik,Fui,latin,0.7766371888415745
raw cosine,3,TRUQGGJ128F427E02B,Enrique Iglesias,Lloro Por Ti,latin,TRHPSHA128F92EFD94,Il Divo,Por Ti Seré (You Raise Me Up),classical,0.7606448332307226
raw cosine,1,TRDEKRZ128E0791C7A,Enrique Iglesias,Mamacita,latin,TRCUPON128F1494547,Fonseca,Sueño,latin,0.7983060717671225
raw cosine,2,TRDEKRZ128E0791C7A,Enrique Iglesias,Mamacita,latin,TRWBQDG128F4272241,Willie Colon,Guaracha,latin,0.781184766205748
raw cosine,3,TRDEKRZ128E0791C7A,Enrique Iglesias,Mamacita,latin,TRRSIYK128F427CCE3,Cabas,La Quejosa,latin,0.7779809488814922
raw cosine,1,TRFFSMS128F428BC88,Enrique Iglesias,Miss You,latin,TRXDCIY128F93112FB,The Airborne Toxic Event,The Girls In Their Summer Dresses,rock,0.7737294430604407
raw cosine,2,TRFFSMS128F428BC88,Enrique Iglesias,Miss You,latin,TRLUGVB128F428E704,Tracey Ullman,Breakaway,pop,0.7550425327997425
raw cosine,3,TRFFSMS128F428BC88,Enrique Iglesias,Miss You,latin,TRURSTR12903CD0F40,KeKe Wyatt,Never Do It Again,r&b/soul,0.7335975568454328
raw cosine,1,TRUPWID128F4215874,Enrique Iglesias,Para De Jugar,latin,TRCYWMK128F14A2343,Los Calzones,Libre,reggae,0.6722947027867966
raw cosine,2,TRUPWID128F4215874,Enrique Iglesias,Para De Jugar,latin,TRIXDIY128F425CDB4,Sanalejo,Mujer Calavera,latin,0.6106130596152857
raw cosine,3,TRUPWID128F4215874,Enrique Iglesias,Para De Jugar,latin,TRYTRML128F426A3A9,Gipsy Kings,Madre Mia,latin,0.604483787776118
raw cosine,1,TRIIBVP128E0792750,Enrique Iglesias,She Be The One,latin,TRVRZZI128F426846B,Billy Squier,She's A Runner (24-Bit Digitally Remastered 02),rock,0.7437487791483225
raw cosine,2,TRIIBVP128E0792750,Enrique Iglesias,She Be The One,latin,TRMFKTA128F92FE268,The Bluetones,Carnt Be Trusted,pop,0.739590795519174
raw cosine,3,TRIIBVP128E0792750,Enrique Iglesias,She Be The One,latin,TRMTQUU128F1481F2B,Robert Palmer,Too Good To Be True,r&b/soul,0.6894555971893391
raw cosine,1,TRQMXBD128F145ECA2,Enrique Iglesias,Trapecista,latin,TRHACES128F427CCDE,Cabas,Guacamaya,latin,0.8107519604972093
raw cosine,2,TRQMXBD128F145ECA2,Enrique Iglesias,Trapecista,latin,TRRUSZX128F1480C9F,El sueño de Morfeo,Sonrisa especial,latin,0.7655637412106407
raw cosine,3,TRQMXBD128F145ECA2,Enrique Iglesias,Trapecista,latin,TRECXGP128F147CEE8,Kudai,Volar,latin,0.728733969848113
raw cosine,1,TREGRRQ128F145EC8D,Enrique Iglesias,Tu Vacio,latin,TREPEYQ128F9334F30,Aventura,Todavía Me Amas,latin,0.8419892355587912
raw cosine,2,TREGRRQ128F145EC8D,Enrique Iglesias,Tu Vacio,latin,TRFASPF128F4277844,Los Van Van,Quien No Ha Dicho Una Mentira,latin,0.8305141623440622
raw cosine,3,TREGRRQ128F145EC8D,Enrique Iglesias,Tu Vacio,latin,TRIFSVO128F429F94F,Camilo Sesto,No Sabes Cuanto Te Quiero,latin,0.8251332986321729
raw cosine,1,TRLILBA128F42158A3,Enrique Iglesias,Volveré,latin,TRJTUMY128F92DC8D1,Joe Veras,Intentalo tu,latin,0.7132860159735198
raw cosine,2,TRLILBA128F42158A3,Enrique Iglesias,Volveré,latin,TREDWEP128F4233168,Raulin Rodriguez,ya No,latin,0.7047160219839157
raw cosine,3,TRLILBA128F42158A3,Enrique Iglesias,Volveré,latin,TRXBUFX128F42941F1,Natalia Oreiro,Gitano Corazon,latin,0.7033752313996001
raw cosine,1,TRBFJPO128F4295BE3,Shakira,Estoy Aquí,latin,TRUSYXT128F423787F,Móveis Coloniais de Acaju,Receio do remorso,reggae,0.7535410105085976
raw cosine,2,TRBFJPO128F4295BE3,Shakira,Estoy Aquí,latin,TRJNFUT128F933AF9F,Ana Carolina,Rosas,pop,0.7496491157650809
raw cosine,3,TRBFJPO128F4295BE3,Shakira,Estoy Aquí,latin,TRRHTRT128F931E984,Raimundos,Nêga Jurema,metal,0.7217252418300996
raw cosine,1,TRCLERB12903CBBC8D,Santana,Life Is Anew,latin,TRPRGEY128F42466DB,Tony Bennett,Because Of You,jazz,0.6979276657996403
raw cosine,2,TRCLERB12903CBBC8D,Santana,Life Is Anew,latin,TRVWMKK128F422AD41,Assemblage 23,MAPS OF REALITY,pop,0.6509717320768102
raw cosine,3,TRCLERB12903CBBC8D,Santana,Life Is Anew,latin,TRFBASZ128F42317D3,Dawn of Relic,The Awakening,metal,0.5958706870221957
raw cosine,1,TRNXCMJ128F4295BC6,Shakira,Donde Estas Corazon,latin,TRMGTKW128F42359E9,Rosana,Nadie mas que yo (directo Las Ventas),latin,0.7623361782989397
raw cosine,2,TRNXCMJ128F4295BC6,Shakira,Donde Estas Corazon,latin,TRQIRWO128F428787E,Todos Tus Muertos,No Mas Apartheid,reggae,0.7437103690368632
raw cosine,3,TRNXCMJ128F4295BC6,Shakira,Donde Estas Corazon,latin,TRMFPWC128F42A3887,Mecano,Cenando En Paris,latin,0.7430553759796567
raw cosine,1,TRNXJGR128F93044E7,Shakira,Octavo Día,latin,TRIOIZQ128F42BBC6C,Malu,Agua De Mayo,latin,0.7738504648542559
raw cosine,2,TRNXJGR128F93044E7,Shakira,Octavo Día,latin,TRGTGWE128F42ACB3A,Malu,Y Sigo Preguntandome,latin,0.75420571824152
raw cosine,3,TRNXJGR128F93044E7,Shakira,Octavo Día,latin,TRYFBLW128F428A81A,Joan Manuel Serrat,Mediterraneo,folk,0.7541124213306418
raw cosine,1,TRJHDIB128F92E5849,Shakira,Te Necesito,latin,TREPEYQ128F9334F30,Aventura,Todavía Me Amas,latin,0.8502642554113827
raw cosine,2,TRJHDIB128F92E5849,Shakira,Te Necesito,latin,TRUGDLC128F428EA24,Aventura,Obsesion (English Remix_ Album Version),latin,0.8351481735151566
raw cosine,3,TRJHDIB128F92E5849,Shakira,Te Necesito,latin,TRWHWCD128E0788AF3,Luz Casal,No Te Vayas,blues,0.8320262743702862
raw cosine,1,TRYQVKS128F4259A11,Santana,Evil Ways,latin,TRVVIWJ128F42697BA,Fat Joe,Preacher On A Sunday Morning,hip hop,0.688377986229675
raw cosine,2,TRYQVKS128F4259A11,Santana,Evil Ways,latin,TRBZXAC12903CBB0CE,Atmosphere,Happymess,hip hop,0.6853527735800584
raw cosine,3,TRYQVKS128F4259A11,Santana,Evil Ways,latin,TREWWOJ128F42742B2,Westside Connection,Superstar (Double Murder = Double Platinum),r&b/soul,0.6848710777238295
raw cosine,1,TRSOTQI128E0789132,Pink Martini,Anna (el negro zumbon),latin,TRNIELN128F4275E78,Inti Illimani,El Arado,latin,0.5687488472595515
raw cosine,2,TRSOTQI128E0789132,Pink Martini,Anna (el negro zumbon),latin,TRVVZFC128F42359E5,Rosana,A fuego lento (directo Las Ventas),latin,0.558964734607865
raw cosine,3,TRSOTQI128E0789132,Pink Martini,Anna (el negro zumbon),latin,TRXKQGQ12903CB5CDA,Gloria Estefan,Nuevo Dia (New Day),latin,0.5144103695797536
raw cosine,1,TRZHOUV128F9316269,Chavela Vargas,Piensa en mi,latin,TRSRORJ128E0791C74,Enrique Iglesias,La Chica De Ayer,latin,0.6470591680907622
raw cosine,2,TRZHOUV128F9316269,Chavela Vargas,Piensa en mi,latin,TRKRGBE128EF34AB72,Maelo Ruiz,Asi Eres Tu,latin,0.5960973863107749
raw cosine,3,TRZHOUV128F9316269,Chavela Vargas,Piensa en mi,latin,TRAQEOP12903CA65E2,Shakira,Tú,latin,0.5956847588351356
raw cosine,1,TRPXMGA128F42A98BA,Santana,Esperando,latin,TRWAHZI12903D075D1,Patty Griffin,Waiting For My Child,country,0.48348364324196236
raw cosine,2,TRPXMGA128F42A98BA,Santana,Esperando,latin,TRIMKIC128F4271EA8,Nina Simone,My Baby Just Cares For Me,jazz,0.4783821398184999
raw cosine,3,TRPXMGA128F42A98BA,Santana,Esperando,latin,TRFAWIW128F9318B9B,Doyle Bramhall,Cryin',blues,0.46160054217113705
raw cosine,1,TRBYMWR128F425DD8E,Beyoncé,Beautiful Liar (Bello Embustero),latin,TRWCDDJ128F9343D91,Frank Reyes,Vine A Decirte Adios,latin,0.6859793305271504
raw cosine,2,TRBYMWR128F425DD8E,Beyoncé,Beautiful Liar (Bello Embustero),latin,TRRCXJT128F425BB27,Rey Ruiz,No Existe Un Lugar,latin,0.6770187355102132
raw cosine,3,TRBYMWR128F425DD8E,Beyoncé,Beautiful Liar (Bello Embustero),latin,TRFKPYW128F92F21C5,Shakira,Años Luz,pop,0.6510024687072693
raw cosine,1,TRPAZDJ128F42881A1,Juanes,Rosario Tijeras,latin,TRRQFHI128F42AC06B,Joan Manuel Serrat,La Aristocracia del Barrio,latin,0.8298251097347298
raw cosine,2,TRPAZDJ128F42881A1,Juanes,Rosario Tijeras,latin,TRRHCOS128F4248193,Tito El Bambino,Sol_ Playa Y Arena,reggae,0.7937309125358529
raw cosine,3,TRPAZDJ128F42881A1,Juanes,Rosario Tijeras,latin,TRVPQIU128F427CF25,Mercedes Sosa,El Cosechero,latin,0.7626811957876786
raw cosine,1,TRHZGZO128F9341C4A,Ricardo Arjona,Animal Nocturno,latin,TRFASPF128F4277844,Los Van Van,Quien No Ha Dicho Una Mentira,latin,0.8865650602336969
raw cosine,2,TRHZGZO128F9341C4A,Ricardo Arjona,Animal Nocturno,latin,TRPHPAU128F933CF88,El Barrio,Don Manuel Sr. Molina,latin,0.8654340962571605
raw cosine,3,TRHZGZO128F9341C4A,Ricardo Arjona,Animal Nocturno,latin,TRZKNKR128F146B508,Juan Carlos Baglietto,Cuando,latin,0.86156836677929
raw cosine,1,TRDFNLR12903CB0FE4,Camila,Alejate De Mi,latin,TRUGDLC128F428EA24,Aventura,Obsesion (English Remix_ Album Version),latin,0.7898638191270088
raw cosine,2,TRDFNLR12903CB0FE4,Camila,Alejate De Mi,latin,TRFCKGO128F92F0C78,Bebe,La Coqueta,latin,0.7863864435880652
raw cosine,3,TRDFNLR12903CB0FE4,Camila,Alejate De Mi,latin,TRTUZCM128F92F0530,Edurne,Aqui Se Termino (Never Forever),pop,0.7735494241238626
raw cosine,1,TROBWIG12903CB0FD7,Camila,Entre Tus Alas,latin,TRPMUDQ128F425218E,Carlos Vives,19 De Noviembre,latin,0.8195208037719853
raw cosine,2,TROBWIG12903CB0FD7,Camila,Entre Tus Alas,latin,TROIVHS128F931D5F0,Fanny Lu,Es Por Ti,latin,0.8025887616656597
raw cosine,3,TROBWIG12903CB0FD7,Camila,Entre Tus Alas,latin,TRLTIHK128F42521C0,Carlos Vives,Amor Latino,latin,0.7918395959918446
raw cosine,1,TRDWUTF12903CA9249,Camila,Me Basto,latin,TRWHWCD128E0788AF3,Luz Casal,No Te Vayas,blues,0.7033607175156156
raw cosine,2,TRDWUTF12903CA9249,Camila,Me Basto,latin,TRENEPN128F148867B,Intocable,Te Extrano,latin,0.6967956337518377
raw cosine,3,TRDWUTF12903CA9249,Camila,Me Basto,latin,TREGBAS128F145EC8B,Enrique Iglesias,Al Despertar,latin,0.693488685426632
raw cosine,1,TRCRNBS128F9347F55,Camila,Va Para Ti,latin,TRTFDDQ128F932252E,Moenia,Manto Estelar,electronic,0.8202663217275167
raw cosine,2,TRCRNBS128F9347F55,Camila,Va Para Ti,latin,TRQPNOU128F429488E,Mecano,La Estación,latin,0.78266981996399
raw cosine,3,TRCRNBS128F9347F55,Camila,Va Para Ti,latin,TRUSJCP128F9302495,Rey Ruiz,No Me Acostumbro,latin,0.6868530733604221
raw cosine,1,TRDYKYQ12903CAD2B8,Reik,Fui,latin,TRUQGGJ128F427E02B,Enrique Iglesias,Lloro Por Ti,latin,0.7766371888415745
raw cosine,2,TRDYKYQ12903CAD2B8,Reik,Fui,latin,TROGMKJ128F92F0924,Gilberto Santa Rosa,No Pense Enamorarme Otra Vez,latin,0.7448531250656283
raw cosine,3,TRDYKYQ12903CAD2B8,Reik,Fui,latin,TRBMGCF128F42785D0,Canteca de macao,La rabia,latin,0.7356504997947901
raw cosine,1,TRAYQRI12903CAD2A1,Reik,Ilusionado,latin,TRFCKGO128F92F0C78,Bebe,La Coqueta,latin,0.6949663275352392
raw cosine,2,TRAYQRI12903CAD2A1,Reik,Ilusionado,latin,TRMTPJG128F428F66B,Daddy Yankee,Todos Quieren A Raymond,reggae,0.682693490330219
raw cosine,3,TRAYQRI12903CAD2A1,Reik,Ilusionado,latin,TRCUPON128F1494547,Fonseca,Sueño,latin,0.6674967319502595
raw cosine,1,TRGFMTT12903CAD2A2,Reik,Piel De Ciudad,latin,TRKHWEU128F14A1E03,Lynda,Voy A Seguir,latin,0.6320537686475144
raw cosine,2,TRGFMTT12903CAD2A2,Reik,Piel De Ciudad,latin,TRNTYGF128F9302BD8,Juanes,Tu Y Yo,latin,0.608231897975064
raw cosine,3,TRGFMTT12903CAD2A2,Reik,Piel De Ciudad,latin,TRDFNLR12903CB0FE4,Camila,Alejate De Mi,latin,0.6027363984654994
raw cosine,1,TRJXNZL128F92E54EE,Reik,Quedate,latin,TRCGFAS128F9315CEE,Gilberto Santa Rosa,Ni Te Llamo Ni Te Busco,latin,0.8315872982003084
raw cosine,2,TRJXNZL128F92E54EE,Reik,Quedate,latin,TREPEYQ128F9334F30,Aventura,Todavía Me Amas,latin,0.8260536790580612
raw cosine,3,TRJXNZL128F92E54EE,Reik,Quedate,latin,TRTUZCM128F92F0530,Edurne,Aqui Se Termino (Never Forever),pop,0.8160223564817328
raw cosine,1,TRDOVAF128F93112F7,Animal Collective,Brother Sport,latin,TRKBZBS128F148328F,Fergie,Get Your Hands Up,hip hop,0.5941177712013598
raw cosine,2,TRDOVAF128F93112F7,Animal Collective,Brother Sport,latin,TRLYAKZ128F42A3750,Ignite,In Moderation,metal,0.5773178593548627
raw cosine,3,TRDOVAF128F93112F7,Animal Collective,Brother Sport,latin,TRWWVGC12903CB5C50,Depeche Mode,Freestate,electronic,0.5692627890631652
raw cosine,1,TRVPMSA128F9331D03,Metallica,The Prince,metal,TRSWKNA128F9309B44,Diana Krall,I've Grown Accustomed To His Face,jazz,0.5705951008000594
raw cosine,2,TRVPMSA128F9331D03,Metallica,The Prince,metal,TRTKXNY12903CB661C,Gil Scott-Heron,Me And The Devil,blues,0.5592928659148159
raw cosine,3,TRVPMSA128F9331D03,Metallica,The Prince,metal,TRQILML128F4262175,The Pietasters,Crime,reggae,0.5432249025218393
raw cosine,1,TRPCZPE12903CAF5BD,Avenged Sevenfold,Second Heartbeat,metal,TRWUTHA128F423EE32,Rufio,Just a Memory,punk,0.6689599218780159
raw cosine,2,TRPCZPE12903CAF5BD,Avenged Sevenfold,Second Heartbeat,metal,TRROYWN128F92E41F7,Leon Jackson,A Song For You,jazz,0.6590634224753672
raw cosine,3,TRPCZPE12903CAF5BD,Avenged Sevenfold,Second Heartbeat,metal,TRCKMDM128F148BEA7,Musiq,Whereareyougoing,r&b/soul,0.658762686126843
raw cosine,1,TRNUDHG12903CAF56B,Avenged Sevenfold,To End The Rapture,metal,TRGFZZN128F14530CA,Theatres Des Vampires,Throne Of Dark Immortals,metal,0.583115436899835
raw cosine,2,TRNUDHG12903CAF56B,Avenged Sevenfold,To End The Rapture,metal,TRFCNPY128F934AF94,Anacrusis,What You Became,metal,0.5634006699500398
raw cosine,3,TRNUDHG12903CAF56B,Avenged Sevenfold,To End The Rapture,metal,TRQENBA128F426093C,Bad Religion,Chimaera (Album Version),punk,0.5513067596400915
raw cosine,1,TRJAABI12903CF759F,blessthefall,Witness,metal,TRECPVN128F4220E22,Chiasm,Incision,electronic,0.7617512019044316
raw cosine,2,TRJAABI12903CF759F,blessthefall,Witness,metal,TRGLJRY128F14841E2,Brand New Heavies_ The,"You Are The Universe (Roger's Universal 7"" Edit)",jazz,0.7607870252913538
raw cosine,3,TRJAABI12903CF759F,blessthefall,Witness,metal,TRQYUKJ12903C9A1CE,Kevin Devine,It's Only Your Life,folk,0.7596541767604351
raw cosine,1,TRREMAP128F42983BD,HIM,Heartache Every Moment,metal,TRETXJR128F422B4E0,Final Fantasy,The Miner Becomes Forgetful,folk,0.5733116454565457
raw cosine,2,TRREMAP128F42983BD,HIM,Heartache Every Moment,metal,TROMMRU128F4250C74,Classified,All About U,hip hop,0.56094269289156
raw cosine,3,TRREMAP128F42983BD,HIM,Heartache Every Moment,metal,TRUQTEZ128F9314E5D,Reckless Kelly,Broken Heart,country,0.5607269076324319
raw cosine,1,TRFRDZW128F429C337,HIM,Sigillum Diaboli,metal,TRMEKRF12903CC80A6,Bouncing Souls_ The,Pervert,electronic,0.7674733890742158
raw cosine,2,TRFRDZW128F429C337,HIM,Sigillum Diaboli,metal,TRGEZSO128F426268D,Joe Henry,Sold,pop,0.7560001819507821
raw cosine,3,TRFRDZW128F429C337,HIM,Sigillum Diaboli,metal,TRQMGEQ128F145F0AF,Gang Starr,Gotta Get Over (Taking Loot) (Explicit),hip hop,0.7437197471761641
raw cosine,1,TRHVUCJ128F934B68C,As I Lay Dying,Refined By Your Embrace,metal,TRKVZXR128F429035D,Jay-Jay Johanson,I fantasize of you,electronic,0.7769301279624139
raw cosine,2,TRHVUCJ128F934B68C,As I Lay Dying,Refined By Your Embrace,metal,TRTVTYS128E0792887,Eminem,Rabbit Run,hip hop,0.7614979452464139
raw cosine,3,TRHVUCJ128F934B68C,As I Lay Dying,Refined By Your Embrace,metal,TRPYPOE128F4248543,KATAKLYSM,Beyond Salvation,metal,0.7545010379247884
raw cosine,1,TRIBZVH128F934B68D,As I Lay Dying,The Innocence Spilled,metal,TRTQSPW128F147714F,Dashboard Confessional,The End Of An Anchor,punk,0.6429775687565498
raw cosine,2,TRIBZVH128F934B68D,As I Lay Dying,The Innocence Spilled,metal,TRABYAR128F931B1A4,Robben Ford,Something For The Pain,blues,0.6307495590298327
raw cosine,3,TRIBZVH128F934B68D,As I Lay Dying,The Innocence Spilled,metal,TRZLNPM128F42B3BF5,Onyx,Feel Me,hip hop,0.607793765392342
raw cosine,1,TRZOLOQ128F428FA00,August Burns Red,An American Dream,metal,TRHVGTM128F148D772,Silje Nergaard,This Is Not America,jazz,0.534408956120613
raw cosine,2,TRZOLOQ128F428FA00,August Burns Red,An American Dream,metal,TRWCLUA12903CFEFCD,Poisonblack,Bear The Cross,metal,0.5189855735517976
raw cosine,3,TRZOLOQ128F428FA00,August Burns Red,An American Dream,metal,TRCGSQQ128F42A352E,Against All Authority,Threat,reggae,0.518232718424729
raw cosine,1,TRFQWAQ128F14B084D,Underoath,The Changing Of Times,metal,TRCKMDM128F148BEA7,Musiq,Whereareyougoing,r&b/soul,0.7449862482077669
raw cosine,2,TRFQWAQ128F14B084D,Underoath,The Changing Of Times,metal,TRYDNTB128F9331278,Ginuwine,Only When ur Lonely,r&b/soul,0.733394067028018
raw cosine,3,TRFQWAQ128F14B084D,Underoath,The Changing Of Times,metal,TRLQBZP12903CECC4A,Hello Saferide,Get Sick Soon,folk,0.7267941008784884
raw cosine,1,TRLKWJA128F92E154E,Haste The Day,Autumn,metal,TRNGQKV12903CD0AB4,Texta,Sprachbarrieren,hip hop,0.5613776561989384
raw cosine,2,TRLKWJA128F92E154E,Haste The Day,Autumn,metal,TRSMEAQ128F931801D,Jupiter Jones,Auf das Leben,folk,0.5348470254830876
raw cosine,3,TRLKWJA128F92E154E,Haste The Day,Autumn,metal,TRJSFMG128F4294A6B,Samy Deluxe,Viel Mehr,hip hop,0.5249714919813976
raw cosine,1,TRNQSWR128EF34375F,Haste The Day,Chorus Of Angels,metal,TRDGKXL128E07831AA,Ed Harcourt,Fireflies Take Flight,folk,0.45975612795704196
raw cosine,2,TRNQSWR128EF34375F,Haste The Day,Chorus Of Angels,metal,TRXKZQN128F149CB73,Vienna Teng,Now Three,folk,0.43066850856805156
raw cosine,3,TRNQSWR128EF34375F,Haste The Day,Chorus Of Angels,metal,TRYQAJC128F145A2CF,Röyksopp,Remind Me (Live),electronic,0.42653761230192777
raw cosine,1,TRGQLSE128F93257D8,Demon Hunter,Follow The Wolves,metal,TRFLTPL128F429D92D,Sandy Denny,Full Moon,folk,0.5332640701283287
raw cosine,2,TRGQLSE128F93257D8,Demon Hunter,Follow The Wolves,metal,TRVHRFD12903CB432F,Goatwhore,Vengeance of Demonic Fury,metal,0.5315028598171133
raw cosine,3,TRGQLSE128F93257D8,Demon Hunter,Follow The Wolves,metal,TRIILYW12903CDF75C,Akercocke,Son Of The Morning,metal,0.4948458974865205
raw cosine,1,TRCAWAA128F93257D1,Demon Hunter,I Am You,metal,TRYJFOZ12903CDCBD8,Kingston Falls,The Weak Shall Prevail,metal,0.5841452226386992
raw cosine,2,TRCAWAA128F93257D1,Demon Hunter,I Am You,metal,TRDIJKP12903CDCAF4,For Today,Redemption,metal,0.5688475571419305
raw cosine,3,TRCAWAA128F93257D1,Demon Hunter,I Am You,metal,TRCBAMW128EF3435A0,Seventh Day Slumber,Burning Bridges,rock,0.56312139828566
raw cosine,1,TRWPRIF128EF34B8F8,Demon Hunter,The Science Of Lies,metal,TRVWTVK128F429AAAB,Immortal Technique,The 4th Branch,hip hop,0.6846821034003884
raw cosine,2,TRWPRIF128EF34B8F8,Demon Hunter,The Science Of Lies,metal,TRFIFYV128F93556D2,Sebadoh,Showtape '91,electronic,0.6247838357190857
raw cosine,3,TRWPRIF128EF34B8F8,Demon Hunter,The Science Of Lies,metal,TRMGICM128F92E2AB8,Andrew Lloyd Webber,Masquerade,classical,0.614847186264281
raw cosine,1,TRKLLYD128F4273FF4,Ozzy Osbourne,Slow Down,metal,TRPBTSJ128F42A3168,Harry Belafonte,Angelina,latin,0.7114579744009516
raw cosine,2,TRKLLYD128F4273FF4,Ozzy Osbourne,Slow Down,metal,TRMGLTT128F4275DDF,The Plasmatics,You're A Zombie,punk,0.7113010446343779
raw cosine,3,TRKLLYD128F4273FF4,Ozzy Osbourne,Slow Down,metal,TRQYUKJ12903C9A1CE,Kevin Devine,It's Only Your Life,folk,0.7098931701274067
raw cosine,1,TRQJQNX128F4266704,Ozzy Osbourne,Steal Away (The Night),metal,TRDAJVD128F9303C8D,Manic Street Preachers,Further Away,rock,0.6459665063087461
raw cosine,2,TRQJQNX128F4266704,Ozzy Osbourne,Steal Away (The Night),metal,TRBIVSX128F145C183,Incognito,Chase The Clouds Away,jazz,0.6294273849928796
raw cosine,3,TRQJQNX128F4266704,Ozzy Osbourne,Steal Away (The Night),metal,TRNXDRD128F92DCE10,Burt Bacharach,The Look Of Love,jazz,0.6234445403238089
raw cosine,1,TRYIKZR128E0783C64,Megadeth,Black Curtains (2004 Digital Remaster),metal,TRLNVUY128F1468C64,Ima Robot,Black Jettas,rock,0.6012765820603042
raw cosine,2,TRYIKZR128E0783C64,Megadeth,Black Curtains (2004 Digital Remaster),metal,TRYWIXE128F9353971,Martin Sexton,Black Sheep,folk,0.5965315473346697
raw cosine,3,TRYIKZR128E0783C64,Megadeth,Black Curtains (2004 Digital Remaster),metal,TRQNGIX12903CF36EB,Joan Baez,Black Is The Color,folk,0.5853071854852668
raw cosine,1,TRIOZOZ128F92FA0C2,Megadeth,Die Dead Enough,metal,TRGLGNR128F1487A6F,Manafest,Runaway,hip hop,0.761836093336518
raw cosine,2,TRIOZOZ128F92FA0C2,Megadeth,Die Dead Enough,metal,TRRQENX128E078E5E2,Deep Dish,Awake Enough,electronic,0.7505999415922849
raw cosine,3,TRIOZOZ128F92FA0C2,Megadeth,Die Dead Enough,metal,TRFWLDO128F93613DF,Joe Bonamassa,Ball Peen Hammer,blues,0.7439489791176387
raw cosine,1,TRUHHWN128F93045BA,Drowning Pool,Bodies,metal,TRRINDX128F426FFC7,Lisa Lisa & Cult Jam,Let The Beat Hit 'Em,r&b/soul,0.40398375318503255
raw cosine,2,TRUHHWN128F93045BA,Drowning Pool,Bodies,metal,TRJALGV12903D0447E,Dean Martin,Let Me Go Lover,jazz,0.3918310297917783
raw cosine,3,TRUHHWN128F93045BA,Drowning Pool,Bodies,metal,TRSUMJS12903CA98EE,Jessica Mauboy,Let Me Be Me,r&b/soul,0.344624943503443
raw cosine,1,TRJHNLI128F934B2CA,Cannibal Corpse,Rotting Head,metal,TRWYKJO128F9321804,Moonsorrow,Tuleen Ajettu Maa,metal,0.6720242612554111
raw cosine,2,TRJHNLI128F934B2CA,Cannibal Corpse,Rotting Head,metal,TRVHRFD12903CB432F,Goatwhore,Vengeance of Demonic Fury,metal,0.6617835182605531
raw cosine,3,TRJHNLI128F934B2CA,Cannibal Corpse,Rotting Head,metal,TRCOXLL128F427B2C0,Kurt Elling,Resolution,jazz,0.632672464973576
raw cosine,1,TRQGFHN128F428643E,Slipknot,Gehenna,metal,TRIWDKR128F429D9EE,Common,I Want You,hip hop,0.7027788680568936
raw cosine,2,TRQGFHN128F428643E,Slipknot,Gehenna,metal,TRYYRLU12903D082FF,Jonny Lang,Breakin Me,blues,0.6772164810780862
raw cosine,3,TRQGFHN128F428643E,Slipknot,Gehenna,metal,TRGXDVA128F9350A48,Psapp,I Want That,electronic,0.6615524853091157
raw cosine,1,TRHCDHI128F92C4B9B,Slipknot,[sic] [Explicit],metal,TRNHSZN128F930FF03,Clawfinger,Revenge,metal,0.8055664449826841
raw cosine,2,TRHCDHI128F92C4B9B,Slipknot,[sic] [Explicit],metal,TRBIMOX128F425EC2B,Shayne Ward,Tangled Up,r&b/soul,0.7971794189891338
raw cosine,3,TRHCDHI128F92C4B9B,Slipknot,[sic] [Explicit],metal,TROUCXE128F426B6E7,Weeping Willows,Your Eyes,pop,0.7964214263895867
raw cosine,1,TRVHKNP128F429DDCE,Nine Inch Nails,Gunshots by Computer,metal,TRQWDLC128F93278E5,Lauryn Hill,Ex-Factor,r&b/soul,0.5377272114850229
raw cosine,2,TRVHKNP128F429DDCE,Nine Inch Nails,Gunshots by Computer,metal,TRQDUMO128F92E3896,Binary Star,Honest Expression,hip hop,0.5242725953050008
raw cosine,3,TRVHKNP128F429DDCE,Nine Inch Nails,Gunshots by Computer,metal,TRYGDDQ128F42653A4,Above The Law,Untouchable,hip hop,0.5239390877455391
raw cosine,1,TREFLCZ128F4236589,Killswitch Engage,Hope Is... (Album Version),metal,TRZYFBE12903C9B44E,Supreme Majesty,Heroes Of Our Land,metal,0.6340553127318005
raw cosine,2,TREFLCZ128F4236589,Killswitch Engage,Hope Is... (Album Version),metal,TRAVDBM128EF35E257,Ella Fitzgerald,Manhattan,jazz,0.575011056267938
raw cosine,3,TREFLCZ128F4236589,Killswitch Engage,Hope Is... (Album Version),metal,TRFXOCI128F42972B5,Alexisonfire,We Are the End,metal,0.5454685055683166
raw cosine,1,TRQFRJG128F4260199,Opeth,The Moor,metal,TRFLQUL128F93196AF,Saul Williams,Elohim (1972),hip hop,0.773323513414559
raw cosine,2,TRQFRJG128F4260199,Opeth,The Moor,metal,TRYKZBN128F427BC7B,Autopsy,Skullptures,metal,0.7385221318397993
raw cosine,3,TRQFRJG128F4260199,Opeth,The Moor,metal,TRNVKOI128E0799173,Snoop Dogg,Snoopafella (Edited),hip hop,0.7375630740202269
raw cosine,1,TRMFSTL128F427B6C1,Atreyu,This Flesh A Tomb (Instrumental Version),metal,TREUANG12903CF5E8E,Crotchduster,Let Me Into Starfish Land,metal,0.7664126056021127
raw cosine,2,TRMFSTL128F427B6C1,Atreyu,This Flesh A Tomb (Instrumental Version),metal,TRPOHPA128F148B0EF,Matt Nathanson,Bent,folk,0.7658798907769248
raw cosine,3,TRMFSTL128F427B6C1,Atreyu,This Flesh A Tomb (Instrumental Version),metal,TRGLGNR128F1487A6F,Manafest,Runaway,hip hop,0.7653720646791049
raw cosine,1,TRALERK12903CDCAFD,For Today,A Higher Standard,metal,TRNDRMY128E0792507,MxPx,It's Undeniable,punk,0.6986506430099624
raw cosine,2,TRALERK12903CDCAFD,For Today,A Higher Standard,metal,TRVFYVC128F426D705,Basia,Prime Time TV,jazz,0.6878967658034362
raw cosine,3,TRALERK12903CDCAFD,For Today,A Higher Standard,metal,TRYXRXL128F427F13A,Robbie Williams,It's De-Lovely,jazz,0.6639397904075182
raw cosine,1,TRDIJKP12903CDCAF4,For Today,Redemption,metal,TRIWYZR128F92D289A,I Am Ghost,So_ I Guess This Is Goodbye,metal,0.6321840409012528
raw cosine,2,TRDIJKP12903CDCAF4,For Today,Redemption,metal,TRBZXAC12903CBB0CE,Atmosphere,Happymess,hip hop,0.6292424298161395
raw cosine,3,TRDIJKP12903CDCAF4,For Today,Redemption,metal,TROAPHC12903CF8CCB,Despised Icon,Furtive Monologue,metal,0.6228251496053563
raw cosine,1,TRZQYIJ128F92E7F49,Lamb Of God,We Die Alone (Bonus Track),metal,TRHYEBV12903CE8274,Lifetime,Daneurysm,metal,0.5869391856534222
raw cosine,2,TRZQYIJ128F92E7F49,Lamb Of God,We Die Alone (Bonus Track),metal,TRUAOIK128F92EFCE7,Kaizers Orchestra,Die Polizei,rock,0.5552489765968329
raw cosine,3,TRZQYIJ128F92E7F49,Lamb Of God,We Die Alone (Bonus Track),metal,TRFCTOF128F14B047B,Tommy James & The Shondells,I Think We're Alone Now (Single/LP Version),pop,0.5523507547078581
raw cosine,1,TRMYVVL128F92E865E,STRATOVARIUS,Elements,metal,TRDWWFQ12903CDB482,Spiral Architect,Fountainhead,metal,0.5809928937741268
raw cosine,2,TRMYVVL128F92E865E,STRATOVARIUS,Elements,metal,TRRMQYQ128F42765E7,Ziggy Marley And The Melody Makers,13 Months Of Sunshine,reggae,0.5721870309909729
raw cosine,3,TRMYVVL128F92E865E,STRATOVARIUS,Elements,metal,TRLXCIQ128F429142D,BAL-SAGOTH,The chronicle of shadows,metal,0.5582489746603887
raw cosine,1,TRIKFKO128F426A6FC,STRATOVARIUS,Know The Difference,metal,TRFUZAA128F428227C,Sara Groves,What Do I Know,pop,0.5777648532054018
raw cosine,2,TRIKFKO128F426A6FC,STRATOVARIUS,Know The Difference,metal,TRUQRFW128F145877E,Julia Fordham,Genius,electronic,0.5595505781204345
raw cosine,3,TRIKFKO128F426A6FC,STRATOVARIUS,Know The Difference,metal,TRSAGOE128F4260C77,John Legend,I Can Change,r&b/soul,0.557300624962853
raw cosine,1,TRJAFPP128F426AB25,System of a Down,Peephole,metal,TRDEPRW128F1456EB0,Concrete Blonde,It's Only Money,rock,0.6292793229203554
raw cosine,2,TRJAFPP128F426AB25,System of a Down,Peephole,metal,TRWDXEZ128F424A74E,Jeff Healey,It's Only Money,blues,0.6292793229203554
raw cosine,3,TRJAFPP128F426AB25,System of a Down,Peephole,metal,TRMWREY128F427FCAD,Ian Van Dahl,Castles In The Sky,electronic,0.6144659106620916
raw cosine,1,TRYMCCD128F421CD27,Children Of Bodom,Hellhounds on My Trail,metal,TRSTSNL128E0781C06,The Sundays,My Finest Hour,pop,0.7325219522759784
raw cosine,2,TRYMCCD128F421CD27,Children Of Bodom,Hellhounds on My Trail,metal,TRWLKBS12903CC57D7,Good Old War,Tell Me (Acoustic),folk,0.7279971810899087
raw cosine,3,TRYMCCD128F421CD27,Children Of Bodom,Hellhounds on My Trail,metal,TRYXJHS128F429E02B,Permanent Me,Heartattack,punk,0.7233155202192146
raw cosine,1,TRVIFKS128F426813A,Children Of Bodom,No Commands,metal,TRHTXYK128F4293EEC,Kosheen,Pride,electronic,0.730685325394385
raw cosine,2,TRVIFKS128F426813A,Children Of Bodom,No Commands,metal,TRXDCIY128F93112FB,The Airborne Toxic Event,The Girls In Their Summer Dresses,rock,0.7059013632518532
raw cosine,3,TRVIFKS128F426813A,Children Of Bodom,No Commands,metal,TRZZKOL128F93112EF,Animal Collective,No More Runnin,electronic,0.685946789689363
raw cosine,1,TRLHJMW128F1493BA1,Tori Amos,Mother (2006 Remastered Alternate Mix),metal,TRDPGXU128F9339C2A,Beastie Boys,B-Boy Bouillabaisse: A.W.O.L. (2009 Digital Remaster),hip hop,0.7006273830040078
raw cosine,2,TRLHJMW128F1493BA1,Tori Amos,Mother (2006 Remastered Alternate Mix),metal,TRKAIVZ128E07944DB,Parliament,Mr. Wiggles,r&b/soul,0.6860587240275627
raw cosine,3,TRLHJMW128F1493BA1,Tori Amos,Mother (2006 Remastered Alternate Mix),metal,TRRYRGF128F42934E3,Sage Francis,Clickety Clack,hip hop,0.6789315977170077
raw cosine,1,TRZGXNM128F1451ADF,Iron Maiden,Lord Of The Flies (Live In Dortmund),metal,TRPIXDK128F92FAD24,The Starting Line,Photography,punk,0.649652866201779
raw cosine,2,TRZGXNM128F1451ADF,Iron Maiden,Lord Of The Flies (Live In Dortmund),metal,TRNPTEG128F4226F32,Pigeon John,Growin' Old,hip hop,0.6422040191894371
raw cosine,3,TRZGXNM128F1451ADF,Iron Maiden,Lord Of The Flies (Live In Dortmund),metal,TRKKSER128F4241C16,Pretty Maids,Perfect Stranger,metal,0.6240552973474305
raw cosine,1,TROGUOT128F147F39A,Iron Maiden,Phantom Of The Opera (Live) (1998 Digital Remaster),metal,TRZBPGN128F92EDF7E,HELLYEAH,Nausea,metal,0.8467369926646121
raw cosine,2,TROGUOT128F147F39A,Iron Maiden,Phantom Of The Opera (Live) (1998 Digital Remaster),metal,TRPBTSJ128F42A3168,Harry Belafonte,Angelina,latin,0.8429679722119156
raw cosine,3,TROGUOT128F147F39A,Iron Maiden,Phantom Of The Opera (Live) (1998 Digital Remaster),metal,TRDENDW128F42747AE,Delta Goodrem,Predictable,pop,0.840067919980346
raw cosine,1,TRJYSJS128EF356B75,Ill Niño,Re-Birth,metal,TREOUWD128F14903BB,Sean Lennon,Into The Sun,jazz,0.8377308272040479
raw cosine,2,TRJYSJS128EF356B75,Ill Niño,Re-Birth,metal,TRVWFVQ128F9316F97,Avant,Out of Character,blues,0.7489598668381433
raw cosine,3,TRJYSJS128EF356B75,Ill Niño,Re-Birth,metal,TRRBFPC12903CDF853,The Berzerker,All About You,metal,0.748672022688164
raw cosine,1,TRSUANW128F930BD52,Kamelot,This Pain,metal,TRETTPG128F9343EE4,Organized Konfusion,Releasing Hypnotical Gases,hip hop,0.5980200053758546
raw cosine,2,TRSUANW128F930BD52,Kamelot,This Pain,metal,TRGQBAX128F426EFCA,Bob Dylan,Ballad In Plain D,folk,0.5941583075925528
raw cosine,3,TRSUANW128F930BD52,Kamelot,This Pain,metal,TRVCMKE128F42454CC,Less Than Jake,Abandon Ship,reggae,0.586963426420464
raw cosine,1,TRRIRCF128F426A606,Michael Jackson,You Are Not Alone,pop,TRYLMXY128C71967B6,New Found Glory,Dressed To Kill,punk,0.7874136640838154
raw cosine,2,TRRIRCF128F426A606,Michael Jackson,You Are Not Alone,pop,TRPDVBK128F92FFEA1,Royksopp,You Don't Have A Clue,electronic,0.7824166637149198
raw cosine,3,TRRIRCF128F426A606,Michael Jackson,You Are Not Alone,pop,TRJMIIA128F42A34AE,G4,To Where You Are,classical,0.7746958016316867
raw cosine,1,TREUPHA128F4278F34,Michael Jackson,Baby Be Mine,pop,TRZNHJN128F4293FC2,Kelly Clarkson,Anytime,pop,0.7709399009187753
raw cosine,2,TREUPHA128F4278F34,Michael Jackson,Baby Be Mine,pop,TRANDPI128F425AF41,Alice Smith,Dream,r&b/soul,0.7679262438085412
raw cosine,3,TREUPHA128F4278F34,Michael Jackson,Baby Be Mine,pop,TRVVIWJ128F42697BA,Fat Joe,Preacher On A Sunday Morning,hip hop,0.7391723196073088
raw cosine,1,TRQAWKR128F425EEC3,Michael Jackson,Man In The Mirror,pop,TRJEAVP128F42B83F0,Petey Pablo,Show Me The Money,hip hop,0.5897635004021178
raw cosine,2,TRQAWKR128F425EEC3,Michael Jackson,Man In The Mirror,pop,TRMJBIJ128F93391B9,Bow Wow,Sunshine,hip hop,0.5880589018332385
raw cosine,3,TRQAWKR128F425EEC3,Michael Jackson,Man In The Mirror,pop,TROWDOO128F9361D3E,Souls Of Mischief,One,hip hop,0.5623304492220924
raw cosine,1,TRCYAYD128F92F3758,Michael Jackson,Why You Wanna Trip On Me,pop,TRJKOIH12903CE7D34,Thomas Dybdahl,U,pop,0.6283285693322629
raw cosine,2,TRCYAYD128F92F3758,Michael Jackson,Why You Wanna Trip On Me,pop,TRPOYGS128F426BF0C,Bessie Smith,Thinking Blues,blues,0.6096649878630613
raw cosine,3,TRCYAYD128F92F3758,Michael Jackson,Why You Wanna Trip On Me,pop,TRMBQDJ128F425F283,George Ducas,Shame On Me,country,0.604518605708452
raw cosine,1,TRGJXNX128F92F8757,Ke$ha,TiK ToK,pop,TRKGULH128F428C170,Mobb Deep,Trife Life,hip hop,0.6893796234755959
raw cosine,2,TRGJXNX128F92F8757,Ke$ha,TiK ToK,pop,TRQGOOD128F429CD06,Spice Girls,Ain't No Stopping Us Now,r&b/soul,0.6782559135932518
raw cosine,3,TRGJXNX128F92F8757,Ke$ha,TiK ToK,pop,TRWFXWM128F148D2D1,Warren G,We Brings Heat,hip hop,0.6453767728066259
raw cosine,1,TRNQDAJ128F92F4AE0,Maroon 5,Nothing Lasts Forever,pop,TRRXHUS128F4289B89,Useless I.D.,It's Alright,punk,0.7116653289954948
raw cosine,2,TRNQDAJ128F92F4AE0,Maroon 5,Nothing Lasts Forever,pop,TROHAHB128F4284DCA,Lou Reed,So Alone,rock,0.6444344381904505
raw cosine,3,TRNQDAJ128F92F4AE0,Maroon 5,Nothing Lasts Forever,pop,TRBEBJO128C719646B,Nelly,Splurge,hip hop,0.6425857531241738
raw cosine,1,TRHKYKI128E07921BC,Enrique Iglesias,Roamer,pop,TROSKLK128F145806A,Us3,It's Like That,jazz,0.7666848213591823
raw cosine,2,TRHKYKI128E07921BC,Enrique Iglesias,Roamer,pop,TRCHZXW128E079288A,Eminem,8 Mile,hip hop,0.7642215266355509
raw cosine,3,TRHKYKI128E07921BC,Enrique Iglesias,Roamer,pop,TRNDOZZ128F92F336C,Dead Prez,Fucked Up,hip hop,0.7497658843732983
raw cosine,1,TRTJYFF128F9340CA9,Jason Mraz,Live High (Album Version),pop,TRIRFPC128E0792392,Blackstreet,Black & White,hip hop,0.5247903083791047
raw cosine,2,TRTJYFF128F9340CA9,Jason Mraz,Live High (Album Version),pop,TRPHJTC128F92D2883,Jolie Holland,Mexico City,folk,0.5052363035421391
raw cosine,3,TRTJYFF128F9340CA9,Jason Mraz,Live High (Album Version),pop,TRFVYRV128F42BBAA0,Jamiroquai,Virtual Insanity,r&b/soul,0.4831657252356816
raw cosine,1,TRMBGMX128F92FD769,Mariah Carey,Did I Do That?,pop,TROSAQJ128F92D308C,Charlie Wilson,What You Do To Me,r&b/soul,0.8054571054467728
raw cosine,2,TRMBGMX128F92FD769,Mariah Carey,Did I Do That?,pop,TRBJXPW128F428D3CD,A Tribe Called Quest,The Hop,hip hop,0.770880030994126
raw cosine,3,TRMBGMX128F92FD769,Mariah Carey,Did I Do That?,pop,TRQYUKJ12903C9A1CE,Kevin Devine,It's Only Your Life,folk,0.769442004214009
raw cosine,1,TRWMZQL128F9306DCB,Mariah Carey,I'll Be There,pop,TRPDWLW128F424DF76,RyanDan,I'll Be There,classical,0.9577936708564238
raw cosine,2,TRWMZQL128F9306DCB,Mariah Carey,I'll Be There,pop,TRKRUNZ128E0784AC1,Ben Harper And The Blind Boys Of Alabama,There Will Be A Light,blues,0.793572943575263
raw cosine,3,TRWMZQL128F9306DCB,Mariah Carey,I'll Be There,pop,TRWKDZE128F1451EAC,The Dells,It's All Up To You,r&b/soul,0.7879539273141432
raw cosine,1,TRRIZDV128F92C1F17,Natasha Bedingfield,I Think They're Thinking - Interlude,pop,TRQGVKY12903CDE8FD,The Bastard Fairies,Guns And Dolls,rock,0.5804846047689669
raw cosine,2,TRRIZDV128F92C1F17,Natasha Bedingfield,I Think They're Thinking - Interlude,pop,TRXMQNH128F4287D61,Whitney Houston,Thinking About You,pop,0.5771466951321084
raw cosine,3,TRRIZDV128F92C1F17,Natasha Bedingfield,I Think They're Thinking - Interlude,pop,TRHEDYV128F14856FC,Cherish,Oooh,r&b/soul,0.575380998347272
raw cosine,1,TREXAZN128F425A825,Natasha Bedingfield,Silent Movie,pop,TRXYPVB12903CD976E,Ricky Nelson,Mighty Good,rock,0.7196103777143457
raw cosine,2,TREXAZN128F425A825,Natasha Bedingfield,Silent Movie,pop,TRDENDW128F42747AE,Delta Goodrem,Predictable,pop,0.7081814897881549
raw cosine,3,TREXAZN128F425A825,Natasha Bedingfield,Silent Movie,pop,TRPDVBK128F92FFEA1,Royksopp,You Don't Have A Clue,electronic,0.7073473561605901
raw cosine,1,TRFYGMB128F425A7A2,Natasha Bedingfield,Stumble,pop,TREIEOO128F42B0099,Chris Brown,Ain't No Way (You Won't Love Me),r&b/soul,0.8328130724606821
raw cosine,2,TRFYGMB128F425A7A2,Natasha Bedingfield,Stumble,pop,TRNHSZN128F930FF03,Clawfinger,Revenge,metal,0.829075976700141
raw cosine,3,TRFYGMB128F425A7A2,Natasha Bedingfield,Stumble,pop,TRZCHKB128F92CB740,Anastacia,Club Megamix,rock,0.825193747963769
raw cosine,1,TRSRDVR128F92E6CF4,Enrique Iglesias,Heroe,pop,TRNHATG128F428BC8A,Enrique Iglesias,Little Girl,pop,0.9955455951265381
raw cosine,2,TRSRDVR128F92E6CF4,Enrique Iglesias,Heroe,pop,TRLQBZP12903CECC4A,Hello Saferide,Get Sick Soon,folk,0.7907233705356336
raw cosine,3,TRSRDVR128F92E6CF4,Enrique Iglesias,Heroe,pop,TRAQOZG128F4263EE2,Level 42,To Be With You Again,pop,0.7681179384037037
raw cosine,1,TRNHATG128F428BC8A,Enrique Iglesias,Little Girl,pop,TRSRDVR128F92E6CF4,Enrique Iglesias,Heroe,pop,0.9955455951265381
raw cosine,2,TRNHATG128F428BC8A,Enrique Iglesias,Little Girl,pop,TRLQBZP12903CECC4A,Hello Saferide,Get Sick Soon,folk,0.7863453831346229
raw cosine,3,TRNHATG128F428BC8A,Enrique Iglesias,Little Girl,pop,TRAQOZG128F4263EE2,Level 42,To Be With You Again,pop,0.7716834565632026
raw cosine,1,TREMCSO128F4215877,Enrique Iglesias,Ruleta Rusa,pop,TRDEIBZ128F14A2336,Karamelo Santo,Sacrificio,rock,0.7600404918828338
raw cosine,2,TREMCSO128F4215877,Enrique Iglesias,Ruleta Rusa,pop,TROOIOM128F423D00D,Luis Miguel,La Media Vuelta,latin,0.7593498242919043
raw cosine,3,TREMCSO128F4215877,Enrique Iglesias,Ruleta Rusa,pop,TRQEFSL12903CAAC57,Johnny Prez,Entra,reggae,0.7500954419169308
raw cosine,1,TRMMVPU128F145EC99,Enrique Iglesias,Contigo,pop,TRYQYFV128F4243793,Buena Vista Social Club,Candela,latin,0.731668371221979
raw cosine,2,TRMMVPU128F145EC99,Enrique Iglesias,Contigo,pop,TRASCZE128F4234D85,Ricardo Montaner,En el último lugar del mundo,latin,0.724427634398472
raw cosine,3,TRMMVPU128F145EC99,Enrique Iglesias,Contigo,pop,TRTSIYO128F9339267,Atahualpa Yupanqui,Milonga Del Solitario,folk,0.7207350918709684
raw cosine,1,TRFKPYW128F92F21C5,Shakira,Años Luz,pop,TRUGDLC128F428EA24,Aventura,Obsesion (English Remix_ Album Version),latin,0.8486064974777672
raw cosine,2,TRFKPYW128F92F21C5,Shakira,Años Luz,pop,TRKFYYC128F9342443,Ana Gabriel,Clemencia,latin,0.8379461754934256
raw cosine,3,TRFKPYW128F92F21C5,Shakira,Años Luz,pop,TRIBWOP128F92E4E17,La 5A Estacion,Algo Mas,latin,0.8350606568769703
raw cosine,1,TRCUKHR128F92DF656,Sara Bareilles,Love Song,pop,TREIEOO128F42B0099,Chris Brown,Ain't No Way (You Won't Love Me),r&b/soul,0.8174797111797105
raw cosine,2,TRCUKHR128F92DF656,Sara Bareilles,Love Song,pop,TRNHSZN128F930FF03,Clawfinger,Revenge,metal,0.7961043133471438
raw cosine,3,TRCUKHR128F92DF656,Sara Bareilles,Love Song,pop,TRMQQGH128F9301E4B,Mutya Buena,Not Your Baby,pop,0.7920351793826961
raw cosine,1,TRDLWAP128F428F6B9,Christina Aguilera,Candyman,pop,TROFSLV128F92E389A,Binary Star,Wolfman Jack,hip hop,0.6556354648529685
raw cosine,2,TRDLWAP128F428F6B9,Christina Aguilera,Candyman,pop,TRTLLMP128F9307700,Bellamy Brothers,Old Hippie,country,0.6376046190404733
raw cosine,3,TRDLWAP128F428F6B9,Christina Aguilera,Candyman,pop,TRMQMTC128F428A516,Bad Religion,Automatic Man (Album Version),punk,0.6288748355708191
raw cosine,1,TRPEWXU12903CE6EA2,Selena Gomez & The Scene,Tell Me Something I Don't Know,pop,TROKPEY128F4293061,Faithless,Salva Mea,electronic,0.7640494606995895
raw cosine,2,TRPEWXU12903CE6EA2,Selena Gomez & The Scene,Tell Me Something I Don't Know,pop,TRDIYGM128F425B1F1,Willie Nelson,All Of Me,country,0.7486372291303719
raw cosine,3,TRPEWXU12903CE6EA2,Selena Gomez & The Scene,Tell Me Something I Don't Know,pop,TRCDUMA128F427D458,Nancy Sinatra,Flowers On The Wall,pop,0.7159010857040885
raw cosine,1,TRAYJOF128F92F9EEA,Kelly Clarkson,Cry,pop,TRKLJAG128F42B31CF,Mario Vazquez,Everytime I...,r&b/soul,0.8202984502943056
raw cosine,2,TRAYJOF128F92F9EEA,Kelly Clarkson,Cry,pop,TROLRDM128F146C6E0,Corinne Bailey Rae,I'd Like To,r&b/soul,0.8047271924485088
raw cosine,3,TRAYJOF128F92F9EEA,Kelly Clarkson,Cry,pop,TRMEKRF12903CC80A6,Bouncing Souls_ The,Pervert,electronic,0.7981103760430076
raw cosine,1,TRARKBB128F92E9468,Céline Dion,Zora sourit,pop,TRLVVUZ128F425EE94,Miss Kittin,3ème Sexe,electronic,0.38996967967815976
raw cosine,2,TRARKBB128F92E9468,Céline Dion,Zora sourit,pop,TRAQRRD128F425F8E7,Jacques Dutronc,Laquelle Des Deux Est La Plus Snob,pop,0.3890252053892492
raw cosine,3,TRARKBB128F92E9468,Céline Dion,Zora sourit,pop,TRFXREK12903CE855F,Raine Maida,Earthless,folk,0.37426056242920896
raw cosine,1,TRFBXJZ128F92D25C0,Newsboys,Dance,pop,TRUZMND128F14B0EFF,Pete Rock & C.L. Smooth,Act Like You Know (LP Version),hip hop,0.5471104547616711
raw cosine,2,TRFBXJZ128F92D25C0,Newsboys,Dance,pop,TRNRFJU128F1468B8E,Bahamadia,WordPlay,hip hop,0.5160011665636731
raw cosine,3,TRFBXJZ128F92D25C0,Newsboys,Dance,pop,TRJZTLY128F426B469,Dilated Peoples,Ruggedness,hip hop,0.5105247911486431
raw cosine,1,TRICXDK128F92CBC3C,Céline Dion,Partout Je Vois,pop,TRQXHBL128F42A56FE,Ledisi,Best Friend,r&b/soul,0.6106199209803829
raw cosine,2,TRICXDK128F92CBC3C,Céline Dion,Partout Je Vois,pop,TRJXBDJ128F4292591,Angie Stone,Snowflakes,r&b/soul,0.6064074052526383
raw cosine,3,TRICXDK128F92CBC3C,Céline Dion,Partout Je Vois,pop,TRMRIMS128F4261D3A,Dixie Chicks,Mississippi,country,0.6005705159146837
raw cosine,1,TRZNHJN128F4293FC2,Kelly Clarkson,Anytime,pop,TRKRPKE128E07946D4,Thalia,Alguien Real (Baby_ I'm In Love),latin,0.776801579017345
raw cosine,2,TRZNHJN128F4293FC2,Kelly Clarkson,Anytime,pop,TRZCHKB128F92CB740,Anastacia,Club Megamix,rock,0.7747048050262816
raw cosine,3,TRZNHJN128F4293FC2,Kelly Clarkson,Anytime,pop,TRANDPI128F425AF41,Alice Smith,Dream,r&b/soul,0.7745176011074857
raw cosine,1,TRPKKZG128F92E495A,Edward Sharpe & The Magnetic Zeros,Simplest Love,pop,TRPFQRE128E078B07C,Manhattan Transfer,Love For Sale (LP Version),jazz,0.6011078428933582
raw cosine,2,TRPKKZG128F92E495A,Edward Sharpe & The Magnetic Zeros,Simplest Love,pop,TRJVGZN128F4294F2A,Ryan Adams,My Love For You Is Real,country,0.5704295605069961
raw cosine,3,TRPKKZG128F92E495A,Edward Sharpe & The Magnetic Zeros,Simplest Love,pop,TRBUSGY128E07833AE,Caetano Veloso,Love For Sale,latin,0.5402551638186823
raw cosine,1,TRVPPSC128F92EC9C2,Colbie Caillat,Midnight Bottle,pop,TRURXJP128F42A2496,Dina Carroll,Don't Be A Stranger,pop,0.6260203823237321
raw cosine,2,TRVPPSC128F92EC9C2,Colbie Caillat,Midnight Bottle,pop,TRZLNPM128F42B3BF5,Onyx,Feel Me,hip hop,0.5933196980061832
raw cosine,3,TRVPPSC128F92EC9C2,Colbie Caillat,Midnight Bottle,pop,TRSIRKX128F4291CAF,In Flames,Only For The Weak,metal,0.5855376817908355
raw cosine,1,TRCJADX128F428D3E0,Britney Spears,Let Me Be,pop,TRJCYOI128F9320EF6,Alison Krauss / Union Station,Baby Now That I've Found You,country,0.7815844439734705
raw cosine,2,TRCJADX128F428D3E0,Britney Spears,Let Me Be,pop,TRZCHKB128F92CB740,Anastacia,Club Megamix,rock,0.7761534299422532
raw cosine,3,TRCJADX128F428D3E0,Britney Spears,Let Me Be,pop,TRTXZGM128F428B62B,Toni Braxton,Love Affair,r&b/soul,0.7719389916322995
raw cosine,1,TRKJKJV128F425E247,Annie Lennox,Big Sky,pop,TRVVIWJ128F42697BA,Fat Joe,Preacher On A Sunday Morning,hip hop,0.6414659499487988
raw cosine,2,TRKJKJV128F425E247,Annie Lennox,Big Sky,pop,TRIYBPL128F9324F11,the bird and the bee,Witch,pop,0.62155020755253
raw cosine,3,TRKJKJV128F425E247,Annie Lennox,Big Sky,pop,TRJXBDJ128F4292591,Angie Stone,Snowflakes,r&b/soul,0.6061603034467242
raw cosine,1,TRXMQNH128F4287D61,Whitney Houston,Thinking About You,pop,TRSTJFQ128F428DA21,Less Than Jake,I Think I Love You,reggae,0.7889969690422559
raw cosine,2,TRXMQNH128F4287D61,Whitney Houston,Thinking About You,pop,TRHEDYV128F14856FC,Cherish,Oooh,r&b/soul,0.7740031409220594
raw cosine,3,TRXMQNH128F4287D61,Whitney Houston,Thinking About You,pop,TRWFFHM128F92F99C4,Chrisette Michele,All I Ever Think About,r&b/soul,0.7634068533009658
raw cosine,1,TRXXPYK128F14805B7,Phil Collins,A Groovy Kind Of Love (Live),pop,TRENDJC128F42790D9,Amel Larrieux,Sweet Misery,r&b/soul,0.7522530540869348
raw cosine,2,TRXXPYK128F14805B7,Phil Collins,A Groovy Kind Of Love (Live),pop,TRLQBZP12903CECC4A,Hello Saferide,Get Sick Soon,folk,0.7452540939763487
raw cosine,3,TRXXPYK128F14805B7,Phil Collins,A Groovy Kind Of Love (Live),pop,TRZCHKB128F92CB740,Anastacia,Club Megamix,rock,0.7407846807501905
raw cosine,1,TRGQFUZ128F92ED646,Beyoncé,That's Why You're Beautiful,pop,TRFNDWH12903CB602A,Selena,Tu Eres,latin,0.610654637076813
raw cosine,2,TRGQFUZ128F92ED646,Beyoncé,That's Why You're Beautiful,pop,TRIDJMD128E078B984,Michael Bublé,That's All (Album Version),classical,0.5648205602196629
raw cosine,3,TRGQFUZ128F92ED646,Beyoncé,That's Why You're Beautiful,pop,TRHEKNR128F425F325,CSS,Beautiful Song,electronic,0.5538723560390673
raw cosine,1,TRPAJJF128F428D18A,Whitney Houston,Step By Step,pop,TRANAPL128F42BA7D6,Young Jeezy,By The Way,hip hop,0.6428824630883891
raw cosine,2,TRPAJJF128F428D18A,Whitney Houston,Step By Step,pop,TRWKGQS128E0792F09,Patty Griffin,Every Little Bit,country,0.5313794072904473
raw cosine,3,TRPAJJF128F428D18A,Whitney Houston,Step By Step,pop,TRWNHNC128F92D469E,Tom Waits,Flash Pan Hunter/Intro,classical,0.5247130742536599
raw cosine,1,TRLPDIB128F42289CC,Britney Spears,Piece Of Me (Main Version),pop,TRMSQPH128F92E7D20,The Falcon,The Angry Cry Of The Angry Pie,punk,0.742411191472892
raw cosine,2,TRLPDIB128F42289CC,Britney Spears,Piece Of Me (Main Version),pop,TRJQCQT128F428E44D,Voxtrot,Kid Gloves,pop,0.6538073748739257
raw cosine,3,TRLPDIB128F42289CC,Britney Spears,Piece Of Me (Main Version),pop,TRJFGEX128F426A253,TO/DIE/FOR,Dying Embers,metal,0.6423728089374924
raw cosine,1,TRJTTMZ128F930924B,Britney Spears,Can't Make You Love Me,pop,TRZCHKB128F92CB740,Anastacia,Club Megamix,rock,0.8388693588307584
raw cosine,2,TRJTTMZ128F930924B,Britney Spears,Can't Make You Love Me,pop,TRAVRDM128F42956AF,Bay City Rollers,Where Will I Be Now,pop,0.8130500883644655
raw cosine,3,TRJTTMZ128F930924B,Britney Spears,Can't Make You Love Me,pop,TRYYRLU12903D082FF,Jonny Lang,Breakin Me,blues,0.8047746727559942
raw cosine,1,TRKGGHK128F42999EF,Britney Spears,Girl In The Mirror,pop,TRGXGMH128F92F5B48,John Denver,El Paso,rock,0.7289598635638569
raw cosine,2,TRKGGHK128F42999EF,Britney Spears,Girl In The Mirror,pop,TRNVKOI128E0799173,Snoop Dogg,Snoopafella (Edited),hip hop,0.7003520632880552
raw cosine,3,TRKGGHK128F42999EF,Britney Spears,Girl In The Mirror,pop,TRCUNXN128F1486E23,Corinne Bailey Rae,Emeraldine,jazz,0.6963056758277201
raw cosine,1,TRLTYLK128F92FE6FF,Britney Spears,Radar,pop,TRKCOFR128F42418DC,Twista,Get It How You Live  (Explicit Chopped & Screwed Version),hip hop,0.7744642893343668
raw cosine,2,TRLTYLK128F92FE6FF,Britney Spears,Radar,pop,TRWCYWE128F425564A,Brother Firetribe,Lover Tonite,rock,0.7542495904793188
raw cosine,3,TRLTYLK128F92FE6FF,Britney Spears,Radar,pop,TRVVIWJ128F42697BA,Fat Joe,Preacher On A Sunday Morning,hip hop,0.7390553798575576
raw cosine,1,TRNEGIP128F4296261,Britney Spears,When Your Eyes Say It,pop,TRGHYGG12903CAC100,R. Kelly,Kickin' It With Your Girlfriend,r&b/soul,0.749883342787364
raw cosine,2,TRNEGIP128F4296261,Britney Spears,When Your Eyes Say It,pop,TRRGWST128F930E4AE,Sara Gazarek,Yours (Live),jazz,0.7225252008099253
raw cosine,3,TRNEGIP128F4296261,Britney Spears,When Your Eyes Say It,pop,TRJIONO128F1452C88,Bananarama,Lovebite,pop,0.7142749021053271
raw cosine,1,TRUWOUE128F14867BF,Depeche Mode,Precious (Live In Milan),pop,TRBIJXE128F93030F5,Maxwell,NoOne,r&b/soul,0.5702667037524347
raw cosine,2,TRUWOUE128F14867BF,Depeche Mode,Precious (Live In Milan),pop,TRFFMKD128F42303A4,Hieroglyphics,You Never Knew,hip hop,0.5255076659009053
raw cosine,3,TRUWOUE128F14867BF,Depeche Mode,Precious (Live In Milan),pop,TRMRIMS128F4261D3A,Dixie Chicks,Mississippi,country,0.5217648492943788
raw cosine,1,TRFJKWU12903CC37B1,Crystal Castles,Insectica,punk,TRPXWYY12903CEA77A,Hanne Hukkelberg,Displaced,jazz,0.7145395062704731
raw cosine,2,TRFJKWU12903CC37B1,Crystal Castles,Insectica,punk,TRYYRLU12903D082FF,Jonny Lang,Breakin Me,blues,0.6739130434782609
raw cosine,3,TRFJKWU12903CC37B1,Crystal Castles,Insectica,punk,TRWYBIP128F1456ADE,Chanté Moore,When It Comes To Me,r&b/soul,0.673855179021523
raw cosine,1,TRVEUUV128F428AB29,Motion City Soundtrack,Cambridge (Album Version),punk,TRIVTJA128F92C1E80,The Fray,Over My Head (Cable Car),rock,0.5945963053240351
raw cosine,2,TRVEUUV128F428AB29,Motion City Soundtrack,Cambridge (Album Version),punk,TRBTXNE12903CB6528,Gorillaz,Rhinestone Eyes,electronic,0.5410841543810523
raw cosine,3,TRVEUUV128F428AB29,Motion City Soundtrack,Cambridge (Album Version),punk,TRKSDRG128F4285384,Dead Can Dance,I Am Stretched On Your Grave (Live Remastered),electronic,0.5305787019362456
raw cosine,1,TRMZJSE12903D00E60,Motion City Soundtrack,Disappear,punk,TRNHSZN128F930FF03,Clawfinger,Revenge,metal,0.7885603017668223
raw cosine,2,TRMZJSE12903D00E60,Motion City Soundtrack,Disappear,punk,TRACBWX128F92FD725,Zombie Girl,I Want It,electronic,0.7866966210344944
raw cosine,3,TRMZJSE12903D00E60,Motion City Soundtrack,Disappear,punk,TRCTLQY128F92F1539,Next,I Still Love You,r&b/soul,0.7816818948578419
raw cosine,1,TRIGZIY128F42348C1,Motion City Soundtrack,Fell in Love Without You (Cd),punk,TRDXVMS128F4263EE0,Level 42,Lessons In Love,pop,0.6634932958895056
raw cosine,2,TRIGZIY128F42348C1,Motion City Soundtrack,Fell in Love Without You (Cd),punk,TRGJJTY12903CF8E82,Strung Out,Dead Spaces,metal,0.6399773388089581
raw cosine,3,TRIGZIY128F42348C1,Motion City Soundtrack,Fell in Love Without You (Cd),punk,TRIFNZI128F931CC21,Frank Sinatra,In The Blue Of The Evening,jazz,0.6359558643793364
raw cosine,1,TRZGUYI128F42368DF,Motion City Soundtrack,Point Of Extinction (Cd),punk,TRTVTYS128E0792887,Eminem,Rabbit Run,hip hop,0.7238252218777514
raw cosine,2,TRZGUYI128F42368DF,Motion City Soundtrack,Point Of Extinction (Cd),punk,TROXHLM128F4266510,Blues Traveler,Hook,blues,0.7234576966416139
raw cosine,3,TRZGUYI128F42368DF,Motion City Soundtrack,Point Of Extinction (Cd),punk,TRHXCSQ128F14766FF,Elvis Costello,Puck Two,classical,0.707599610617793
raw cosine,1,TRJQRJO12903D00E65,Motion City Soundtrack,Stand Too Close,punk,TRTZDKK128F1476562,Elin Sigvardsson,If I,reggae,0.72150479919644
raw cosine,2,TRJQRJO12903D00E65,Motion City Soundtrack,Stand Too Close,punk,TRIXAYK128F427F151,Heavenly,Tool,pop,0.6610325849404158
raw cosine,3,TRJQRJO12903D00E65,Motion City Soundtrack,Stand Too Close,punk,TRBWQRG128F4269064,David Allan Coe,Just To Prove My Love For You,country,0.6605067018466592
raw cosine,1,TRQMNKZ12903D00E5B,Motion City Soundtrack,Worker Bee,punk,TREBQOW128F92C4549,Common,Book Of Life,hip hop,0.591750157130537
raw cosine,2,TRQMNKZ12903D00E5B,Motion City Soundtrack,Worker Bee,punk,TRAZHNL12903CC1B6C,Mac Lethal,Rotten Apple Pie,hip hop,0.5854537258521889
raw cosine,3,TRQMNKZ12903D00E5B,Motion City Soundtrack,Worker Bee,punk,TRQSIZR128EF362D3A,The Pharcyde,Pack The Pipe,hip hop,0.5837569013174864
raw cosine,1,TRMZSJY128F4255BE9,Interpol,Mind Over Time,punk,TRZJNDV128E078E185,The Associates,Logan Time,punk,0.5324817082241688
raw cosine,2,TRMZSJY128F4255BE9,Interpol,Mind Over Time,punk,TRUIISX12903CEBDC4,Demolition Hammer,Mindrot,metal,0.5261629690193306
raw cosine,3,TRMZSJY128F4255BE9,Interpol,Mind Over Time,punk,TRQGRYE128F429D17F,The Box Tops,Happy Times,pop,0.5112786019323207
raw cosine,1,TRVQHEV128F4259AB2,The Clash,I Fought The Law,punk,TRGLGNR128F1487A6F,Manafest,Runaway,hip hop,0.8509200911589332
raw cosine,2,TRVQHEV128F4259AB2,The Clash,I Fought The Law,punk,TRZPHVT128F4298109,The Cat Empire,The Car Song,reggae,0.8132895579234755
raw cosine,3,TRVQHEV128F4259AB2,The Clash,I Fought The Law,punk,TRFTCVG128F4231AB1,Ramones,Needles And Pins (Remastered Album Version ),punk,0.8080586112382928
raw cosine,1,TRVMLEW128F425A82D,The Clash,The Magnificent Seven,punk,TRQYUKJ12903C9A1CE,Kevin Devine,It's Only Your Life,folk,0.7595553601981182
raw cosine,2,TRVMLEW128F425A82D,The Clash,The Magnificent Seven,punk,TRBJXPW128F428D3CD,A Tribe Called Quest,The Hop,hip hop,0.7551371391488695
raw cosine,3,TRVMLEW128F425A82D,The Clash,The Magnificent Seven,punk,TRQDCPN128F1453C8B,Joss Stone,Killing Time,r&b/soul,0.7530481842462741
raw cosine,1,TRWVZBZ128F1462E08,Yellowcard,Believe,punk,TRRYCLJ128F42A56FF,Ledisi,Alright,r&b/soul,0.6159661448303315
raw cosine,2,TRWVZBZ128F1462E08,Yellowcard,Believe,punk,TRDQYBC128F4277093,Lauryn Hill,Everything Is Everything,r&b/soul,0.5483085128288824
raw cosine,3,TRWVZBZ128F1462E08,Yellowcard,Believe,punk,TRLXZCU128F4298B33,The Enemy,It's Not OK [Live From London],rock,0.5266699434660874
raw cosine,1,TRQYGUV128F1462E01,Yellowcard,Empty Apartment,punk,TROMMRU128F4250C74,Classified,All About U,hip hop,0.802501845009226
raw cosine,2,TRQYGUV128F1462E01,Yellowcard,Empty Apartment,punk,TRQYUKJ12903C9A1CE,Kevin Devine,It's Only Your Life,folk,0.7643475916700233
raw cosine,3,TRQYGUV128F1462E01,Yellowcard,Empty Apartment,punk,TRTNLQZ128F425C3D2,The Zutons,What's Your Problem,rock,0.7622586802967409
raw cosine,1,TRBKLDM128F427D0DA,Rise Against,But Tonight We Dance,punk,TRPFDHQ128F42B97F9,Vashti Bunyan,Hidden,folk,0.6741762677871569
raw cosine,2,TRBKLDM128F427D0DA,Rise Against,But Tonight We Dance,punk,TRBZXAC12903CBB0CE,Atmosphere,Happymess,hip hop,0.6625272403282761
raw cosine,3,TRBKLDM128F427D0DA,Rise Against,But Tonight We Dance,punk,TRHXCSQ128F14766FF,Elvis Costello,Puck Two,classical,0.6591083402857786
raw cosine,1,TRKSDBX128F9345DC9,Rise Against,Faint Resemblance,punk,TRFUNRS128F9346BF4,Tony Sly,On the Outside,folk,0.6827870937948103
raw cosine,2,TRKSDBX128F9345DC9,Rise Against,Faint Resemblance,punk,TRPVRGM128F932D5C3,Dar Williams,Are You Out There,folk,0.6713566002289092
raw cosine,3,TRKSDBX128F9345DC9,Rise Against,Faint Resemblance,punk,TRMFBBG12903CE4564,Alannah Myles,I Love You,jazz,0.6655135748747238
raw cosine,1,TRMGOLR128F933A7DB,Rise Against,Survive,punk,TROCPYO128F92F9ADC,Modern Life Is War,Destination: Death or Better Days,metal,0.6988727693714599
raw cosine,2,TRMGOLR128F933A7DB,Rise Against,Survive,punk,TRFGWTJ128E0783A47,The Misfits,Static Age,punk,0.694586823866838
raw cosine,3,TRMGOLR128F933A7DB,Rise Against,Survive,punk,TRJOQXR128F92EB51A,Thompson Twins,We Are Detective,pop,0.6896343266765022
raw cosine,1,TRFNVPY128F92D2626,Rise Against,The Dirt Whispered,punk,TREBQOW128F92C4549,Common,Book Of Life,hip hop,0.7417775692200579
raw cosine,2,TRFNVPY128F92D2626,Rise Against,The Dirt Whispered,punk,TRDSUZH128F425BAC3,RODNEY CROWELL,Preachin' To The Choir,country,0.7411651089584385
raw cosine,3,TRFNVPY128F92D2626,Rise Against,The Dirt Whispered,punk,TRXRINO128F4264CCB,Wade Hayes,I'm Still Dancin' With You,country,0.7311551614511401
raw cosine,1,TRPSYVF128F428A446,The Offspring,Get It Right (Album Version),punk,TREBRPS128E07938F2,Veruca Salt,Stoneface,rock,0.690200242094388
raw cosine,2,TRPSYVF128F428A446,The Offspring,Get It Right (Album Version),punk,TRQBHPO128F9307C8E,New Found Glory,I'll Never Love Again,punk,0.6840906921800699
raw cosine,3,TRPSYVF128F428A446,The Offspring,Get It Right (Album Version),punk,TRDSLPM128F1495679,Gang Starr,Code Of The Streets (Explicit),hip hop,0.6817800417174624
raw cosine,1,TROGTUS128F932D6CB,The Offspring,Want You Bad,punk,TRISFKH128F9336E63,Beastie Boys,So What'Cha Want (Butt Naked Version) (Explicit) (2009 Digital Remaster),hip hop,0.7991199678096599
raw cosine,2,TROGTUS128F932D6CB,The Offspring,Want You Bad,punk,TRNHSZN128F930FF03,Clawfinger,Revenge,metal,0.7979245614795774
raw cosine,3,TROGTUS128F932D6CB,The Offspring,Want You Bad,punk,TRWNUXN128F93095BF,Angela Bofill,I Try,r&b/soul,0.7954905739980809
raw cosine,1,TRZVPFY128F92E19DF,The Offspring,Staring At The Sun,punk,TRKLAOB12903C9A1CD,Kevin Devine,Fever Moon,folk,0.7501832560096057
raw cosine,2,TRZVPFY128F92E19DF,The Offspring,Staring At The Sun,punk,TRNHSZN128F930FF03,Clawfinger,Revenge,metal,0.7407940579777026
raw cosine,3,TRZVPFY128F92E19DF,The Offspring,Staring At The Sun,punk,TRLOMAF128F92DF3DB,Amanda Jenssen,Don't Worry,r&b/soul,0.7112920499480058
raw cosine,1,TRGAEVY128F428BEF6,Bad Religion,Operation Rescue,punk,TRSPCDB128F1464F66,Fad Gadget,Plain Clothes,electronic,0.5967933663219459
raw cosine,2,TRGAEVY128F428BEF6,Bad Religion,Operation Rescue,punk,TRCAYQT128F423DA11,Suffocation,Brood Of Hatred (Album Version),metal,0.5924374104983581
raw cosine,3,TRGAEVY128F428BEF6,Bad Religion,Operation Rescue,punk,TRGVQMG12903CAE801,Built To Spill,Planting Seeds,rock,0.5783789616986831
raw cosine,1,TRPTWJT128F422F239,Silverstein,When Broken Is Easily Fixed (Album Version),punk,TRXKSAZ12903CAFB8E,Jill Scott,He Loves Me (Lyzel In E Flat),r&b/soul,0.728433473710059
raw cosine,2,TRPTWJT128F422F239,Silverstein,When Broken Is Easily Fixed (Album Version),punk,TRLNCCP128F426504E,Michael Penn,Comfort,rock,0.7262262332197584
raw cosine,3,TRPTWJT128F422F239,Silverstein,When Broken Is Easily Fixed (Album Version),punk,TRUXYDP128F93234BD,Taylor Swift,Crazier,country,0.709096476192283
raw cosine,1,TRPYGVQ128E078EFE9,The Cure,Want,punk,TRISFKH128F9336E63,Beastie Boys,So What'Cha Want (Butt Naked Version) (Explicit) (2009 Digital Remaster),hip hop,0.7036822071249154
raw cosine,2,TRPYGVQ128E078EFE9,The Cure,Want,punk,TRMEKRF12903CC80A6,Bouncing Souls_ The,Pervert,electronic,0.6949354270021553
raw cosine,3,TRPYGVQ128E078EFE9,The Cure,Want,punk,TRVFKVN128F42B501F,Shania Twain,All Fired Up_ No Place To Go,country,0.6897099032142422
raw cosine,1,TRJNMGP128F92E0427,Hey Monday,Josey,punk,TRMFKTA128F92FE268,The Bluetones,Carnt Be Trusted,pop,0.689886393722987
raw cosine,2,TRJNMGP128F92E0427,Hey Monday,Josey,punk,TRJEUFZ128F92F3FAE,Bruce Hornsby and the Range,The Way It Is,rock,0.6448952609528046
raw cosine,3,TRJNMGP128F92E0427,Hey Monday,Josey,punk,TRFXREK12903CE855F,Raine Maida,Earthless,folk,0.6299635498994527
raw cosine,1,TRVWMAR128F425A2DA,The Clash,1-2 Crush On You,punk,TROHCKX128F42ADF06,Electric Light Orchestra,Auntie (Ma-Ma-Ma Belle),rock,0.8184781019138007
raw cosine,2,TRVWMAR128F425A2DA,The Clash,1-2 Crush On You,punk,TRNPSMI128F14A8E06,Brian McKnight,Holdin' On [Missin' U] (Album Version),r&b/soul,0.7856285670674079
raw cosine,3,TRVWMAR128F425A2DA,The Clash,1-2 Crush On You,punk,TRKERVB128F145B6DB,Mel & Kim,System,pop,0.7833750247726515
raw cosine,1,TRCKZBM128F425A2DD,The Clash,Brand New Cadillac,punk,TRVRZZI128F426846B,Billy Squier,She's A Runner (24-Bit Digitally Remastered 02),rock,0.5914153703399583
raw cosine,2,TRCKZBM128F425A2DD,The Clash,Brand New Cadillac,punk,TRECZIB12903CB8033,Asaf Avidan & the Mojos,Over You Blues,blues,0.5664108791144276
raw cosine,3,TRCKZBM128F425A2DD,The Clash,Brand New Cadillac,punk,TRABOIH128F9300B06,Willie Dixon,That's My Baby,blues,0.5405233696340517
raw cosine,1,TRCFCHA128F4259A75,The Clash,Cool Confusion,punk,TRJEJXZ128F9321015,The Supremes,Stranger In Paradise,r&b/soul,0.6146838438611498
raw cosine,2,TRCFCHA128F4259A75,The Clash,Cool Confusion,punk,TRCQNWN128F92EA07D,Wu-Tang Clan,The What,hip hop,0.6011684529081096
raw cosine,3,TRCFCHA128F4259A75,The Clash,Cool Confusion,punk,TRQNPBZ128F424A1C9,The Itals,In Deh,reggae,0.5947372708263751
raw cosine,1,TRYSJKQ128F4259A73,The Clash,First Night Back In London,punk,TRMRNDW128F4292475,A Tribe Called Quest,Baby Phife's Return,hip hop,0.658400987137392
raw cosine,2,TRYSJKQ128F4259A73,The Clash,First Night Back In London,punk,TRGXGMH128F92F5B48,John Denver,El Paso,rock,0.6533716809077528
raw cosine,3,TRYSJKQ128F4259A73,The Clash,First Night Back In London,punk,TRDPGXU128F9339C2A,Beastie Boys,B-Boy Bouillabaisse: A.W.O.L. (2009 Digital Remaster),hip hop,0.6491256390286232
raw cosine,1,TRAQKVC128F425E65C,The Clash,Inoculated City,punk,TRVWTVK128F429AAAB,Immortal Technique,The 4th Branch,hip hop,0.6038773798613895
raw cosine,2,TRAQKVC128F425E65C,The Clash,Inoculated City,punk,TRMGICM128F92E2AB8,Andrew Lloyd Webber,Masquerade,classical,0.5774355286412254
raw cosine,3,TRAQKVC128F425E65C,The Clash,Inoculated City,punk,TRCHTOQ12903CB2D56,Don Francisco,Adam_ Where Are You?,country,0.5774148486359397
raw cosine,1,TRUASIU128F425A1D7,The Clash,Lost In The Supermarket,punk,TRJBEQI12903CDDCCE,Mary Black,Raven In The Storm,folk,0.779075409628105
raw cosine,2,TRUASIU128F425A1D7,The Clash,Lost In The Supermarket,punk,TRBLBTB128F147F7EF,Patricia Barber,The Moon,jazz,0.763768800811405
raw cosine,3,TRUASIU128F425A1D7,The Clash,Lost In The Supermarket,punk,TRWNSHP128F42424E8,Mest,Can't Take This (Album Version),punk,0.7633558973227766
raw cosine,1,TROLGMC128F4259BB8,The Clash,Overpowered By Funk,punk,TRLXXCC128F92EABC3,Funkadelic,One Nation Under A Groove,r&b/soul,0.6101384291647136
raw cosine,2,TROLGMC128F4259BB8,The Clash,Overpowered By Funk,punk,TRZCHKB128F92CB740,Anastacia,Club Megamix,rock,0.6090711087036049
raw cosine,3,TROLGMC128F4259BB8,The Clash,Overpowered By Funk,punk,TRNJNUP128E078F822,Free,Mr. Big,rock,0.6085229691820605
raw cosine,1,TRMQMTC128F428A516,Bad Religion,Automatic Man (Album Version),punk,TRTPLZP128F426AC13,Bill Withers,Who Is He? (And What Is He To You?),r&b/soul,0.7426565469688222
raw cosine,2,TRMQMTC128F428A516,Bad Religion,Automatic Man (Album Version),punk,TRTLLMP128F9307700,Bellamy Brothers,Old Hippie,country,0.7389383403275933
raw cosine,3,TRMQMTC128F428A516,Bad Religion,Automatic Man (Album Version),punk,TRQZEGA128F428FEFE,Suicidal Tendencies,Possessed To Skate,metal,0.7276437794230677
raw cosine,1,TRQENBA128F426093C,Bad Religion,Chimaera (Album Version),punk,TRWFHUB128F1476AFB,Small Sins,She's The Source,rock,0.8070223082023004
raw cosine,2,TRQENBA128F426093C,Bad Religion,Chimaera (Album Version),punk,TRFCNPY128F934AF94,Anacrusis,What You Became,metal,0.7980182213718866
raw cosine,3,TRQENBA128F426093C,Bad Religion,Chimaera (Album Version),punk,TROKUOP12903CA7867,Bunny Wailer,Roots,reggae,0.7872396565780551
raw cosine,1,TRJCXHB128F428AC5B,Bad Religion,Damned to Be Free (Album Version),punk,TRZGDIA128F4294E98,Tonedeff,Ridiculous,hip hop,0.6641014558792049
raw cosine,2,TRJCXHB128F428AC5B,Bad Religion,Damned to Be Free (Album Version),punk,TRMSDGX128F428F296,Dan Le Sac vs Scroobius Pip,Fixed,hip hop,0.6168363179918088
raw cosine,3,TRJCXHB128F428AC5B,Bad Religion,Damned to Be Free (Album Version),punk,TROIYWE128F146BD93,Bird York,Lovely Thing,pop,0.6066969872935191
raw cosine,1,TRHWAPL128F428BEEE,Bad Religion,Get Off,punk,TREBQOW128F92C4549,Common,Book Of Life,hip hop,0.8479692210360039
raw cosine,2,TRHWAPL128F428BEEE,Bad Religion,Get Off,punk,TRGLGNR128F1487A6F,Manafest,Runaway,hip hop,0.811862109141525
raw cosine,3,TRHWAPL128F428BEEE,Bad Religion,Get Off,punk,TRCGKTL128F148C3FA,The Mighty Mighty Bosstones,Someday I Suppose,reggae,0.807750846776038
raw cosine,1,TRHYIAH128F14825EC,Funeral For A Friend,Juneau,punk,TRYAVHM12903CF521E,Swollen Members,Switchblade,hip hop,0.6938732714808346
raw cosine,2,TRHYIAH128F14825EC,Funeral For A Friend,Juneau,punk,TRJBEQI12903CDDCCE,Mary Black,Raven In The Storm,folk,0.6934775721850356
raw cosine,3,TRHYIAH128F14825EC,Funeral For A Friend,Juneau,punk,TRNOOMW128F4257F9C,Gorefest,Super Reality,metal,0.6595237072114135
raw cosine,1,TRWMODL128F92E7E2A,Wire,Another The letter,punk,TRWLKWQ128F92F93D0,Ayreon,Prologue,metal,0.5187057995836745
raw cosine,2,TRWMODL128F92E7E2A,Wire,Another The letter,punk,TRYPKXM128F932A9EE,Cinderella Effect,Israel,classical,0.49053517921735057
raw cosine,3,TRWMODL128F92E7E2A,Wire,Another The letter,punk,TRKNWXK128F4250BEA,Subtle,Requiem for a Dive,electronic,0.49046981633151027
raw cosine,1,TRABGYE128E078278A,Wire,Strange,punk,TRVGXWV128F148640B,Kelis,Trilogy,r&b/soul,0.4647603253523263
raw cosine,2,TRABGYE128E078278A,Wire,Strange,punk,TRERNJZ128F1452EC5,The Departure,Arms Around Me (BBC 6Music Session),rock,0.43923618246435164
raw cosine,3,TRABGYE128E078278A,Wire,Strange,punk,TRKMPQS128F932DC13,Belleruche,Bought & Sold,jazz,0.4331315117697229
raw cosine,1,TRBAQPR128F92F4AB0,The Wonder Years,Dude_ What Is a Land Pirate?,punk,TRAORGE12903CBE64B,Chantal Kreviazuk,Ghosts Of You,pop,0.7369038830998202
raw cosine,2,TRBAQPR128F92F4AB0,The Wonder Years,Dude_ What Is a Land Pirate?,punk,TRKRVKD128F9327008,Hollywood Undead,Undead,hip hop,0.7359877238937358
raw cosine,3,TRBAQPR128F92F4AB0,The Wonder Years,Dude_ What Is a Land Pirate?,punk,TRXICJK128F1466AA5,Digable Planets,Slowes' Comb/The May 4th Movement starring Doodlebug,reggae,0.7194463918810536
raw cosine,1,TRVOTRF128F148AE44,Dashboard Confessional,Again I Go Unnoticed,punk,TRDUPRE128F92E9E79,Bebo Norman,Other Side of Day,rock,0.5939071978394765
raw cosine,2,TRVOTRF128F148AE44,Dashboard Confessional,Again I Go Unnoticed,punk,TRFBASZ128F42317D3,Dawn of Relic,The Awakening,metal,0.5927209844460312
raw cosine,3,TRVOTRF128F148AE44,Dashboard Confessional,Again I Go Unnoticed,punk,TROKRFB12903CA43AC,Majesty,Lord Of The Damned,metal,0.5881893376910972
raw cosine,1,TRRERUT128F1477144,Dashboard Confessional,Carry This Picture,punk,TRMGSLI128F93276B8,Andrea Bocelli,I Believe,classical,0.6850096942744679
raw cosine,2,TRRERUT128F1477144,Dashboard Confessional,Carry This Picture,punk,TRZPHVT128F4298109,The Cat Empire,The Car Song,reggae,0.6729162091835548
raw cosine,3,TRRERUT128F1477144,Dashboard Confessional,Carry This Picture,punk,TRAQOSN12903CEFA18,Lacuna Coil,Soul Into Hades,metal,0.6728451985810541
raw cosine,1,TRHGTHE128F428B4C3,Usher,U R The One,r&b/soul,TRYQPDL128F4265A48,Kat DeLuna,Run The Show,r&b/soul,0.623282822521767
raw cosine,2,TRHGTHE128F428B4C3,Usher,U R The One,r&b/soul,TRWLKBS12903CC57D7,Good Old War,Tell Me (Acoustic),folk,0.6084699092018043
raw cosine,3,TRHGTHE128F428B4C3,Usher,U R The One,r&b/soul,TRYYRLU12903D082FF,Jonny Lang,Breakin Me,blues,0.6025935206912072
raw cosine,1,TREIEOO128F42B0099,Chris Brown,Ain't No Way (You Won't Love Me),r&b/soul,TRFYGMB128F425A7A2,Natasha Bedingfield,Stumble,pop,0.8328130724606821
raw cosine,2,TREIEOO128F42B0099,Chris Brown,Ain't No Way (You Won't Love Me),r&b/soul,TRENNUC128F427B111,Michael McDonald,You Don't Know Me,r&b/soul,0.8288904529638831
raw cosine,3,TREIEOO128F42B0099,Chris Brown,Ain't No Way (You Won't Love Me),r&b/soul,TRGTQCP128F932573A,Hilary Duff,Play With Fire,pop,0.8237734472214339
raw cosine,1,TRRZSBO128F428BE44,Usher,Nice & Slow,r&b/soul,TRCVHTU128F92F6FF7,Avant,I Wanna Know,blues,0.8016240024738276
raw cosine,2,TRRZSBO128F428BE44,Usher,Nice & Slow,r&b/soul,TRFRZZC128F935F71A,Al Jarreau,Look What You've Done For Me,r&b/soul,0.7946939530907705
raw cosine,3,TRRZSBO128F428BE44,Usher,Nice & Slow,r&b/soul,TRYDNTB128F9331278,Ginuwine,Only When ur Lonely,r&b/soul,0.7928351906125909
raw cosine,1,TRMZSRG128F428BE3F,Usher,Roni,r&b/soul,TRAIEIM128F4253EFD,Nick Cave & The Bad Seeds,She Passed By My Window,rock,0.6558389928781108
raw cosine,2,TRMZSRG128F428BE3F,Usher,Roni,r&b/soul,TRKXMPU128F4222F78,Rickie Lee Jones,My One And Only Love,jazz,0.6554045250103253
raw cosine,3,TRMZSRG128F428BE3F,Usher,Roni,r&b/soul,TRWVXWR128F92CF848,Mark Wills,She's In Love,country,0.6211093005385305
raw cosine,1,TRENECR128F92DAC48,Chris Brown,Damage,r&b/soul,TRGHYGG12903CAC100,R. Kelly,Kickin' It With Your Girlfriend,r&b/soul,0.7726274757426965
raw cosine,2,TRENECR128F92DAC48,Chris Brown,Damage,r&b/soul,TREIANS128F147AD97,The Puppini Sisters,I Will Survive,jazz,0.7655448766595113
raw cosine,3,TRENECR128F92DAC48,Chris Brown,Damage,r&b/soul,TRKLJAG128F42B31CF,Mario Vazquez,Everytime I...,r&b/soul,0.764487062958129
raw cosine,1,TRIAONH128F9340E62,Chris Brown,Gotta Be Ur Man,r&b/soul,TRFBUYK128F4250654,Melanie Thornton,I Apologize,pop,0.6752818566292977
raw cosine,2,TRIAONH128F9340E62,Chris Brown,Gotta Be Ur Man,r&b/soul,TRVCMBD128E0793863,Blackstreet,Happy Song (Tonite),r&b/soul,0.6554619300357529
raw cosine,3,TRIAONH128F9340E62,Chris Brown,Gotta Be Ur Man,r&b/soul,TRUYSOV12903CED603,Esmée Denters,Getting Over You,r&b/soul,0.6420155128969275
raw cosine,1,TRFBNCQ128F9302AD9,Akon,Birthmark,r&b/soul,TRCFOQP128F42A8E14,Rooney,When Did Your Heart Go Missing?,rock,0.6631079631531586
raw cosine,2,TRFBNCQ128F9302AD9,Akon,Birthmark,r&b/soul,TRNDLHW128F424EF6B,Jamie Cullum,Where Is Your Heart At?,jazz,0.6512464047732749
raw cosine,3,TRFBNCQ128F9302AD9,Akon,Birthmark,r&b/soul,TRYJQQG128EF34A50A,Eric Burdon,Heart Attack,rock,0.6366280096464723
raw cosine,1,TRPZAPZ128F9341D3E,R. Kelly,Don't You Say No,r&b/soul,TRTBBGQ128E078FE63,Kelly Price,Don't Say Goodbye,r&b/soul,0.7586327631720818
raw cosine,2,TRPZAPZ128F9341D3E,R. Kelly,Don't You Say No,r&b/soul,TRWZCIQ12903C97881,Nat King Cole,If You Can't Smile And Say Yes,jazz,0.7486364422954158
raw cosine,3,TRPZAPZ128F9341D3E,R. Kelly,Don't You Say No,r&b/soul,TRRREHG128F9319163,Bad Brains,Don't Bother Me (Bad Brains),punk,0.7440107658085171
raw cosine,1,TRGHYGG12903CAC100,R. Kelly,Kickin' It With Your Girlfriend,r&b/soul,TRVUUKM128F425FB16,King Tee,Guitar Playin',hip hop,0.8145099116925839
raw cosine,2,TRGHYGG12903CAC100,R. Kelly,Kickin' It With Your Girlfriend,r&b/soul,TRMTJJT128F14636D9,Lloyd Cole,I Didn't Know That You Cared,electronic,0.812616247476163
raw cosine,3,TRGHYGG12903CAC100,R. Kelly,Kickin' It With Your Girlfriend,r&b/soul,TROXHLM128F4266510,Blues Traveler,Hook,blues,0.81056274154386
raw cosine,1,TRNEYNN128F92C21F7,R. Kelly,Rise Up,r&b/soul,TRTKAVS128F93096FD,Flobots,Rise,hip hop,0.6433912692526554
raw cosine,2,TRNEYNN128F92C21F7,R. Kelly,Rise Up,r&b/soul,TRWRUQO128F14733DD,Big Moe,S.U.C.,hip hop,0.6102263991013114
raw cosine,3,TRNEYNN128F92C21F7,R. Kelly,Rise Up,r&b/soul,TRKRVKD128F9327008,Hollywood Undead,Undead,hip hop,0.6080880249973781
raw cosine,1,TRRSRXG128E07888AF,Mariah Carey,Joy Ride,r&b/soul,TRWZWOX128F935A084,Sean Kingston,Magical,hip hop,0.6387220652219261
raw cosine,2,TRRSRXG128E07888AF,Mariah Carey,Joy Ride,r&b/soul,TROKOBJ12903CAF917,Leo Sayer,We've Got Ourselves In Love ,jazz,0.5877012958842254
raw cosine,3,TRRSRXG128E07888AF,Mariah Carey,Joy Ride,r&b/soul,TRAILGJ128F1485985,Ima Robot,Lovers In Captivity,rock,0.5866690473739425
raw cosine,1,TRONPIZ128F1454219,Mariah Carey,Sprung,r&b/soul,TRJJTPI128F4276759,Hawthorne Heights,Rescue Me,punk,0.7695548776058522
raw cosine,2,TRONPIZ128F1454219,Mariah Carey,Sprung,r&b/soul,TRKRPKE128E07946D4,Thalia,Alguien Real (Baby_ I'm In Love),latin,0.7429012771406109
raw cosine,3,TRONPIZ128F1454219,Mariah Carey,Sprung,r&b/soul,TRKNLNM128F1488556,Amos Lee,Supply & Demand,folk,0.7272235120130154
raw cosine,1,TRJKYAO128F427420D,Luther Vandross,Never Too Much,r&b/soul,TREENNZ128F145B67D,Nat King Cole,She's Funny That Way,jazz,0.7143768184647186
raw cosine,2,TRJKYAO128F427420D,Luther Vandross,Never Too Much,r&b/soul,TRNBBTI128F4287F41,Phyllis Hyman,Heavenly,r&b/soul,0.670283038538176
raw cosine,3,TRJKYAO128F427420D,Luther Vandross,Never Too Much,r&b/soul,TRZFWHP12903D13D18,Webb Pierce,I Ain't Never,country,0.6629547835554959
raw cosine,1,TRYGRKO128F9343244,R. Kelly,Chocolate Factory,r&b/soul,TRFLXHF128F145903A,Clifford T Ward,A Day To Myself,folk,0.6412161312134071
raw cosine,2,TRYGRKO128F9343244,R. Kelly,Chocolate Factory,r&b/soul,TRNKEPV128F425A56C,Clannad,Second Nature,folk,0.6090663306209653
raw cosine,3,TRYGRKO128F9343244,R. Kelly,Chocolate Factory,r&b/soul,TRSSUAV128F148D60F,Toby Keith,Sweet,country,0.6026763524231216
raw cosine,1,TROIJDA128F9341E70,R. Kelly,I Mean (I Don't Mean It),r&b/soul,TRDQNSS128F4240C31,Millencolin,Random I Am (Album Version),punk,0.8159029279039322
raw cosine,2,TROIJDA128F9341E70,R. Kelly,I Mean (I Don't Mean It),r&b/soul,TRAFLMU128F4274A4D,G-Unit,I Don't Want To Talk About It,hip hop,0.8070928945766809
raw cosine,3,TROIJDA128F9341E70,R. Kelly,I Mean (I Don't Mean It),r&b/soul,TRNLKLH128EF340A43,Macy Gray,Shoo Be Doo,r&b/soul,0.8027817649452463
raw cosine,1,TRXTJGV12903CAC0F8,R. Kelly,In The Kitchen,r&b/soul,TRSBDFP128F4226F52,Honeycut,Crowded Avenue,electronic,0.7127793183019134
raw cosine,2,TRXTJGV12903CAC0F8,R. Kelly,In The Kitchen,r&b/soul,TRTUEDO12903CE3D8F,Grandmaster Flash,Them Jeans,hip hop,0.6798007357955193
raw cosine,3,TRXTJGV12903CAC0F8,R. Kelly,In The Kitchen,r&b/soul,TRJWGLF128F149960E,Scooter,Time And Space,electronic,0.676231874450324
raw cosine,1,TRTWRQD12903CA9E3B,Alicia Keys,Distance And Time,r&b/soul,TRNJMKH128F426749E,Beverley Craven,Promise Me,pop,0.7570662057946991
raw cosine,2,TRTWRQD12903CA9E3B,Alicia Keys,Distance And Time,r&b/soul,TRLVIKC12903CF81B9,Burden Of A Day,My Forfeit,metal,0.7529463437055041
raw cosine,3,TRTWRQD12903CA9E3B,Alicia Keys,Distance And Time,r&b/soul,TRLQBZP12903CECC4A,Hello Saferide,Get Sick Soon,folk,0.7442999089215008
raw cosine,1,TRWPMRK12903CCDA98,Alicia Keys,Lover Man,r&b/soul,TRFATUU128F4265A15,Diana King,Can't Do Without You,r&b/soul,0.6243711147554825
raw cosine,2,TRWPMRK12903CCDA98,Alicia Keys,Lover Man,r&b/soul,TRLVRJP128F93519FB,Atmosphere,Hair,hip hop,0.6008355745387922
raw cosine,3,TRWPMRK12903CCDA98,Alicia Keys,Lover Man,r&b/soul,TRXVRUP12903CFD9F3,The Jazz Butcher,She's On Drugs,rock,0.5942881807609091
raw cosine,1,TRMTTBA128F429A7EC,Alicia Keys,Nobody Not Really (Interlude),r&b/soul,TRNNLCQ128F426E87E,Charley Patton,Down The Dirt Road Blues,blues,0.6474070486194551
raw cosine,2,TRMTTBA128F429A7EC,Alicia Keys,Nobody Not Really (Interlude),r&b/soul,TRRCMIA12903CE8562,Raine Maida,Confessional,rock,0.6363525156940442
raw cosine,3,TRMTTBA128F429A7EC,Alicia Keys,Nobody Not Really (Interlude),r&b/soul,TRSXWOE12903CA7F6E,Z-RO,Pain,hip hop,0.6339575874126033
raw cosine,1,TRWCVWH128F4284EE5,Alicia Keys,Piano & I,r&b/soul,TRSEYKD128F427F46E,Frankie J,Without You,r&b/soul,0.7143777594370054
raw cosine,2,TRWCVWH128F4284EE5,Alicia Keys,Piano & I,r&b/soul,TRYXJHS128F429E02B,Permanent Me,Heartattack,punk,0.7003016797456236
raw cosine,3,TRWCVWH128F4284EE5,Alicia Keys,Piano & I,r&b/soul,TRQDUMO128F92E3896,Binary Star,Honest Expression,hip hop,0.6938942827239063
raw cosine,1,TRQQLZD128F425E9BC,Alicia Keys,Tell You Something (Nana's Reprise),r&b/soul,TRFWLDO128F93613DF,Joe Bonamassa,Ball Peen Hammer,blues,0.7577329900309941
raw cosine,2,TRQQLZD128F425E9BC,Alicia Keys,Tell You Something (Nana's Reprise),r&b/soul,TROSCTL128F423EAF8,Kristin Hersh,Tuesday Night,folk,0.7529684585909909
raw cosine,3,TRQQLZD128F425E9BC,Alicia Keys,Tell You Something (Nana's Reprise),r&b/soul,TRTXZGM128F428B62B,Toni Braxton,Love Affair,r&b/soul,0.728642464567285
raw cosine,1,TREAJBV12903CCDA96,Alicia Keys,Try Sleeping With A Broken Heart,r&b/soul,TRQYLYP12903CC26F6,Barry White,Never Gonna Give You Up,r&b/soul,0.7471438392071987
raw cosine,2,TREAJBV12903CCDA96,Alicia Keys,Try Sleeping With A Broken Heart,r&b/soul,TRRXFHO128EF3550BC,Erin McKeown,Fast As I Can,folk,0.7386625116069997
raw cosine,3,TREAJBV12903CCDA96,Alicia Keys,Try Sleeping With A Broken Heart,r&b/soul,TRSDDPK128F146AF76,Liz Phair,Go On Ahead,rock,0.7337378235957301
raw cosine,1,TRDFWVZ128F4284EF0,Alicia Keys,Why Do I Feel So Sad,r&b/soul,TROYGTB128F14564F4,Brian McKnight,Try Our Love Again,r&b/soul,0.6445239751840335
raw cosine,2,TRDFWVZ128F4284EF0,Alicia Keys,Why Do I Feel So Sad,r&b/soul,TRVVBPB128F4250C72,Classified,Freezin In The Cold,hip hop,0.6420790364874662
raw cosine,3,TRDFWVZ128F4284EF0,Alicia Keys,Why Do I Feel So Sad,r&b/soul,TRJVYHL128F14B042C,Todd Rundgren,Lost Horizon,pop,0.6381369851541883
raw cosine,1,TRFRUCJ128F4284EF2,Alicia Keys,Lovin U,r&b/soul,TRLVLVB128F4262D4E,Keziah Jones,Rhythm Is Love,r&b/soul,0.7254014990236552
raw cosine,2,TRFRUCJ128F4284EF2,Alicia Keys,Lovin U,r&b/soul,TRMAMOW128F145EC1E,Commodores,Easy,r&b/soul,0.705784941127987
raw cosine,3,TRFRUCJ128F4284EF2,Alicia Keys,Lovin U,r&b/soul,TRQFRHF128C71968AA,The Charlatans,Dead Love,rock,0.7042652437384412
raw cosine,1,TRXONIT128F9355F39,Jeremih,My Ride,r&b/soul,TRISBQQ128F93217A2,2Pac,Strictly 4 My N.I.G.G.A.Z.,hip hop,0.7439650839750799
raw cosine,2,TRXONIT128F9355F39,Jeremih,My Ride,r&b/soul,TRWAFQY128F425EE78,Anita Baker,In My Heart,jazz,0.7329966718162472
raw cosine,3,TRXONIT128F9355F39,Jeremih,My Ride,r&b/soul,TRTMQWK128F4241384,Kottonmouth Kings,Bump,hip hop,0.71157910341231
raw cosine,1,TRURHNH128F9355F33,Jeremih,Starting All Over,r&b/soul,TRCHZXW128E079288A,Eminem,8 Mile,hip hop,0.6495884013992241
raw cosine,2,TRURHNH128F9355F33,Jeremih,Starting All Over,r&b/soul,TRSWQYN128F92FAAB6,Ashley MacIsaac,I Don't Need This,electronic,0.611775290321498
raw cosine,3,TRURHNH128F9355F33,Jeremih,Starting All Over,r&b/soul,TROXHLM128F4266510,Blues Traveler,Hook,blues,0.6103125256089723
raw cosine,1,TRBVOUE128F92F4B3E,Duffy,Oh Boy,r&b/soul,TRQXHBL128F42A56FE,Ledisi,Best Friend,r&b/soul,0.7071243832816302
raw cosine,2,TRBVOUE128F92F4B3E,Duffy,Oh Boy,r&b/soul,TRGNBRZ128F9300AF5,Elmore James,Dust My Broom,blues,0.6477884457189971
raw cosine,3,TRBVOUE128F92F4B3E,Duffy,Oh Boy,r&b/soul,TRGIGND128F92D45AA,Canned Heat,Dust My Broom,blues,0.6477884457189971
raw cosine,1,TRTAKII128F92E4449,Jay Sean,Maybe,r&b/soul,TRISFKH128F9336E63,Beastie Boys,So What'Cha Want (Butt Naked Version) (Explicit) (2009 Digital Remaster),hip hop,0.7227825087115289
raw cosine,2,TRTAKII128F92E4449,Jay Sean,Maybe,r&b/soul,TRFUNRS128F9346BF4,Tony Sly,On the Outside,folk,0.7184094559523317
raw cosine,3,TRTAKII128F92E4449,Jay Sean,Maybe,r&b/soul,TRZCHKB128F92CB740,Anastacia,Club Megamix,rock,0.716773835196622
raw cosine,1,TRSHMDQ128F422C1D6,Jay Sean,Stuck In the Middle,r&b/soul,TRMUITB128F428ADAC,Kevon Edmonds,Never Love You,r&b/soul,0.7918194852832479
raw cosine,2,TRSHMDQ128F422C1D6,Jay Sean,Stuck In the Middle,r&b/soul,TRFUJVJ128F426F2A2,Lauryn Hill,Interlude 5,r&b/soul,0.7813905814818588
raw cosine,3,TRSHMDQ128F422C1D6,Jay Sean,Stuck In the Middle,r&b/soul,TRDTUUY128F427C92C,Blood_ Sweat & Tears,So Much Love/Underture,jazz,0.7586963367206558
raw cosine,1,TRENMSO128F42AF485,Fantasia,Bump What Your Friends Say,r&b/soul,TRPZKHL128F1456B3B,KeKe Wyatt,If Only You Knew,r&b/soul,0.8008762357886852
raw cosine,2,TRENMSO128F42AF485,Fantasia,Bump What Your Friends Say,r&b/soul,TRIJRST128E0793392,Samantha Mumba,Never Meant To Be,r&b/soul,0.7985221585138622
raw cosine,3,TRENMSO128F42AF485,Fantasia,Bump What Your Friends Say,r&b/soul,TRGLNKG128F9307689,Eminem,My Darling,hip hop,0.7966009691032254
raw cosine,1,TRTSASI12903CC26E8,Ray Charles,Smack Dab In The Middle,r&b/soul,TRMAVQT128F4270DBF,Johnny Cash,Man In White,country,0.6620915663576615
raw cosine,2,TRTSASI12903CC26E8,Ray Charles,Smack Dab In The Middle,r&b/soul,TRHKJVR128F42857EA,DJ Quik,Safe + Sound,hip hop,0.6414018459548891
raw cosine,3,TRTSASI12903CC26E8,Ray Charles,Smack Dab In The Middle,r&b/soul,TRFAIBW128F428B7A6,RKL,Heavily Sedated,metal,0.6401788058649073
raw cosine,1,TRNZNSR128F429F04B,Ray Charles,Don't You Know,r&b/soul,TRJLMAI128F92EBB04,Marques Houston,Naked,r&b/soul,0.6809337442010978
raw cosine,2,TRNZNSR128F429F04B,Ray Charles,Don't You Know,r&b/soul,TRCDLUM128F9331CA9,Usher,Love Was Here,hip hop,0.667025812177734
raw cosine,3,TRNZNSR128F429F04B,Ray Charles,Don't You Know,r&b/soul,TRYOUMI128E078F4DE,K-Ci & JoJo,Baby Come Back,blues,0.6464082644947164
raw cosine,1,TRWFFHM128F92F99C4,Chrisette Michele,All I Ever Think About,r&b/soul,TRNHSZN128F930FF03,Clawfinger,Revenge,metal,0.8142825507596168
raw cosine,2,TRWFFHM128F92F99C4,Chrisette Michele,All I Ever Think About,r&b/soul,TRSTJFQ128F428DA21,Less Than Jake,I Think I Love You,reggae,0.7932896443459375
raw cosine,3,TRWFFHM128F92F99C4,Chrisette Michele,All I Ever Think About,r&b/soul,TRZCHKB128F92CB740,Anastacia,Club Megamix,rock,0.7887256894352089
raw cosine,1,TRDIOJU128F931BF15,Jackson 5,(You Were Made) Especially For Me,r&b/soul,TRMQQGH128F9301E4B,Mutya Buena,Not Your Baby,pop,0.7181279436425172
raw cosine,2,TRDIOJU128F931BF15,Jackson 5,(You Were Made) Especially For Me,r&b/soul,TRRREHG128F9319163,Bad Brains,Don't Bother Me (Bad Brains),punk,0.6992731139591825
raw cosine,3,TRDIOJU128F931BF15,Jackson 5,(You Were Made) Especially For Me,r&b/soul,TRMVGKO128E078552F,Keith Sweat,Give Me What I Want (LP Version),r&b/soul,0.6950701136452101
raw cosine,1,TRGYQBU128F9342C87,Jackson 5,I Was Made To Love Her,r&b/soul,TRIGERV128F1478764,Con Funk Shun,Electric Lady,r&b/soul,0.6857146191861955
raw cosine,2,TRGYQBU128F9342C87,Jackson 5,I Was Made To Love Her,r&b/soul,TRFAWIW128F9318B9B,Doyle Bramhall,Cryin',blues,0.676659820504948
raw cosine,3,TRGYQBU128F9342C87,Jackson 5,I Was Made To Love Her,r&b/soul,TRQRKRR128F423FBED,The Knack,Heartbeat,rock,0.6536816666540793
raw cosine,1,TRVBSAC128F42B6438,Jackson 5,Bridge Over Troubled Water,r&b/soul,TRMMKHM128E078EFB3,Boyz II Men,To The Limit,r&b/soul,0.6548276156745451
raw cosine,2,TRVBSAC128F42B6438,Jackson 5,Bridge Over Troubled Water,r&b/soul,TRWKDZE128F1451EAC,The Dells,It's All Up To You,r&b/soul,0.6423193478847731
raw cosine,3,TRVBSAC128F42B6438,Jackson 5,Bridge Over Troubled Water,r&b/soul,TRUYHIL128F92E4B2C,Annihilator,Hunter killer,metal,0.6392556245833328
raw cosine,1,TRHTGXF128F931BEE7,Jackson 5,Goin' Back To Indiana,r&b/soul,TRHSDRF128F9309C33,Mc Chris,hoodie ninja,hip hop,0.7810025785788369
raw cosine,2,TRHTGXF128F931BEE7,Jackson 5,Goin' Back To Indiana,r&b/soul,TRZYUDY128F148AD53,Jessica Andrews,Who I Am,country,0.7713903629431287
raw cosine,3,TRHTGXF128F931BEE7,Jackson 5,Goin' Back To Indiana,r&b/soul,TRCHZXW128E079288A,Eminem,8 Mile,hip hop,0.7644326134807478
raw cosine,1,TRULIIL128F4228AC8,Jackson 5,Lookin' Through The Windows,r&b/soul,TRFJKWU12903CC37B1,Crystal Castles,Insectica,punk,0.4603640936819273
raw cosine,2,TRULIIL128F4228AC8,Jackson 5,Lookin' Through The Windows,r&b/soul,TRFYURA128F932E71C,Echobelly,Dark Therapy,pop,0.43315564504816534
raw cosine,3,TRULIIL128F4228AC8,Jackson 5,Lookin' Through The Windows,r&b/soul,TRXTGOS128F933CF72,Gravediggaz,Unexplained,hip hop,0.41901174829693966
raw cosine,1,TRTKNDU128EF3517DF,Jackson 5,You've Changed,r&b/soul,TRXKZZM128F9336E7C,Adina Howard,Nasty Grind,r&b/soul,0.735168118198182
raw cosine,2,TRTKNDU128EF3517DF,Jackson 5,You've Changed,r&b/soul,TRKJXTX128F92FA34E,The Specials,Skinhead Moonstomp,reggae,0.7321400374526812
raw cosine,3,TRTKNDU128EF3517DF,Jackson 5,You've Changed,r&b/soul,TRXPXPC12903CCC600,Creed,Wrong Way,rock,0.7284752318023344
raw cosine,1,TRQBNNZ128F92D4F35,Jazmine Sullivan,Switch!,r&b/soul,TRMEKRF12903CC80A6,Bouncing Souls_ The,Pervert,electronic,0.7533107702265562
raw cosine,2,TRQBNNZ128F92D4F35,Jazmine Sullivan,Switch!,r&b/soul,TREBQOW128F92C4549,Common,Book Of Life,hip hop,0.739390136438965
raw cosine,3,TRQBNNZ128F92D4F35,Jazmine Sullivan,Switch!,r&b/soul,TRKLJAG128F42B31CF,Mario Vazquez,Everytime I...,r&b/soul,0.7336267272708022
raw cosine,1,TRTYGWW128E0794FA2,The Police,One World (Not Three),reggae,TRINNQX128F425AD26,The Derek Trucks Band,Revolution,blues,0.6192408513348493
raw cosine,2,TRTYGWW128E0794FA2,The Police,One World (Not Three),reggae,TRZYDHT128F145736F,Tracie Spencer,Imagine,r&b/soul,0.5850610981640372
raw cosine,3,TRTYGWW128E0794FA2,The Police,One World (Not Three),reggae,TRLINLH128F9346400,Black Eyed Peas,One Tribe,hip hop,0.5472927257242414
raw cosine,1,TRKHTKI128F92EA339,Matisyahu,Close My Eyes,reggae,TRKAIPI128C719636E,Blackalicious,Just What Can Happen,hip hop,0.7743506735143175
raw cosine,2,TRKHTKI128F92EA339,Matisyahu,Close My Eyes,reggae,TREKDDG128F4298103,The Cat Empire,Days Like These,reggae,0.7647720683248902
raw cosine,3,TRKHTKI128F92EA339,Matisyahu,Close My Eyes,reggae,TRYAVHM12903CF521E,Swollen Members,Switchblade,hip hop,0.7573573764806034
raw cosine,1,TRACTLX128F42A51F6,Matisyahu,Exaltation,reggae,TRORMHQ128F92CB796,Opera IX,Immortal Chant,metal,0.6482811147271351
raw cosine,2,TRACTLX128F42A51F6,Matisyahu,Exaltation,reggae,TRAHKMS128F934B09E,Lizzy Borden,There Will Be Blood Tonight,metal,0.6315517213772517
raw cosine,3,TRACTLX128F42A51F6,Matisyahu,Exaltation,reggae,TRJFZZH128F92D2026,Frank Sinatra,The Girl That I Marry,jazz,0.6257602441707965
raw cosine,1,TRHQAPS128F42A51F4,Matisyahu,Fire and Heights,reggae,TRRYRGF128F42934E3,Sage Francis,Clickety Clack,hip hop,0.8349061150317288
raw cosine,2,TRHQAPS128F42A51F4,Matisyahu,Fire and Heights,reggae,TRVVIWJ128F42697BA,Fat Joe,Preacher On A Sunday Morning,hip hop,0.8211194488995367
raw cosine,3,TRHQAPS128F42A51F4,Matisyahu,Fire and Heights,reggae,TRNVKOI128E0799173,Snoop Dogg,Snoopafella (Edited),hip hop,0.8061986240280945
raw cosine,1,TRWMHCZ128F42AE295,Matisyahu,Jerusalem,reggae,TRCGLHM128F92EACF7,Freshman 15,When Cheating Had Feeling,punk,0.6779036498379287
raw cosine,2,TRWMHCZ128F42AE295,Matisyahu,Jerusalem,reggae,TRSEAVW128F429E22F,A Tribe Called Quest,Rap Promoter,hip hop,0.6582037292552875
raw cosine,3,TRWMHCZ128F42AE295,Matisyahu,Jerusalem,reggae,TRMQQGH128F9301E4B,Mutya Buena,Not Your Baby,pop,0.6498772107150411
raw cosine,1,TRMMTKA128F42A51E7,Matisyahu,Warrior,reggae,TROSICW128F933ADB8,Damien Dempsey,Colony,folk,0.6788518822081462
raw cosine,2,TRMMTKA128F42A51E7,Matisyahu,Warrior,reggae,TRRYRGF128F42934E3,Sage Francis,Clickety Clack,hip hop,0.6777147490239745
raw cosine,3,TRMMTKA128F42A51E7,Matisyahu,Warrior,reggae,TRPEVHC128F92FADB9,Buffy Sainte-Marie,Now That the Buffalo's Gone,folk,0.6705528630030871
raw cosine,1,TRPPHPV128F92F0750,Sublime,Don't Push,reggae,TRVUUKM128F425FB16,King Tee,Guitar Playin',hip hop,0.7944454779654736
raw cosine,2,TRPPHPV128F92F0750,Sublime,Don't Push,reggae,TRXEITL128F92EBCF0,St. Lunatics,Time,hip hop,0.7896355095968679
raw cosine,3,TRPPHPV128F92F0750,Sublime,Don't Push,reggae,TRFPLQD128F92FFB52,Kool Moe Dee,Bad Mutha,hip hop,0.7892664591418733
raw cosine,1,TRZDKCU128F1456899,Sublime,Pawn Shop,reggae,TRWQJFO128F9320B80,Atom And His Package,Upside Down From Here,electronic,0.5581581428906076
raw cosine,2,TRZDKCU128F1456899,Sublime,Pawn Shop,reggae,TRNTRQP128F931B102,Architecture In Helsinki,Underwater,pop,0.5420594861518362
raw cosine,3,TRZDKCU128F1456899,Sublime,Pawn Shop,reggae,TRSCFSP128F9315B0D,ANJA GARBAREK,Something Written,jazz,0.4747024126725687
raw cosine,1,TRQCFKA128F148A0D5,Michael Franti & Spearhead,See you in the Light,reggae,TRJATQE12903CB4F22,Thomas Dolby,I Live In A Suitcase,electronic,0.7136166981196651
raw cosine,2,TRQCFKA128F148A0D5,Michael Franti & Spearhead,See you in the Light,reggae,TRFAIBW128F428B7A6,RKL,Heavily Sedated,metal,0.6973063563915288
raw cosine,3,TRQCFKA128F148A0D5,Michael Franti & Spearhead,See you in the Light,reggae,TRQCXUL128E078A9D6,The Streets,The Irony Of It All (Album Version),electronic,0.6966218494342558
raw cosine,1,TRPPATZ128F428BA6E,Michael Franti & Spearhead,Sweet Little Lies,reggae,TROKPEY128F4293061,Faithless,Salva Mea,electronic,0.6077593606066267
raw cosine,2,TRPPATZ128F428BA6E,Michael Franti & Spearhead,Sweet Little Lies,reggae,TRZHFGK128F423B618,Sharon Jones & The Dap-Kings,Tell Me,r&b/soul,0.5887365300446227
raw cosine,3,TRPPATZ128F428BA6E,Michael Franti & Spearhead,Sweet Little Lies,reggae,TRZFXRK12903CBE34F,Albert King,I Get Evil,blues,0.5846867866317716
raw cosine,1,TRMVVWQ128F422BB64,McFly,The Way You Make Me Feel,reggae,TRDHWHD128F931BCA3,Sunscreem,Pressure,electronic,0.8196535539325371
raw cosine,2,TRMVVWQ128F422BB64,McFly,The Way You Make Me Feel,reggae,TRZCHKB128F92CB740,Anastacia,Club Megamix,rock,0.7463166783175269
raw cosine,3,TRMVVWQ128F422BB64,McFly,The Way You Make Me Feel,reggae,TRFNFSL128F146E882,Lemar,Time To Grow,r&b/soul,0.7413644709285913
raw cosine,1,TRRATGY12903D138DB,Daddy Yankee,Grito Mundial,reggae,TRNIELN128F4275E78,Inti Illimani,El Arado,latin,0.6730167366088002
raw cosine,2,TRRATGY12903D138DB,Daddy Yankee,Grito Mundial,reggae,TRTSIYO128F9339267,Atahualpa Yupanqui,Milonga Del Solitario,folk,0.6647227490770447
raw cosine,3,TRRATGY12903D138DB,Daddy Yankee,Grito Mundial,reggae,TRLCMGN128F92FFA2E,Sebastien Tellier,League Chicanos,latin,0.6418097705432854
raw cosine,1,TRPSKLI128F425E42C,tobyMac,Get This Party Started: Ghost Remix,reggae,TRMTDOR128F4258632,Four Year Strong,Catastrophe,punk,0.5902008669866663
raw cosine,2,TRPSKLI128F425E42C,tobyMac,Get This Party Started: Ghost Remix,reggae,TRGFFYK128F933CB76,Nick Cave & The Bad Seeds,Midnight Man,rock,0.5266624795541381
raw cosine,3,TRPSKLI128F425E42C,tobyMac,Get This Party Started: Ghost Remix,reggae,TREXCMT128F933D825,Vanilla Ice,It's A Party,hip hop,0.5227263087660752
raw cosine,1,TRWQMVZ128E078F1F7,Bob Marley & The Wailers,Africa Unite,reggae,TRUNLGW128F92F9569,Gamma Ray,Heavy Metal Universe (live),metal,0.6664420183371625
raw cosine,2,TRWQMVZ128E078F1F7,Bob Marley & The Wailers,Africa Unite,reggae,TRDRPZZ128F421D0DA,Zeigeist,Black Milk,electronic,0.6506219199675038
raw cosine,3,TRWQMVZ128E078F1F7,Bob Marley & The Wailers,Africa Unite,reggae,TRVWTVK128F429AAAB,Immortal Technique,The 4th Branch,hip hop,0.6322380497843354
raw cosine,1,TRHDTPQ128F147733A,Bob Marley & The Wailers,Could You Be Loved,reggae,TRQCMLS128F933DB3B,Boyz II Men,Could It Be I'm Falling In Love,r&b/soul,0.6356417799374943
raw cosine,2,TRHDTPQ128F147733A,Bob Marley & The Wailers,Could You Be Loved,reggae,TRLXZCU128F4298B33,The Enemy,It's Not OK [Live From London],rock,0.6203436981239911
raw cosine,3,TRHDTPQ128F147733A,Bob Marley & The Wailers,Could You Be Loved,reggae,TRPVTRG128F425AB3E,Lisa Stansfield,I Will Be Waiting,pop,0.5877594595436703
raw cosine,1,TRUVZTN128F424B846,Bob Marley,No Water,reggae,TRQMVYN128F4250E38,Bob Marley,Rebels Hop,reggae,0.9935022053948106
raw cosine,2,TRUVZTN128F424B846,Bob Marley,No Water,reggae,TRXXPYK128F14805B7,Phil Collins,A Groovy Kind Of Love (Live),pop,0.7150501294849967
raw cosine,3,TRUVZTN128F424B846,Bob Marley,No Water,reggae,TRENDJC128F42790D9,Amel Larrieux,Sweet Misery,r&b/soul,0.6979503950069523
raw cosine,1,TRGPDHJ128F14527D5,Bob Marley & The Wailers,One Love / People Get Ready,reggae,TRLINLH128F9346400,Black Eyed Peas,One Tribe,hip hop,0.598910012511148
raw cosine,2,TRGPDHJ128F14527D5,Bob Marley & The Wailers,One Love / People Get Ready,reggae,TRLOZGV128F42A06E6,Tanya Tucker,One Love At A Time,jazz,0.5414275967664436
raw cosine,3,TRGPDHJ128F14527D5,Bob Marley & The Wailers,One Love / People Get Ready,reggae,TRTBJON128F428EC09,Dr. Alban,One Love,pop,0.5001897006171544
raw cosine,1,TRHKHHL128F4251E2A,Bob Marley,Try Me,reggae,TRBYSYI128E07919D8,Trisha Yearwood,Try Me Again,country,0.8066094439377955
raw cosine,2,TRHKHHL128F4251E2A,Bob Marley,Try Me,reggae,TRXTLLG128F930416B,Bizzy Bone,I Need You,hip hop,0.7314952430700974
raw cosine,3,TRHKHHL128F4251E2A,Bob Marley,Try Me,reggae,TRKZRCW128F4233621,Diana Krall,Peel Me A Grape,jazz,0.6925061394834546
raw cosine,1,TRAMTEH128F930D496,Bob Marley & The Wailers,Baby We've Got A Date (Rock It Baby),reggae,TRADWLM128F42678B1,Ringo Starr,Where Did Our Love Go,rock,0.5667986375091559
raw cosine,2,TRAMTEH128F930D496,Bob Marley & The Wailers,Baby We've Got A Date (Rock It Baby),reggae,TRKIRIG128E0791EB7,Floetry,Getting Late,r&b/soul,0.5657115574628778
raw cosine,3,TRAMTEH128F930D496,Bob Marley & The Wailers,Baby We've Got A Date (Rock It Baby),reggae,TRAMJWO128EF343C19,Sarah Connor,French Kissing,r&b/soul,0.5241286365579738
raw cosine,1,TRCGRJV128F1477322,Bob Marley & The Wailers,Johnny Was,reggae,TRFEGGQ128E07898AA,Etta James,W.O.M.A.N.,blues,0.5981221005231611
raw cosine,2,TRCGRJV128F1477322,Bob Marley & The Wailers,Johnny Was,reggae,TRUOWXS128F4232239,Little Anthony & The Imperials,Shimmy_ Shimmy_ Ko-Ko-Bop (Single Version),latin,0.5365117497382341
raw cosine,3,TRCGRJV128F1477322,Bob Marley & The Wailers,Johnny Was,reggae,TRWGVKC128F92EAB51,John Legend,Stereo,r&b/soul,0.5195669820234049
raw cosine,1,TRRVJJF128F9309F02,Bob Marley,Riding High,reggae,TRALDGD128F932DC4B,Belleruche,Northern Girls,jazz,0.6519932272217385
raw cosine,2,TRRVJJF128F9309F02,Bob Marley,Riding High,reggae,TRRYBBN128F42B15B8,Johnny Winter,Prodigal Son,blues,0.6470601251896345
raw cosine,3,TRRVJJF128F9309F02,Bob Marley,Riding High,reggae,TRNPSMI128F14A8E06,Brian McKnight,Holdin' On [Missin' U] (Album Version),r&b/soul,0.6454026287529029
raw cosine,1,TRDXHIR128F930E030,Bob Marley,Soul Shakedown,reggae,TRABNVL128F14A9685,Banaroo,Ringa Ding Ding,electronic,0.6164113028235356
raw cosine,2,TRDXHIR128F930E030,Bob Marley,Soul Shakedown,reggae,TRMQQGH128F9301E4B,Mutya Buena,Not Your Baby,pop,0.5643912701866034
raw cosine,3,TRDXHIR128F930E030,Bob Marley,Soul Shakedown,reggae,TRHFADH128F92E2BE3,Muse,Pink Ego Box,rock,0.5601927958235988
raw cosine,1,TRDTEUX12903CB4AD7,Bob Marley & The Wailers,Trenchtown Rock,reggae,TRKSXRS128F14AA089,Natalie Cole,I'm Catching Hell (Living Here Alone) (Digitally Remastered 02),jazz,0.6683205443231683
raw cosine,2,TRDTEUX12903CB4AD7,Bob Marley & The Wailers,Trenchtown Rock,reggae,TRKOFWG128F42437E1,Mississippi Fred McDowell,Bull Dog Blues,blues,0.6594102908830897
raw cosine,3,TRDTEUX12903CB4AD7,Bob Marley & The Wailers,Trenchtown Rock,reggae,TRTAYPD128F42A4C9C,Murs,You & I,hip hop,0.6436963108871904
raw cosine,1,TRVTZTY128E0781E22,Massive Attack,Eternal Feedback (Sly),reggae,TRSGBEL128F1499690,Scooter,She's The Sun,electronic,0.7032499873591423
raw cosine,2,TRVTZTY128E0781E22,Massive Attack,Eternal Feedback (Sly),reggae,TRJXWSW12903CC98F4,Plan B,Stay Too Long,r&b/soul,0.6988777445436104
raw cosine,3,TRVTZTY128E0781E22,Massive Attack,Eternal Feedback (Sly),reggae,TRWILVQ128F42644B3,Ben Folds Five,Don't Change Your Plans,rock,0.6971662373840478
raw cosine,1,TRORKSH128F9320C21,Bob Marley & The Wailers,Black Progress,reggae,TROFTGV128F1458F77,Public Image Ltd,Bags,punk,0.619534727222212
raw cosine,2,TRORKSH128F9320C21,Bob Marley & The Wailers,Black Progress,reggae,TRXICJK128F1466AA5,Digable Planets,Slowes' Comb/The May 4th Movement starring Doodlebug,reggae,0.5395077534562611
raw cosine,3,TRORKSH128F9320C21,Bob Marley & The Wailers,Black Progress,reggae,TRRZYOC128F423085D,Lightnin' Hopkins,Big Black Cadillac Blues,blues,0.5385160672422936
raw cosine,1,TRGEMSN128E07944A8,Bob Marley & The Wailers,Reggae On Broadway,reggae,TROZVGY128F425A54E,Groove Armada,Groove Is On,electronic,0.6518492981410509
raw cosine,2,TRGEMSN128E07944A8,Bob Marley & The Wailers,Reggae On Broadway,reggae,TRBUJAC128F92DE866,Scandinavian Music Group,Näin minä vihellän matkallani,pop,0.651080807036413
raw cosine,3,TRGEMSN128E07944A8,Bob Marley & The Wailers,Reggae On Broadway,reggae,TRHHLCK128F92E3C65,Judee Sill,There's A Rugged Road,folk,0.6160108581287157
raw cosine,1,TRQMVYN128F4250E38,Bob Marley,Rebels Hop,reggae,TRUVZTN128F424B846,Bob Marley,No Water,reggae,0.9935022053948106
raw cosine,2,TRQMVYN128F4250E38,Bob Marley,Rebels Hop,reggae,TRXXPYK128F14805B7,Phil Collins,A Groovy Kind Of Love (Live),pop,0.7104038806111893
raw cosine,3,TRQMVYN128F4250E38,Bob Marley,Rebels Hop,reggae,TRENDJC128F42790D9,Amel Larrieux,Sweet Misery,r&b/soul,0.6934152566955865
raw cosine,1,TRDJCNG128F9339544,Bob Marley,Stop The Train,reggae,TREHMYJ128F42BA1E6,Björk,Hunter,electronic,0.7053637150042182
raw cosine,2,TRDJCNG128F9339544,Bob Marley,Stop The Train,reggae,TRFMKNB128F92D065C,Little Walter,Key To The Highway,blues,0.6918250411879877
raw cosine,3,TRDJCNG128F9339544,Bob Marley,Stop The Train,reggae,TRZKMDX128F4277845,Lucky Dube,Slave,reggae,0.6886253612165252
raw cosine,1,TRVSWGN12903CB4A44,Bob Marley & The Wailers,This Train,reggae,TRJCGEW12903CDB113,bathory,Psychopath,metal,0.48546523634969974
raw cosine,2,TRVSWGN12903CB4A44,Bob Marley & The Wailers,This Train,reggae,TRXLZMH128F427F6AC,J.J. Cale,Ridin Home,blues,0.4729423261260961
raw cosine,3,TRVSWGN12903CB4A44,Bob Marley & The Wailers,This Train,reggae,TRDJFEZ128F932AAEE,Agonoize,C.O.A.,electronic,0.4724215712163083
raw cosine,1,TRNJPBY128F92F621A,N-Dubz,Defeat You,reggae,TRKLJAG128F42B31CF,Mario Vazquez,Everytime I...,r&b/soul,0.729452448407703
raw cosine,2,TRNJPBY128F92F621A,N-Dubz,Defeat You,reggae,TRLIRTX128EF35F038,Habakuk,Mury,reggae,0.7167654147531861
raw cosine,3,TRNJPBY128F92F621A,N-Dubz,Defeat You,reggae,TRWBWCV12903CF1327,Wild Strawberries,Heroine,folk,0.7140989729480632
raw cosine,1,TRINMBD128F92F6211,N-Dubz,Don't Get Nine,reggae,TRDQOIQ128E078746B,Jane Child,Don't Let It Get To You (Album Version),pop,0.7561976194626711
raw cosine,2,TRINMBD128F92F6211,N-Dubz,Don't Get Nine,reggae,TRFLMQX128F9341492,Edith Piaf,Dont Cry,punk,0.7335861472286953
raw cosine,3,TRINMBD128F92F6211,N-Dubz,Don't Get Nine,reggae,TRPQDHV128E07845CB,Kanye West,Graduation Day,hip hop,0.724341901952453
raw cosine,1,TRRKBRB128EF35E2DA,N-Dubz,Feva Las Vegas,reggae,TREYKNZ128F92F41C1,Swollen Members,Concerto,hip hop,0.6515055361527528
raw cosine,2,TRRKBRB128EF35E2DA,N-Dubz,Feva Las Vegas,reggae,TRSLSWO128E0786285,Redman,Soopaman Luva 3,hip hop,0.6456009807566715
raw cosine,3,TRRKBRB128EF35E2DA,N-Dubz,Feva Las Vegas,reggae,TRFOGZN128F42882B5,OutKast,Claimin' True,hip hop,0.6397067808543373
raw cosine,1,TRYPJXU128F92F621C,N-Dubz,Secrets,reggae,TRZCHKB128F92CB740,Anastacia,Club Megamix,rock,0.8103825781285219
raw cosine,2,TRYPJXU128F92F621C,N-Dubz,Secrets,reggae,TRVVBPB128F4250C72,Classified,Freezin In The Cold,hip hop,0.7988456064628982
raw cosine,3,TRYPJXU128F92F621C,N-Dubz,Secrets,reggae,TRTPMBB128F42934F8,Sage Francis,Keep Moving,hip hop,0.7965843346099727
raw cosine,1,TRGNBCC128F92F6218,N-Dubz,Work Work,reggae,TRYYRLU12903D082FF,Jonny Lang,Breakin Me,blues,0.7639274271923284
raw cosine,2,TRGNBCC128F92F6218,N-Dubz,Work Work,reggae,TROXHLM128F4266510,Blues Traveler,Hook,blues,0.7608740278481594
raw cosine,3,TRGNBCC128F92F6218,N-Dubz,Work Work,reggae,TRNWHUD128F932E304,Michael Jackson,Call On Me,blues,0.7571903437041304
raw cosine,1,TRDNAVT128F428A246,Dropkick Murphys,Good Rats (Live),reggae,TRPZEWS128F92F585E,Billy Currington,That's How Country Boys Roll,country,0.657535505639407
raw cosine,2,TRDNAVT128F428A246,Dropkick Murphys,Good Rats (Live),reggae,TRBJDUF128F92D74D1,The Dubliners,The Molly Maguires,folk,0.6432944513954494
raw cosine,3,TRDNAVT128F428A246,Dropkick Murphys,Good Rats (Live),reggae,TRSPCDB128F1464F66,Fad Gadget,Plain Clothes,electronic,0.6290135716103537
raw cosine,1,TRRHCOS128F4248193,Tito El Bambino,Sol_ Playa Y Arena,reggae,TRRQFHI128F42AC06B,Joan Manuel Serrat,La Aristocracia del Barrio,latin,0.8433432581377369
raw cosine,2,TRRHCOS128F4248193,Tito El Bambino,Sol_ Playa Y Arena,reggae,TRNIELN128F4275E78,Inti Illimani,El Arado,latin,0.8110985297468967
raw cosine,3,TRRHCOS128F4248193,Tito El Bambino,Sol_ Playa Y Arena,reggae,TRMFTFY128F1496B64,Panteón Rococó,La Carencia,reggae,0.8038636516652001
raw cosine,1,TRFGOUF128F9348838,UB40,I Don't Want To See You Cry,reggae,TRFLMQX128F9341492,Edith Piaf,Dont Cry,punk,0.790234069658965
raw cosine,2,TRFGOUF128F9348838,UB40,I Don't Want To See You Cry,reggae,TRFMMQY128F931855B,Magic Affair,Give Me All Your Love,electronic,0.7687326152611303
raw cosine,3,TRFGOUF128F9348838,UB40,I Don't Want To See You Cry,reggae,TRMQQGH128F9301E4B,Mutya Buena,Not Your Baby,pop,0.7672056400262521
raw cosine,1,TRQLICG12903CBFAFD,UB40,Come Back Darling,reggae,TRWUNUL128F145C985,Gerry Rafferty,Waiting For The Day,folk,0.6728692587949101
raw cosine,2,TRQLICG12903CBFAFD,UB40,Come Back Darling,reggae,TRXTLLG128F930416B,Bizzy Bone,I Need You,hip hop,0.6513328013771283
raw cosine,3,TRQLICG12903CBFAFD,UB40,Come Back Darling,reggae,TRHYECQ128F146E6E3,Tift Merritt,Your Love Made A U Turn,rock,0.612880444924604
raw cosine,1,TREKDZI128F146A972,UB40,Here I Am (Come And Take Me),reggae,TRLZRCQ128F425E102,Death In Vegas,Girls,electronic,0.7854551562363201
raw cosine,2,TREKDZI128F146A972,UB40,Here I Am (Come And Take Me),reggae,TRLNCCP128F426504E,Michael Penn,Comfort,rock,0.7626239386627091
raw cosine,3,TREKDZI128F146A972,UB40,Here I Am (Come And Take Me),reggae,TREWIVO128E0782339,Robbie Williams,Come Take Me Over,pop,0.7564987115415288
raw cosine,1,TRJDXEG128E07820DB,UB40,Light My Fire,reggae,TRDXSJQ128F92CEE86,The Replacements,Love You Till Friday,punk,0.5880806944021267
raw cosine,2,TRJDXEG128E07820DB,UB40,Light My Fire,reggae,TRLTYLK128F92FE6FF,Britney Spears,Radar,pop,0.554978867028928
raw cosine,3,TRJDXEG128E07820DB,UB40,Light My Fire,reggae,TRNZNSR128F429F04B,Ray Charles,Don't You Know,r&b/soul,0.551834497937665
raw cosine,1,TRKHYKB128E0789D42,Coldplay,Til Kingdom Come,rock,TRTMJLR128F1463837,Dusty Springfield,Meditation,jazz,0.7784636791500714
raw cosine,2,TRKHYKB128E0789D42,Coldplay,Til Kingdom Come,rock,TRPFDHQ128F42B97F9,Vashti Bunyan,Hidden,folk,0.77258069039817
raw cosine,3,TRKHYKB128E0789D42,Coldplay,Til Kingdom Come,rock,TRABMIY128F426EA8F,Babyface,Seven Seas,r&b/soul,0.754821056135441
raw cosine,1,TRDVELE128F932810A,Bruce Springsteen,Brothers Under The Bridges ('83),rock,TRKVITQ128F4271B31,Johnny Cash,Daddy Sang Bass,country,0.6116343519536278
raw cosine,2,TRDVELE128F932810A,Bruce Springsteen,Brothers Under The Bridges ('83),rock,TRORMHQ128F92CB796,Opera IX,Immortal Chant,metal,0.5962167831877467
raw cosine,3,TRDVELE128F932810A,Bruce Springsteen,Brothers Under The Bridges ('83),rock,TRJSEVX128F14633FD,Chris De Burgh,Last Night,rock,0.5930172769734592
raw cosine,1,TRCONIY128F932A7DA,Bruce Springsteen,The Big Payback,rock,TRDPGXU128F9339C2A,Beastie Boys,B-Boy Bouillabaisse: A.W.O.L. (2009 Digital Remaster),hip hop,0.8014098433669898
raw cosine,2,TRCONIY128F932A7DA,Bruce Springsteen,The Big Payback,rock,TRXYREI128F4261E8F,Big L,Lifestylez Ov Da Poor & Dangerous,hip hop,0.8009351075131131
raw cosine,3,TRCONIY128F932A7DA,Bruce Springsteen,The Big Payback,rock,TROSKLK128F145806A,Us3,It's Like That,jazz,0.7979321421748253
raw cosine,1,TRWULBB128F42670A3,Bruce Springsteen,The Ties That Bind,rock,TRPBTSJ128F42A3168,Harry Belafonte,Angelina,latin,0.7944302817928415
raw cosine,2,TRWULBB128F42670A3,Bruce Springsteen,The Ties That Bind,rock,TRQYUKJ12903C9A1CE,Kevin Devine,It's Only Your Life,folk,0.7804209889691062
raw cosine,3,TRWULBB128F42670A3,Bruce Springsteen,The Ties That Bind,rock,TRCJTUB128F92FFC36,Lynyrd Skynyrd,That Smell,rock,0.7612256605901778
raw cosine,1,TROQFYY128F429DBA0,The Killers,Sam's Town,rock,TRDPGXU128F9339C2A,Beastie Boys,B-Boy Bouillabaisse: A.W.O.L. (2009 Digital Remaster),hip hop,0.8217607082764979
raw cosine,2,TROQFYY128F429DBA0,The Killers,Sam's Town,rock,TRJPNAE128F425FAFB,King Tee,Act A Fool,hip hop,0.8015094165955842
raw cosine,3,TROQFYY128F429DBA0,The Killers,Sam's Town,rock,TREBQOW128F92C4549,Common,Book Of Life,hip hop,0.7984623757492492
raw cosine,1,TRHFADH128F92E2BE3,Muse,Pink Ego Box,rock,TRYYRLU12903D082FF,Jonny Lang,Breakin Me,blues,0.7476291582548186
raw cosine,2,TRHFADH128F92E2BE3,Muse,Pink Ego Box,rock,TRDHLOW128F429BA29,Scars Of Life,Descending,rock,0.7271239409724597
raw cosine,3,TRHFADH128F92E2BE3,Muse,Pink Ego Box,rock,TRRVFNZ12903CD476D,Fats Domino,Blue Monday,blues,0.7173548088939216
raw cosine,1,TROAQBZ128F9326213,OneRepublic,Secrets,rock,TRBWKZD128F428AAEB,A Tribe Called Quest,Hot Sex,hip hop,0.6615110333655913
raw cosine,2,TROAQBZ128F9326213,OneRepublic,Secrets,rock,TRGOLAX128F92F87BF,Wayne Hancock,Johnson City,country,0.6610239550759045
raw cosine,3,TROAQBZ128F9326213,OneRepublic,Secrets,rock,TREBPOO128F4297132,DUNCAN SHEIK,House Full Of Riches (LP Version),folk,0.6587729878647447
raw cosine,1,TRVZCTL128E078F0BE,Bon Jovi,Come Back,rock,TRUCKFR12903CC5B00,Dionne Warwick,This Empty Place,r&b/soul,0.7176919689742273
raw cosine,2,TRVZCTL128E078F0BE,Bon Jovi,Come Back,rock,TRDNBHN128F148C54E,Public Enemy,Hit The Road Jack,hip hop,0.627924595508214
raw cosine,3,TRVZCTL128E078F0BE,Bon Jovi,Come Back,rock,TRMWVDI128F92FFA8A,Gotye,Coming Back,rock,0.6207378400836331
raw cosine,1,TRAERPT128F931103E,The Rolling Stones,Time Is On My Side,rock,TRQKPHI12903CE4D44,Rebelution,Bump,reggae,0.6317245601863423
raw cosine,2,TRAERPT128F931103E,The Rolling Stones,Time Is On My Side,rock,TRTATZQ128F427EDD0,Emiliana Torrini,Sunny Road,folk,0.6220350993992969
raw cosine,3,TRAERPT128F931103E,The Rolling Stones,Time Is On My Side,rock,TRAURYK128F92C490D,Pete Murray,My Time,folk,0.6179537643526559
raw cosine,1,TRQXTQT128E0781DA7,The Rolling Stones,Fight (1994 Digital Remaster),rock,TRUEGMJ128F148D40C,Slick Rick,Let's Get Crazy,hip hop,0.5869260451657785
raw cosine,2,TRQXTQT128E0781DA7,The Rolling Stones,Fight (1994 Digital Remaster),rock,TRBUESY128F92F81F6,Black Eyed Peas,Boom Boom Guetta,hip hop,0.5821427032702406
raw cosine,3,TRQXTQT128E0781DA7,The Rolling Stones,Fight (1994 Digital Remaster),rock,TRLJPRR128F1466819,Us3,Knowledge Of Self,jazz,0.5641824284529502
raw cosine,1,TRAUYZG12903CDA4E9,Bon Jovi,This Ain't A Love Song,rock,TRSTJFQ128F428DA21,Less Than Jake,I Think I Love You,reggae,0.811090689424452
raw cosine,2,TRAUYZG12903CDA4E9,Bon Jovi,This Ain't A Love Song,rock,TRWXSWA128F1456793,Shai,Waiting For The Day,r&b/soul,0.7967035442383458
raw cosine,3,TRAUYZG12903CDA4E9,Bon Jovi,This Ain't A Love Song,rock,TRBWKZD128F428AAEB,A Tribe Called Quest,Hot Sex,hip hop,0.7912724714500076
raw cosine,1,TRGESLP12903CE31C8,Bon Jovi,Superman Tonight,rock,TRPBTSJ128F42A3168,Harry Belafonte,Angelina,latin,0.7536153983852064
raw cosine,2,TRGESLP12903CE31C8,Bon Jovi,Superman Tonight,rock,TRNHSZN128F930FF03,Clawfinger,Revenge,metal,0.7473253085125915
raw cosine,3,TRGESLP12903CE31C8,Bon Jovi,Superman Tonight,rock,TRAXJDA128F92E111E,Tom T. Hall,I Care,country,0.7251740232902367
raw cosine,1,TRPAYRK128E0792986,Guns N' Roses,Bad Obsession,rock,TRYXRXL128F427F13A,Robbie Williams,It's De-Lovely,jazz,0.6938261070099185
raw cosine,2,TRPAYRK128E0792986,Guns N' Roses,Bad Obsession,rock,TRTYLFM12903CD2C97,Eric B. & Rakim,I Know You Got Soul,hip hop,0.6816632591373338
raw cosine,3,TRPAYRK128E0792986,Guns N' Roses,Bad Obsession,rock,TRYAPRE128F425EE39,Tanya Tucker,Complicated,country,0.6806678579502222
raw cosine,1,TRKMXIA128F4299423,Elvis Presley,Anything That's Part Of You,rock,TRGNWZK128F42960A4,Syleena Johnson,All Of Me,r&b/soul,0.7539599172690951
raw cosine,2,TRKMXIA128F4299423,Elvis Presley,Anything That's Part Of You,rock,TRWNUXN128F93095BF,Angela Bofill,I Try,r&b/soul,0.7443406805485832
raw cosine,3,TRKMXIA128F4299423,Elvis Presley,Anything That's Part Of You,rock,TRVFPAQ12903CBB680,Rachael Yamagata,Even So,folk,0.7396256980430455
raw cosine,1,TRTQRHY128F4241AFD,Flyleaf,So I Thought,rock,TRQCXUL128E078A9D6,The Streets,The Irony Of It All (Album Version),electronic,0.6995095732471781
raw cosine,2,TRTQRHY128F4241AFD,Flyleaf,So I Thought,rock,TRTBRQA128F427EE09,Jeffrey Lewis,Gold,folk,0.6827983773603467
raw cosine,3,TRTQRHY128F4241AFD,Flyleaf,So I Thought,rock,TRGLGNR128F1487A6F,Manafest,Runaway,hip hop,0.6821591001210576
raw cosine,1,TRXIEYZ128E078891B,The Smashing Pumpkins,You're All I've Got Tonight,rock,TRTALMG128F42921BC,Faithless,Flowerstand Man,electronic,0.7947222995250784
raw cosine,2,TRXIEYZ128E078891B,The Smashing Pumpkins,You're All I've Got Tonight,rock,TRFLMQX128F9341492,Edith Piaf,Dont Cry,punk,0.7910766026911562
raw cosine,3,TRXIEYZ128E078891B,The Smashing Pumpkins,You're All I've Got Tonight,rock,TROWYLI128F4263DB4,Gabrielle,Don't Need The Sun To Shine (To Make Me Smile),r&b/soul,0.7877065265735056
raw cosine,1,TRTGMIX128EF35E2B9,Snow Patrol,Signal Fire,rock,TRJQCQT128F428E44D,Voxtrot,Kid Gloves,pop,0.7653227497600648
raw cosine,2,TRTGMIX128EF35E2B9,Snow Patrol,Signal Fire,rock,TRDDDBI128F4266C96,Willie Nelson,There You Are,country,0.7006864206843921
raw cosine,3,TRTGMIX128EF35E2B9,Snow Patrol,Signal Fire,rock,TRFQOYT128F428CB18,Cephalic Carnage,Eradicate Authority,metal,0.6970056264866659
raw cosine,1,TRHPKWO128F92E01D5,Snow Patrol,The Lightning Strike,rock,TRFFJLM128F148BCEF,Momus,Closer To You,electronic,0.8061828556434271
raw cosine,2,TRHPKWO128F92E01D5,Snow Patrol,The Lightning Strike,rock,TRTBRQA128F427EE09,Jeffrey Lewis,Gold,folk,0.804429407966123
raw cosine,3,TRHPKWO128F92E01D5,Snow Patrol,The Lightning Strike,rock,TRUYMCX128F428CCD1,OutKast,ATLiens,hip hop,0.7972870340363347
raw cosine,1,TRDMUWU128E078EDDB,Nirvana,Dumb,rock,TRZKMDX128F4277845,Lucky Dube,Slave,reggae,0.854320402942529
raw cosine,2,TRDMUWU128E078EDDB,Nirvana,Dumb,rock,TREHMYJ128F42BA1E6,Björk,Hunter,electronic,0.8202833315542979
raw cosine,3,TRDMUWU128E078EDDB,Nirvana,Dumb,rock,TRUSIQC128F4253677,MNEMIC,Liquid,metal,0.8176680877007546
raw cosine,1,TRXEAZB128E078EDCE,Nirvana,Something In The Way,rock,TRSYKVM128F14922FF,The Mighty Mighty Bosstones,1-2-8,reggae,0.5449923084908624
raw cosine,2,TRXEAZB128E078EDCE,Nirvana,Something In The Way,rock,TROTNTX12903CE452F,Sophie Milman,Something In The Air Between Us,jazz,0.5030027606581198
raw cosine,3,TRXEAZB128E078EDCE,Nirvana,Something In The Way,rock,TRJATQE12903CB4F22,Thomas Dolby,I Live In A Suitcase,electronic,0.502848558997199
raw cosine,1,TRLKNKC128F42BC213,Switchfoot,Oh! Gravity.,rock,TRGRUXY128F9310866,Salif Keita,Tu Vas Me Manquer,reggae,0.5984292252518563
raw cosine,2,TRLKNKC128F42BC213,Switchfoot,Oh! Gravity.,rock,TRCYYII12903CB5FCA,Sanctus Real,Dear Heart,rock,0.5492418123628318
raw cosine,3,TRLKNKC128F42BC213,Switchfoot,Oh! Gravity.,rock,TRCJENI128E0781B04,Blur,This Is A Low,pop,0.5465566391201769
raw cosine,1,TRVQBRZ128F423EEDC,The White Stripes,Hotel Yorba,rock,TRDSUZH128F425BAC3,RODNEY CROWELL,Preachin' To The Choir,country,0.7702018377557985
raw cosine,2,TRVQBRZ128F423EEDC,The White Stripes,Hotel Yorba,rock,TRTVTYS128E0792887,Eminem,Rabbit Run,hip hop,0.7697022889326173
raw cosine,3,TRVQBRZ128F423EEDC,The White Stripes,Hotel Yorba,rock,TRFOGZN128F42882B5,OutKast,Claimin' True,hip hop,0.7676113742511766
raw cosine,1,TRBNXZS12903D0A686,The White Stripes,Prickly Thorn_ But Sweetly Worn (Live),rock,TRWMKRQ128F42A035D,Emilie Simon,Dame De Lotus,electronic,0.696014386308457
raw cosine,2,TRBNXZS12903D0A686,The White Stripes,Prickly Thorn_ But Sweetly Worn (Live),rock,TRTCVIR128F42607B3,Clannad,Newgrange,folk,0.6197551352362225
raw cosine,3,TRBNXZS12903D0A686,The White Stripes,Prickly Thorn_ But Sweetly Worn (Live),rock,TRFWOXD128F9300A13,Desorden Público,Cachos De Vaca,reggae,0.6164114922991636
raw cosine,1,TRGGBKA128F428E461,The White Stripes,St. Andrew (This Battle Is In The Air),rock,TRGZDBB128F4270A4C,Johnny Cash,I Don't Know Where I'm Bound,country,0.7305466957501099
raw cosine,2,TRGGBKA128F428E461,The White Stripes,St. Andrew (This Battle Is In The Air),rock,TRCDUMA128F427D458,Nancy Sinatra,Flowers On The Wall,pop,0.7234409976117012
raw cosine,3,TRGGBKA128F428E461,The White Stripes,St. Andrew (This Battle Is In The Air),rock,TRPEAPG128F4294CC0,K'Naan,Soobax,hip hop,0.7154168297111289
raw cosine,1,TRICQHX128F93269FC,The Decemberists,I Was Meant For the Stage,rock,TREZUTJ128F4250CFF,On Thorns I Lay,Unsung Songs,punk,0.6896120792620495
raw cosine,2,TRICQHX128F93269FC,The Decemberists,I Was Meant For the Stage,rock,TRNVKOI128E0799173,Snoop Dogg,Snoopafella (Edited),hip hop,0.68744313583429
raw cosine,3,TRICQHX128F93269FC,The Decemberists,I Was Meant For the Stage,rock,TRUVRBS128F42A34DD,Stephanie McIntosh,Overcome,pop,0.6718526262720028
raw cosine,1,TRAFWEV128F428D391,Cake,Alpha Beta Parking Lot,rock,TRYPVSX128F427362D,Allure,When The Shades Go Down,r&b/soul,0.5072720027291517
raw cosine,2,TRAFWEV128F428D391,Cake,Alpha Beta Parking Lot,rock,TRDZATL128F4260FFB,Memphis Minnie,Down In The Alley,blues,0.42177577027464075
raw cosine,3,TRAFWEV128F428D391,Cake,Alpha Beta Parking Lot,rock,TROTJIT128F145E017,Status Quo,Going Down Town Tonight,blues,0.41322160742060193
raw cosine,1,TRJRIBM128E0788E18,The Smashing Pumpkins,An Ode To No One,rock,TROXHLM128F4266510,Blues Traveler,Hook,blues,0.8039964189580877
raw cosine,2,TRJRIBM128E0788E18,The Smashing Pumpkins,An Ode To No One,rock,TRZCHKB128F92CB740,Anastacia,Club Megamix,rock,0.7826352889810418
raw cosine,3,TRJRIBM128E0788E18,The Smashing Pumpkins,An Ode To No One,rock,TRGLNKG128F9307689,Eminem,My Darling,hip hop,0.7773461322803495
raw cosine,1,TRIVTJA128F92C1E80,The Fray,Over My Head (Cable Car),rock,TRMRNDW128F4292475,A Tribe Called Quest,Baby Phife's Return,hip hop,0.6872381079484433
raw cosine,2,TRIVTJA128F92C1E80,The Fray,Over My Head (Cable Car),rock,TRLXGCW128F42714E2,Aceyalone,Impact,hip hop,0.6811183880332392
raw cosine,3,TRIVTJA128F92C1E80,The Fray,Over My Head (Cable Car),rock,TRDPGXU128F9339C2A,Beastie Boys,B-Boy Bouillabaisse: A.W.O.L. (2009 Digital Remaster),hip hop,0.6807915148652416
raw cosine,1,TRFLRXQ128F4280CCC,Interpol,No I In Threesome,rock,TRTVXUZ128F1466475,Digable Planets,Time & Space (A New Refutation Of),hip hop,0.6941691458972855
raw cosine,2,TRFLRXQ128F4280CCC,Interpol,No I In Threesome,rock,TRFVYRV128F42BBAA0,Jamiroquai,Virtual Insanity,r&b/soul,0.6360508790162288
raw cosine,3,TRFLRXQ128F4280CCC,Interpol,No I In Threesome,rock,TRUVVFR128F4248609,KRS ONE,I'm On The Mic,reggae,0.6276982836863315
raw cosine,1,TRYBPGK128F4255BE3,Interpol,Pace Is The Trick,rock,TRLQBZP12903CECC4A,Hello Saferide,Get Sick Soon,folk,0.8193274341404784
raw cosine,2,TRYBPGK128F4255BE3,Interpol,Pace Is The Trick,rock,TREIANS128F147AD97,The Puppini Sisters,I Will Survive,jazz,0.8188116606805397
raw cosine,3,TRYBPGK128F4255BE3,Interpol,Pace Is The Trick,rock,TRCTLQY128F92F1539,Next,I Still Love You,r&b/soul,0.817231008371945
raw cosine,1,TRGXNCJ128F425FB1C,Pink Floyd,Embryo,rock,TRMSQFN128F4294259,Jazzamor,a piece of my heart,electronic,0.644044563029919
raw cosine,2,TRGXNCJ128F425FB1C,Pink Floyd,Embryo,rock,TRBGXIH128E0783797,Mos Def,Life Is Real,hip hop,0.5921780421560326
raw cosine,3,TRGXNCJ128F425FB1C,Pink Floyd,Embryo,rock,TRSXWOE12903CA7F6E,Z-RO,Pain,hip hop,0.5784299846612481
raw cosine,1,TRFNRGN128E0791E0E,Buckcherry,Borderline,rock,TRSMHTC128F4282341,Omarion,Slow Dancin',r&b/soul,0.6478263358315635
raw cosine,2,TRFNRGN128E0791E0E,Buckcherry,Borderline,rock,TRPYKXK128F145F107,Blondie,Bang A Gong/Funtime (Live),punk,0.6445612454740545
raw cosine,3,TRFNRGN128E0791E0E,Buckcherry,Borderline,rock,TRBEEEO128F146B9F1,Del Amitri,Driving With The Brakes On,rock,0.6304138813128498
raw cosine,1,TROLTZX128E0791C1A,Nine Inch Nails,March Of The Pigs,rock,TROERMK128F4293EDD,Kosheen,I Want It All,electronic,0.8101077396977312
raw cosine,2,TROLTZX128E0791C1A,Nine Inch Nails,March Of The Pigs,rock,TRREWHC128F42BAA2D,Utada,The Workout,pop,0.721850688965359
raw cosine,3,TROLTZX128E0791C1A,Nine Inch Nails,March Of The Pigs,rock,TRRBOOS128F42726FE,Incognito,Givin' It Up,jazz,0.7214450813240924
raw cosine,1,TRJZZCN128E07938C5,Nine Inch Nails,Burn,rock,TRVLDOB128F4279768,Leonard Cohen,Iodine,folk,0.6934422098783025
raw cosine,2,TRJZZCN128E07938C5,Nine Inch Nails,Burn,rock,TRFBASZ128F42317D3,Dawn of Relic,The Awakening,metal,0.6826999556404979
raw cosine,3,TRJZZCN128E07938C5,Nine Inch Nails,Burn,rock,TRFQTEX128E078E92D,Brian McKnight,The Biggest Part Of Me,r&b/soul,0.6781740625850733
raw cosine,1,TRCZLLQ128E0792778,Nine Inch Nails,Something I Can Never Have,rock,TRMEKRF12903CC80A6,Bouncing Souls_ The,Pervert,electronic,0.7191572913316754
raw cosine,2,TRCZLLQ128E0792778,Nine Inch Nails,Something I Can Never Have,rock,TRTVTYS128E0792887,Eminem,Rabbit Run,hip hop,0.7142202978242902
raw cosine,3,TRCZLLQ128E0792778,Nine Inch Nails,Something I Can Never Have,rock,TRDHLOW128F429BA29,Scars Of Life,Descending,rock,0.7064460518795056
raw cosine,1,TRUIAKW128F428C787,Eagles,It's Your World Now,rock,TRWNNIJ128F429F912,M People,It's Your World,electronic,0.6596681150755037
raw cosine,2,TRUIAKW128F428C787,Eagles,It's Your World Now,rock,TRLXIWQ128F428AB13,Dungeon Family,Trans DF Express,r&b/soul,0.6553116452402609
raw cosine,3,TRUIAKW128F428C787,Eagles,It's Your World Now,rock,TRXTAPD128F145A606,Jeru The Damaja,Physical Stamina,hip hop,0.6538628246021678
raw cosine,1,TRCRHFK128F427FD8F,Bob Dylan,Something There Is About You,rock,TRFFJLM128F148BCEF,Momus,Closer To You,electronic,0.7577498803644956
raw cosine,2,TRCRHFK128F427FD8F,Bob Dylan,Something There Is About You,rock,TREHMUM12903CA8188,Bobby Bare,Numbers,country,0.7458850623957862
raw cosine,3,TRCRHFK128F427FD8F,Bob Dylan,Something There Is About You,rock,TRBWQCV128F1460B80,AZ,Rebirth,hip hop,0.7401553649414182
raw cosine,1,TRMOUUU128F14ADE16,Hawk Nelson,From Underneath,rock,TRNHSZN128F930FF03,Clawfinger,Revenge,metal,0.8082816309693984
raw cosine,2,TRMOUUU128F14ADE16,Hawk Nelson,From Underneath,rock,TRWNUXN128F93095BF,Angela Bofill,I Try,r&b/soul,0.7967210771082904
raw cosine,3,TRMOUUU128F14ADE16,Hawk Nelson,From Underneath,rock,TRVFPAQ12903CBB680,Rachael Yamagata,Even So,folk,0.796042228096731
raw cosine,1,TRCURQD128F427C75B,Hawk Nelson,Turn It On,rock,TRJHAQR12903CA7194,7 Seconds,Still On It,metal,0.628830735698054
raw cosine,2,TRCURQD128F427C75B,Hawk Nelson,Turn It On,rock,TRHSWOG128F4257515,Gregory Isaac,Soon Forward,reggae,0.6196653660624779
raw cosine,3,TRCURQD128F427C75B,Hawk Nelson,Turn It On,rock,TRBVPVV128F425F14F,Daft Punk,Touch It / Technologic,electronic,0.6156384251057921
raw cosine,1,TRRKJGZ128F148128F,Hawk Nelson,Something On My Mind,rock,TRQXNHC12903CD80BA,Violent Femmes,Add It Up,rock,0.7084196530693658
raw cosine,2,TRRKJGZ128F148128F,Hawk Nelson,Something On My Mind,rock,TRISBQQ128F93217A2,2Pac,Strictly 4 My N.I.G.G.A.Z.,hip hop,0.7072370898212105
raw cosine,3,TRRKJGZ128F148128F,Hawk Nelson,Something On My Mind,rock,TRILLIR128F429E5D7,Aesop Rock,Battery,hip hop,0.6977719503390314
